mtllib altyncup.mtl
o wall
usemtl cupPrint
v 0 0.11500000104308128 0.041999999433755875
v 0.0027469315100461245 0.11500000104308128 0.0419100746512413
v 0.005482099950313568 0.11500000104308128 0.04164068400859833
v 0.008193793706595898 0.11500000104308128 0.04119298234581947
v 0.010870399884879589 0.11500000104308128 0.04056888446211815
v 0.013500457629561424 0.11500000104308128 0.03977106511592865
v 0.016072703525424004 0.11500000104308128 0.038802940398454666
v 0.0185761246830225 0.11500000104308128 0.037668656557798386
v 0.020999999716877937 0.11500000104308128 0.036373067647218704
v 0.023333949968218803 0.11500000104308128 0.03492172434926033
v 0.025567980483174324 0.11500000104308128 0.0333208404481411
v 0.02769252471625805 0.11500000104308128 0.03157727047801018
v 0.029698485508561134 0.11500000104308128 0.029698485508561134
v 0.03157727047801018 0.11500000104308128 0.02769252471625805
v 0.0333208404481411 0.11500000104308128 0.025567980483174324
v 0.03492172434926033 0.11500000104308128 0.023333949968218803
v 0.036373067647218704 0.11500000104308128 0.020999999716877937
v 0.037668656557798386 0.11500000104308128 0.0185761246830225
v 0.038802940398454666 0.11500000104308128 0.016072703525424004
v 0.03977106511592865 0.11500000104308128 0.013500457629561424
v 0.04056888446211815 0.11500000104308128 0.010870399884879589
v 0.04119298234581947 0.11500000104308128 0.008193793706595898
v 0.04164068400859833 0.11500000104308128 0.005482099950313568
v 0.0419100746512413 0.11500000104308128 0.0027469315100461245
v 0.041999999433755875 0.11500000104308128 2.571758291167179e-18
v 0.0419100746512413 0.11500000104308128 -0.0027469315100461245
v 0.04164068400859833 0.11500000104308128 -0.005482099950313568
v 0.04119298234581947 0.11500000104308128 -0.008193793706595898
v 0.04056888446211815 0.11500000104308128 -0.010870399884879589
v 0.03977106511592865 0.11500000104308128 -0.013500457629561424
v 0.038802940398454666 0.11500000104308128 -0.016072703525424004
v 0.037668656557798386 0.11500000104308128 -0.0185761246830225
v 0.036373067647218704 0.11500000104308128 -0.020999999716877937
v 0.03492172434926033 0.11500000104308128 -0.023333949968218803
v 0.0333208404481411 0.11500000104308128 -0.025567980483174324
v 0.03157727047801018 0.11500000104308128 -0.02769252471625805
v 0.029698485508561134 0.11500000104308128 -0.029698485508561134
v 0.02769252471625805 0.11500000104308128 -0.03157727047801018
v 0.025567980483174324 0.11500000104308128 -0.0333208404481411
v 0.023333949968218803 0.11500000104308128 -0.03492172434926033
v 0.020999999716877937 0.11500000104308128 -0.036373067647218704
v 0.0185761246830225 0.11500000104308128 -0.037668656557798386
v 0.016072703525424004 0.11500000104308128 -0.038802940398454666
v 0.013500457629561424 0.11500000104308128 -0.03977106511592865
v 0.010870399884879589 0.11500000104308128 -0.04056888446211815
v 0.008193793706595898 0.11500000104308128 -0.04119298234581947
v 0.005482099950313568 0.11500000104308128 -0.04164068400859833
v 0.0027469315100461245 0.11500000104308128 -0.0419100746512413
v 5.143516582334358e-18 0.11500000104308128 -0.041999999433755875
v -0.0027469315100461245 0.11500000104308128 -0.0419100746512413
v -0.005482099950313568 0.11500000104308128 -0.04164068400859833
v -0.008193793706595898 0.11500000104308128 -0.04119298234581947
v -0.010870399884879589 0.11500000104308128 -0.04056888446211815
v -0.013500457629561424 0.11500000104308128 -0.03977106511592865
v -0.016072703525424004 0.11500000104308128 -0.038802940398454666
v -0.0185761246830225 0.11500000104308128 -0.037668656557798386
v -0.020999999716877937 0.11500000104308128 -0.036373067647218704
v -0.023333949968218803 0.11500000104308128 -0.03492172434926033
v -0.025567980483174324 0.11500000104308128 -0.0333208404481411
v -0.02769252471625805 0.11500000104308128 -0.03157727047801018
v -0.029698485508561134 0.11500000104308128 -0.029698485508561134
v -0.03157727047801018 0.11500000104308128 -0.02769252471625805
v -0.0333208404481411 0.11500000104308128 -0.025567980483174324
v -0.03492172434926033 0.11500000104308128 -0.023333949968218803
v -0.036373067647218704 0.11500000104308128 -0.020999999716877937
v -0.037668656557798386 0.11500000104308128 -0.0185761246830225
v -0.038802940398454666 0.11500000104308128 -0.016072703525424004
v -0.03977106511592865 0.11500000104308128 -0.013500457629561424
v -0.04056888446211815 0.11500000104308128 -0.010870399884879589
v -0.04119298234581947 0.11500000104308128 -0.008193793706595898
v -0.04164068400859833 0.11500000104308128 -0.005482099950313568
v -0.0419100746512413 0.11500000104308128 -0.0027469315100461245
v -0.041999999433755875 0.11500000104308128 -7.715274873501537e-18
v -0.0419100746512413 0.11500000104308128 0.0027469315100461245
v -0.04164068400859833 0.11500000104308128 0.005482099950313568
v -0.04119298234581947 0.11500000104308128 0.008193793706595898
v -0.04056888446211815 0.11500000104308128 0.010870399884879589
v -0.03977106511592865 0.11500000104308128 0.013500457629561424
v -0.038802940398454666 0.11500000104308128 0.016072703525424004
v -0.037668656557798386 0.11500000104308128 0.0185761246830225
v -0.036373067647218704 0.11500000104308128 0.020999999716877937
v -0.03492172434926033 0.11500000104308128 0.023333949968218803
v -0.0333208404481411 0.11500000104308128 0.025567980483174324
v -0.03157727047801018 0.11500000104308128 0.02769252471625805
v -0.029698485508561134 0.11500000104308128 0.029698485508561134
v -0.02769252471625805 0.11500000104308128 0.03157727047801018
v -0.025567980483174324 0.11500000104308128 0.0333208404481411
v -0.023333949968218803 0.11500000104308128 0.03492172434926033
v -0.020999999716877937 0.11500000104308128 0.036373067647218704
v -0.0185761246830225 0.11500000104308128 0.037668656557798386
v -0.016072703525424004 0.11500000104308128 0.038802940398454666
v -0.013500457629561424 0.11500000104308128 0.03977106511592865
v -0.010870399884879589 0.11500000104308128 0.04056888446211815
v -0.008193793706595898 0.11500000104308128 0.04119298234581947
v -0.005482099950313568 0.11500000104308128 0.04164068400859833
v -0.0027469315100461245 0.11500000104308128 0.0419100746512413
v -1.0287033164668716e-17 0.11500000104308128 0.041999999433755875
v 0 -1.0430812810713341e-9 0.029999999329447746
v 0.0019620938692241907 -1.0430812810713341e-9 0.029935767874121666
v 0.003915785811841488 -1.0430812810713341e-9 0.029743345454335213
v 0.005852709524333477 -1.0430812810713341e-9 0.029423559084534645
v 0.007764571346342564 -1.0430812810713341e-9 0.02897777408361435
v 0.009643184021115303 -1.0430812810713341e-9 0.028407903388142586
v 0.011480502784252167 -1.0430812810713341e-9 0.027716385200619698
v 0.013268660753965378 -1.0430812810713341e-9 0.02690618298947811
v 0.014999999664723873 -1.0430812810713341e-9 0.025980761274695396
v 0.016667107120156288 -1.0430812810713341e-9 0.024944087490439415
v 0.018262842670083046 -1.0430812810713341e-9 0.023800600320100784
v 0.019780375063419342 -1.0430812810713341e-9 0.022555194795131683
v 0.02121320366859436 -1.0430812810713341e-9 0.02121320366859436
v 0.022555194795131683 -1.0430812810713341e-9 0.019780375063419342
v 0.023800600320100784 -1.0430812810713341e-9 0.018262842670083046
v 0.024944087490439415 -1.0430812810713341e-9 0.016667107120156288
v 0.025980761274695396 -1.0430812810713341e-9 0.014999999664723873
v 0.02690618298947811 -1.0430812810713341e-9 0.013268660753965378
v 0.027716385200619698 -1.0430812810713341e-9 0.011480502784252167
v 0.028407903388142586 -1.0430812810713341e-9 0.009643184021115303
v 0.02897777408361435 -1.0430812810713341e-9 0.007764571346342564
v 0.029423559084534645 -1.0430812810713341e-9 0.005852709524333477
v 0.029743345454335213 -1.0430812810713341e-9 0.003915785811841488
v 0.029935767874121666 -1.0430812810713341e-9 0.0019620938692241907
v 0.029999999329447746 -1.0430812810713341e-9 1.836970237518721e-18
v 0.029935767874121666 -1.0430812810713341e-9 -0.0019620938692241907
v 0.029743345454335213 -1.0430812810713341e-9 -0.003915785811841488
v 0.029423559084534645 -1.0430812810713341e-9 -0.005852709524333477
v 0.02897777408361435 -1.0430812810713341e-9 -0.007764571346342564
v 0.028407903388142586 -1.0430812810713341e-9 -0.009643184021115303
v 0.027716385200619698 -1.0430812810713341e-9 -0.011480502784252167
v 0.02690618298947811 -1.0430812810713341e-9 -0.013268660753965378
v 0.025980761274695396 -1.0430812810713341e-9 -0.014999999664723873
v 0.024944087490439415 -1.0430812810713341e-9 -0.016667107120156288
v 0.023800600320100784 -1.0430812810713341e-9 -0.018262842670083046
v 0.022555194795131683 -1.0430812810713341e-9 -0.019780375063419342
v 0.02121320366859436 -1.0430812810713341e-9 -0.02121320366859436
v 0.019780375063419342 -1.0430812810713341e-9 -0.022555194795131683
v 0.018262842670083046 -1.0430812810713341e-9 -0.023800600320100784
v 0.016667107120156288 -1.0430812810713341e-9 -0.024944087490439415
v 0.014999999664723873 -1.0430812810713341e-9 -0.025980761274695396
v 0.013268660753965378 -1.0430812810713341e-9 -0.02690618298947811
v 0.011480502784252167 -1.0430812810713341e-9 -0.027716385200619698
v 0.009643184021115303 -1.0430812810713341e-9 -0.028407903388142586
v 0.007764571346342564 -1.0430812810713341e-9 -0.02897777408361435
v 0.005852709524333477 -1.0430812810713341e-9 -0.029423559084534645
v 0.003915785811841488 -1.0430812810713341e-9 -0.029743345454335213
v 0.0019620938692241907 -1.0430812810713341e-9 -0.029935767874121666
v 3.673940475037442e-18 -1.0430812810713341e-9 -0.029999999329447746
v -0.0019620938692241907 -1.0430812810713341e-9 -0.029935767874121666
v -0.003915785811841488 -1.0430812810713341e-9 -0.029743345454335213
v -0.005852709524333477 -1.0430812810713341e-9 -0.029423559084534645
v -0.007764571346342564 -1.0430812810713341e-9 -0.02897777408361435
v -0.009643184021115303 -1.0430812810713341e-9 -0.028407903388142586
v -0.011480502784252167 -1.0430812810713341e-9 -0.027716385200619698
v -0.013268660753965378 -1.0430812810713341e-9 -0.02690618298947811
v -0.014999999664723873 -1.0430812810713341e-9 -0.025980761274695396
v -0.016667107120156288 -1.0430812810713341e-9 -0.024944087490439415
v -0.018262842670083046 -1.0430812810713341e-9 -0.023800600320100784
v -0.019780375063419342 -1.0430812810713341e-9 -0.022555194795131683
v -0.02121320366859436 -1.0430812810713341e-9 -0.02121320366859436
v -0.022555194795131683 -1.0430812810713341e-9 -0.019780375063419342
v -0.023800600320100784 -1.0430812810713341e-9 -0.018262842670083046
v -0.024944087490439415 -1.0430812810713341e-9 -0.016667107120156288
v -0.025980761274695396 -1.0430812810713341e-9 -0.014999999664723873
v -0.02690618298947811 -1.0430812810713341e-9 -0.013268660753965378
v -0.027716385200619698 -1.0430812810713341e-9 -0.011480502784252167
v -0.028407903388142586 -1.0430812810713341e-9 -0.009643184021115303
v -0.02897777408361435 -1.0430812810713341e-9 -0.007764571346342564
v -0.029423559084534645 -1.0430812810713341e-9 -0.005852709524333477
v -0.029743345454335213 -1.0430812810713341e-9 -0.003915785811841488
v -0.029935767874121666 -1.0430812810713341e-9 -0.0019620938692241907
v -0.029999999329447746 -1.0430812810713341e-9 -5.51091050576101e-18
v -0.029935767874121666 -1.0430812810713341e-9 0.0019620938692241907
v -0.029743345454335213 -1.0430812810713341e-9 0.003915785811841488
v -0.029423559084534645 -1.0430812810713341e-9 0.005852709524333477
v -0.02897777408361435 -1.0430812810713341e-9 0.007764571346342564
v -0.028407903388142586 -1.0430812810713341e-9 0.009643184021115303
v -0.027716385200619698 -1.0430812810713341e-9 0.011480502784252167
v -0.02690618298947811 -1.0430812810713341e-9 0.013268660753965378
v -0.025980761274695396 -1.0430812810713341e-9 0.014999999664723873
v -0.024944087490439415 -1.0430812810713341e-9 0.016667107120156288
v -0.023800600320100784 -1.0430812810713341e-9 0.018262842670083046
v -0.022555194795131683 -1.0430812810713341e-9 0.019780375063419342
v -0.02121320366859436 -1.0430812810713341e-9 0.02121320366859436
v -0.019780375063419342 -1.0430812810713341e-9 0.022555194795131683
v -0.018262842670083046 -1.0430812810713341e-9 0.023800600320100784
v -0.016667107120156288 -1.0430812810713341e-9 0.024944087490439415
v -0.014999999664723873 -1.0430812810713341e-9 0.025980761274695396
v -0.013268660753965378 -1.0430812810713341e-9 0.02690618298947811
v -0.011480502784252167 -1.0430812810713341e-9 0.027716385200619698
v -0.009643184021115303 -1.0430812810713341e-9 0.028407903388142586
v -0.007764571346342564 -1.0430812810713341e-9 0.02897777408361435
v -0.005852709524333477 -1.0430812810713341e-9 0.029423559084534645
v -0.003915785811841488 -1.0430812810713341e-9 0.029743345454335213
v -0.0019620938692241907 -1.0430812810713341e-9 0.029935767874121666
v -7.347880950074885e-18 -1.0430812810713341e-9 0.029999999329447746
vt 0 1
vt 0.010416666977107525 1
vt 0.02083333395421505 1
vt 0.03125 1
vt 0.0416666679084301 1
vt 0.0520833320915699 1
vt 0.0625 1
vt 0.0729166641831398 1
vt 0.0833333358168602 1
vt 0.09375 1
vt 0.1041666641831398 1
vt 0.1145833358168602 1
vt 0.125 1
vt 0.1354166716337204 1
vt 0.1458333283662796 1
vt 0.15625 1
vt 0.1666666716337204 1
vt 0.1770833283662796 1
vt 0.1875 1
vt 0.1979166716337204 1
vt 0.2083333283662796 1
vt 0.21875 1
vt 0.2291666716337204 1
vt 0.2395833283662796 1
vt 0.25 1
vt 0.2604166567325592 1
vt 0.2708333432674408 1
vt 0.28125 1
vt 0.2916666567325592 1
vt 0.3020833432674408 1
vt 0.3125 1
vt 0.3229166567325592 1
vt 0.3333333432674408 1
vt 0.34375 1
vt 0.3541666567325592 1
vt 0.3645833432674408 1
vt 0.375 1
vt 0.3854166567325592 1
vt 0.3958333432674408 1
vt 0.40625 1
vt 0.4166666567325592 1
vt 0.4270833432674408 1
vt 0.4375 1
vt 0.4479166567325592 1
vt 0.4583333432674408 1
vt 0.46875 1
vt 0.4791666567325592 1
vt 0.4895833432674408 1
vt 0.5 1
vt 0.5104166865348816 1
vt 0.5208333134651184 1
vt 0.53125 1
vt 0.5416666865348816 1
vt 0.5520833134651184 1
vt 0.5625 1
vt 0.5729166865348816 1
vt 0.5833333134651184 1
vt 0.59375 1
vt 0.6041666865348816 1
vt 0.6145833134651184 1
vt 0.625 1
vt 0.6354166865348816 1
vt 0.6458333134651184 1
vt 0.65625 1
vt 0.6666666865348816 1
vt 0.6770833134651184 1
vt 0.6875 1
vt 0.6979166865348816 1
vt 0.7083333134651184 1
vt 0.71875 1
vt 0.7291666865348816 1
vt 0.7395833134651184 1
vt 0.75 1
vt 0.7604166865348816 1
vt 0.7708333134651184 1
vt 0.78125 1
vt 0.7916666865348816 1
vt 0.8020833134651184 1
vt 0.8125 1
vt 0.8229166865348816 1
vt 0.8333333134651184 1
vt 0.84375 1
vt 0.8541666865348816 1
vt 0.8645833134651184 1
vt 0.875 1
vt 0.8854166865348816 1
vt 0.8958333134651184 1
vt 0.90625 1
vt 0.9166666865348816 1
vt 0.9270833134651184 1
vt 0.9375 1
vt 0.9479166865348816 1
vt 0.9583333134651184 1
vt 0.96875 1
vt 0.9791666865348816 1
vt 0.9895833134651184 1
vt 1 1
vt 0 0
vt 0.010416666977107525 0
vt 0.02083333395421505 0
vt 0.03125 0
vt 0.0416666679084301 0
vt 0.0520833320915699 0
vt 0.0625 0
vt 0.0729166641831398 0
vt 0.0833333358168602 0
vt 0.09375 0
vt 0.1041666641831398 0
vt 0.1145833358168602 0
vt 0.125 0
vt 0.1354166716337204 0
vt 0.1458333283662796 0
vt 0.15625 0
vt 0.1666666716337204 0
vt 0.1770833283662796 0
vt 0.1875 0
vt 0.1979166716337204 0
vt 0.2083333283662796 0
vt 0.21875 0
vt 0.2291666716337204 0
vt 0.2395833283662796 0
vt 0.25 0
vt 0.2604166567325592 0
vt 0.2708333432674408 0
vt 0.28125 0
vt 0.2916666567325592 0
vt 0.3020833432674408 0
vt 0.3125 0
vt 0.3229166567325592 0
vt 0.3333333432674408 0
vt 0.34375 0
vt 0.3541666567325592 0
vt 0.3645833432674408 0
vt 0.375 0
vt 0.3854166567325592 0
vt 0.3958333432674408 0
vt 0.40625 0
vt 0.4166666567325592 0
vt 0.4270833432674408 0
vt 0.4375 0
vt 0.4479166567325592 0
vt 0.4583333432674408 0
vt 0.46875 0
vt 0.4791666567325592 0
vt 0.4895833432674408 0
vt 0.5 0
vt 0.5104166865348816 0
vt 0.5208333134651184 0
vt 0.53125 0
vt 0.5416666865348816 0
vt 0.5520833134651184 0
vt 0.5625 0
vt 0.5729166865348816 0
vt 0.5833333134651184 0
vt 0.59375 0
vt 0.6041666865348816 0
vt 0.6145833134651184 0
vt 0.625 0
vt 0.6354166865348816 0
vt 0.6458333134651184 0
vt 0.65625 0
vt 0.6666666865348816 0
vt 0.6770833134651184 0
vt 0.6875 0
vt 0.6979166865348816 0
vt 0.7083333134651184 0
vt 0.71875 0
vt 0.7291666865348816 0
vt 0.7395833134651184 0
vt 0.75 0
vt 0.7604166865348816 0
vt 0.7708333134651184 0
vt 0.78125 0
vt 0.7916666865348816 0
vt 0.8020833134651184 0
vt 0.8125 0
vt 0.8229166865348816 0
vt 0.8333333134651184 0
vt 0.84375 0
vt 0.8541666865348816 0
vt 0.8645833134651184 0
vt 0.875 0
vt 0.8854166865348816 0
vt 0.8958333134651184 0
vt 0.90625 0
vt 0.9166666865348816 0
vt 0.9270833134651184 0
vt 0.9375 0
vt 0.9479166865348816 0
vt 0.9583333134651184 0
vt 0.96875 0
vt 0.9791666865348816 0
vt 0.9895833134651184 0
vt 1 0
vn 0 -0.10378433083723777 0.9945998253934427
vn 0.06504993801720167 -0.10378432884848048 0.9924703112181386
vn 0.1298213286778556 -0.10378432888529501 0.9860908861246741
vn 0.1940368019650056 -0.10378433301118369 0.9754888680577635
vn 0.2574213811300986 -0.10378433293445234 0.9607096568549852
vn 0.3197036302153938 -0.10378432748241757 0.9418165438110128
vn 0.38061687552992135 -0.10378433074199009 0.9188904215162315
vn 0.43990025329918425 -0.10378433114624258 0.8920294724704114
vn 0.49729992186755567 -0.10378433275115105 0.8613487098648963
vn 0.5525700546906556 -0.10378433201039833 0.8269795324482471
vn 0.6054739903424649 -0.10378432935509954 0.7890691097737162
vn 0.6557852227434903 -0.10378433331698435 0.7477797495180114
vn 0.7032882808916582 -0.10378433369691342 0.7032882808916582
vn 0.7477797495180114 -0.10378433331698435 0.6557852227434903
vn 0.7890691097737162 -0.10378432935509954 0.6054739903424649
vn 0.8269795324482471 -0.10378433201039833 0.5525700546906556
vn 0.8613487098648963 -0.10378433275115105 0.49729992186755567
vn 0.8920294724704114 -0.10378433114624258 0.43990025329918425
vn 0.9188904215162315 -0.10378433074199009 0.38061687552992135
vn 0.9418165438110128 -0.10378432748241757 0.3197036302153938
vn 0.9607096568549852 -0.10378433293445234 0.2574213811300986
vn 0.9754888680577635 -0.10378433301118369 0.1940368019650056
vn 0.9860908861246741 -0.10378432888529501 0.1298213286778556
vn 0.9924703112181386 -0.10378432884848048 0.06504993801720167
vn 0.9945998253934427 -0.10378433083723777 6.090167590528764e-17
vn 0.9924703112181386 -0.10378432884848048 -0.06504993801720167
vn 0.9860908861246741 -0.10378432888529501 -0.1298213286778556
vn 0.9754888680577635 -0.10378433301118369 -0.1940368019650056
vn 0.9607096568549852 -0.10378433293445234 -0.2574213811300986
vn 0.9418165438110128 -0.10378432748241757 -0.3197036302153938
vn 0.9188904215162315 -0.10378433074199009 -0.38061687552992135
vn 0.8920294724704114 -0.10378433114624258 -0.43990025329918425
vn 0.8613487098648963 -0.10378433275115105 -0.49729992186755567
vn 0.8269795324482471 -0.10378433201039833 -0.5525700546906556
vn 0.7890691097737162 -0.10378432935509954 -0.6054739903424649
vn 0.7477797495180114 -0.10378433331698435 -0.6557852227434903
vn 0.7032882808916582 -0.10378433369691342 -0.7032882808916582
vn 0.6557852227434903 -0.10378433331698435 -0.7477797495180114
vn 0.6054739903424649 -0.10378432935509954 -0.7890691097737162
vn 0.5525700546906556 -0.10378433201039833 -0.8269795324482471
vn 0.49729992186755567 -0.10378433275115105 -0.8613487098648963
vn 0.43990025329918425 -0.10378433114624258 -0.8920294724704114
vn 0.38061687552992135 -0.10378433074199009 -0.9188904215162315
vn 0.3197036302153938 -0.10378432748241757 -0.9418165438110128
vn 0.2574213811300986 -0.10378433293445234 -0.9607096568549852
vn 0.1940368019650056 -0.10378433301118369 -0.9754888680577635
vn 0.1298213286778556 -0.10378432888529501 -0.9860908861246741
vn 0.06504993801720167 -0.10378432884848048 -0.9924703112181386
vn 1.2180335181057527e-16 -0.10378433083723777 -0.9945998253934427
vn -0.06504993801720167 -0.10378432884848048 -0.9924703112181386
vn -0.1298213286778556 -0.10378432888529501 -0.9860908861246741
vn -0.1940368019650056 -0.10378433301118369 -0.9754888680577635
vn -0.2574213811300986 -0.10378433293445234 -0.9607096568549852
vn -0.3197036302153938 -0.10378432748241757 -0.9418165438110128
vn -0.38061687552992135 -0.10378433074199009 -0.9188904215162315
vn -0.43990025329918425 -0.10378433114624258 -0.8920294724704114
vn -0.49729992186755567 -0.10378433275115105 -0.8613487098648963
vn -0.5525700546906556 -0.10378433201039833 -0.8269795324482471
vn -0.6054739903424649 -0.10378432935509954 -0.7890691097737162
vn -0.6557852227434903 -0.10378433331698435 -0.7477797495180114
vn -0.7032882808916582 -0.10378433369691342 -0.7032882808916582
vn -0.7477797495180114 -0.10378433331698435 -0.6557852227434903
vn -0.7890691097737162 -0.10378432935509954 -0.6054739903424649
vn -0.8269795324482471 -0.10378433201039833 -0.5525700546906556
vn -0.8613487098648963 -0.10378433275115105 -0.49729992186755567
vn -0.8920294724704114 -0.10378433114624258 -0.43990025329918425
vn -0.9188904215162315 -0.10378433074199009 -0.38061687552992135
vn -0.9418165438110128 -0.10378432748241757 -0.3197036302153938
vn -0.9607096568549852 -0.10378433293445234 -0.2574213811300986
vn -0.9754888680577635 -0.10378433301118369 -0.1940368019650056
vn -0.9860908861246741 -0.10378432888529501 -0.1298213286778556
vn -0.9924703112181386 -0.10378432884848048 -0.06504993801720167
vn -0.9945998253934427 -0.10378433083723777 -1.8270502109841796e-16
vn -0.9924703112181386 -0.10378432884848048 0.06504993801720167
vn -0.9860908861246741 -0.10378432888529501 0.1298213286778556
vn -0.9754888680577635 -0.10378433301118369 0.1940368019650056
vn -0.9607096568549852 -0.10378433293445234 0.2574213811300986
vn -0.9418165438110128 -0.10378432748241757 0.3197036302153938
vn -0.9188904215162315 -0.10378433074199009 0.38061687552992135
vn -0.8920294724704114 -0.10378433114624258 0.43990025329918425
vn -0.8613487098648963 -0.10378433275115105 0.49729992186755567
vn -0.8269795324482471 -0.10378433201039833 0.5525700546906556
vn -0.7890691097737162 -0.10378432935509954 0.6054739903424649
vn -0.7477797495180114 -0.10378433331698435 0.6557852227434903
vn -0.7032882808916582 -0.10378433369691342 0.7032882808916582
vn -0.6557852227434903 -0.10378433331698435 0.7477797495180114
vn -0.6054739903424649 -0.10378432935509954 0.7890691097737162
vn -0.5525700546906556 -0.10378433201039833 0.8269795324482471
vn -0.49729992186755567 -0.10378433275115105 0.8613487098648963
vn -0.43990025329918425 -0.10378433114624258 0.8920294724704114
vn -0.38061687552992135 -0.10378433074199009 0.9188904215162315
vn -0.3197036302153938 -0.10378432748241757 0.9418165438110128
vn -0.2574213811300986 -0.10378433293445234 0.9607096568549852
vn -0.1940368019650056 -0.10378433301118369 0.9754888680577635
vn -0.1298213286778556 -0.10378432888529501 0.9860908861246741
vn -0.06504993801720167 -0.10378432884848048 0.9924703112181386
vn -2.4360670362115055e-16 -0.10378433083723777 0.9945998253934427
vn 0 -0.10378433083723777 0.9945998253934427
vn 0.06504993801720167 -0.10378432884848048 0.9924703112181386
vn 0.1298213286778556 -0.10378432888529501 0.9860908861246741
vn 0.1940368019650056 -0.10378433301118369 0.9754888680577635
vn 0.2574213811300986 -0.10378433293445234 0.9607096568549852
vn 0.3197036302153938 -0.10378432748241757 0.9418165438110128
vn 0.38061687552992135 -0.10378433074199009 0.9188904215162315
vn 0.43990025329918425 -0.10378433114624258 0.8920294724704114
vn 0.49729992186755567 -0.10378433275115105 0.8613487098648963
vn 0.5525700546906556 -0.10378433201039833 0.8269795324482471
vn 0.6054739903424649 -0.10378432935509954 0.7890691097737162
vn 0.6557852227434903 -0.10378433331698435 0.7477797495180114
vn 0.7032882808916582 -0.10378433369691342 0.7032882808916582
vn 0.7477797495180114 -0.10378433331698435 0.6557852227434903
vn 0.7890691097737162 -0.10378432935509954 0.6054739903424649
vn 0.8269795324482471 -0.10378433201039833 0.5525700546906556
vn 0.8613487098648963 -0.10378433275115105 0.49729992186755567
vn 0.8920294724704114 -0.10378433114624258 0.43990025329918425
vn 0.9188904215162315 -0.10378433074199009 0.38061687552992135
vn 0.9418165438110128 -0.10378432748241757 0.3197036302153938
vn 0.9607096568549852 -0.10378433293445234 0.2574213811300986
vn 0.9754888680577635 -0.10378433301118369 0.1940368019650056
vn 0.9860908861246741 -0.10378432888529501 0.1298213286778556
vn 0.9924703112181386 -0.10378432884848048 0.06504993801720167
vn 0.9945998253934427 -0.10378433083723777 6.090167590528764e-17
vn 0.9924703112181386 -0.10378432884848048 -0.06504993801720167
vn 0.9860908861246741 -0.10378432888529501 -0.1298213286778556
vn 0.9754888680577635 -0.10378433301118369 -0.1940368019650056
vn 0.9607096568549852 -0.10378433293445234 -0.2574213811300986
vn 0.9418165438110128 -0.10378432748241757 -0.3197036302153938
vn 0.9188904215162315 -0.10378433074199009 -0.38061687552992135
vn 0.8920294724704114 -0.10378433114624258 -0.43990025329918425
vn 0.8613487098648963 -0.10378433275115105 -0.49729992186755567
vn 0.8269795324482471 -0.10378433201039833 -0.5525700546906556
vn 0.7890691097737162 -0.10378432935509954 -0.6054739903424649
vn 0.7477797495180114 -0.10378433331698435 -0.6557852227434903
vn 0.7032882808916582 -0.10378433369691342 -0.7032882808916582
vn 0.6557852227434903 -0.10378433331698435 -0.7477797495180114
vn 0.6054739903424649 -0.10378432935509954 -0.7890691097737162
vn 0.5525700546906556 -0.10378433201039833 -0.8269795324482471
vn 0.49729992186755567 -0.10378433275115105 -0.8613487098648963
vn 0.43990025329918425 -0.10378433114624258 -0.8920294724704114
vn 0.38061687552992135 -0.10378433074199009 -0.9188904215162315
vn 0.3197036302153938 -0.10378432748241757 -0.9418165438110128
vn 0.2574213811300986 -0.10378433293445234 -0.9607096568549852
vn 0.1940368019650056 -0.10378433301118369 -0.9754888680577635
vn 0.1298213286778556 -0.10378432888529501 -0.9860908861246741
vn 0.06504993801720167 -0.10378432884848048 -0.9924703112181386
vn 1.2180335181057527e-16 -0.10378433083723777 -0.9945998253934427
vn -0.06504993801720167 -0.10378432884848048 -0.9924703112181386
vn -0.1298213286778556 -0.10378432888529501 -0.9860908861246741
vn -0.1940368019650056 -0.10378433301118369 -0.9754888680577635
vn -0.2574213811300986 -0.10378433293445234 -0.9607096568549852
vn -0.3197036302153938 -0.10378432748241757 -0.9418165438110128
vn -0.38061687552992135 -0.10378433074199009 -0.9188904215162315
vn -0.43990025329918425 -0.10378433114624258 -0.8920294724704114
vn -0.49729992186755567 -0.10378433275115105 -0.8613487098648963
vn -0.5525700546906556 -0.10378433201039833 -0.8269795324482471
vn -0.6054739903424649 -0.10378432935509954 -0.7890691097737162
vn -0.6557852227434903 -0.10378433331698435 -0.7477797495180114
vn -0.7032882808916582 -0.10378433369691342 -0.7032882808916582
vn -0.7477797495180114 -0.10378433331698435 -0.6557852227434903
vn -0.7890691097737162 -0.10378432935509954 -0.6054739903424649
vn -0.8269795324482471 -0.10378433201039833 -0.5525700546906556
vn -0.8613487098648963 -0.10378433275115105 -0.49729992186755567
vn -0.8920294724704114 -0.10378433114624258 -0.43990025329918425
vn -0.9188904215162315 -0.10378433074199009 -0.38061687552992135
vn -0.9418165438110128 -0.10378432748241757 -0.3197036302153938
vn -0.9607096568549852 -0.10378433293445234 -0.2574213811300986
vn -0.9754888680577635 -0.10378433301118369 -0.1940368019650056
vn -0.9860908861246741 -0.10378432888529501 -0.1298213286778556
vn -0.9924703112181386 -0.10378432884848048 -0.06504993801720167
vn -0.9945998253934427 -0.10378433083723777 -1.8270502109841796e-16
vn -0.9924703112181386 -0.10378432884848048 0.06504993801720167
vn -0.9860908861246741 -0.10378432888529501 0.1298213286778556
vn -0.9754888680577635 -0.10378433301118369 0.1940368019650056
vn -0.9607096568549852 -0.10378433293445234 0.2574213811300986
vn -0.9418165438110128 -0.10378432748241757 0.3197036302153938
vn -0.9188904215162315 -0.10378433074199009 0.38061687552992135
vn -0.8920294724704114 -0.10378433114624258 0.43990025329918425
vn -0.8613487098648963 -0.10378433275115105 0.49729992186755567
vn -0.8269795324482471 -0.10378433201039833 0.5525700546906556
vn -0.7890691097737162 -0.10378432935509954 0.6054739903424649
vn -0.7477797495180114 -0.10378433331698435 0.6557852227434903
vn -0.7032882808916582 -0.10378433369691342 0.7032882808916582
vn -0.6557852227434903 -0.10378433331698435 0.7477797495180114
vn -0.6054739903424649 -0.10378432935509954 0.7890691097737162
vn -0.5525700546906556 -0.10378433201039833 0.8269795324482471
vn -0.49729992186755567 -0.10378433275115105 0.8613487098648963
vn -0.43990025329918425 -0.10378433114624258 0.8920294724704114
vn -0.38061687552992135 -0.10378433074199009 0.9188904215162315
vn -0.3197036302153938 -0.10378432748241757 0.9418165438110128
vn -0.2574213811300986 -0.10378433293445234 0.9607096568549852
vn -0.1940368019650056 -0.10378433301118369 0.9754888680577635
vn -0.1298213286778556 -0.10378432888529501 0.9860908861246741
vn -0.06504993801720167 -0.10378432884848048 0.9924703112181386
vn -2.4360670362115055e-16 -0.10378433083723777 0.9945998253934427
f 1/1/1 98/98/98 2/2/2
f 98/98/98 99/99/99 2/2/2
f 2/2/2 99/99/99 3/3/3
f 99/99/99 100/100/100 3/3/3
f 3/3/3 100/100/100 4/4/4
f 100/100/100 101/101/101 4/4/4
f 4/4/4 101/101/101 5/5/5
f 101/101/101 102/102/102 5/5/5
f 5/5/5 102/102/102 6/6/6
f 102/102/102 103/103/103 6/6/6
f 6/6/6 103/103/103 7/7/7
f 103/103/103 104/104/104 7/7/7
f 7/7/7 104/104/104 8/8/8
f 104/104/104 105/105/105 8/8/8
f 8/8/8 105/105/105 9/9/9
f 105/105/105 106/106/106 9/9/9
f 9/9/9 106/106/106 10/10/10
f 106/106/106 107/107/107 10/10/10
f 10/10/10 107/107/107 11/11/11
f 107/107/107 108/108/108 11/11/11
f 11/11/11 108/108/108 12/12/12
f 108/108/108 109/109/109 12/12/12
f 12/12/12 109/109/109 13/13/13
f 109/109/109 110/110/110 13/13/13
f 13/13/13 110/110/110 14/14/14
f 110/110/110 111/111/111 14/14/14
f 14/14/14 111/111/111 15/15/15
f 111/111/111 112/112/112 15/15/15
f 15/15/15 112/112/112 16/16/16
f 112/112/112 113/113/113 16/16/16
f 16/16/16 113/113/113 17/17/17
f 113/113/113 114/114/114 17/17/17
f 17/17/17 114/114/114 18/18/18
f 114/114/114 115/115/115 18/18/18
f 18/18/18 115/115/115 19/19/19
f 115/115/115 116/116/116 19/19/19
f 19/19/19 116/116/116 20/20/20
f 116/116/116 117/117/117 20/20/20
f 20/20/20 117/117/117 21/21/21
f 117/117/117 118/118/118 21/21/21
f 21/21/21 118/118/118 22/22/22
f 118/118/118 119/119/119 22/22/22
f 22/22/22 119/119/119 23/23/23
f 119/119/119 120/120/120 23/23/23
f 23/23/23 120/120/120 24/24/24
f 120/120/120 121/121/121 24/24/24
f 24/24/24 121/121/121 25/25/25
f 121/121/121 122/122/122 25/25/25
f 25/25/25 122/122/122 26/26/26
f 122/122/122 123/123/123 26/26/26
f 26/26/26 123/123/123 27/27/27
f 123/123/123 124/124/124 27/27/27
f 27/27/27 124/124/124 28/28/28
f 124/124/124 125/125/125 28/28/28
f 28/28/28 125/125/125 29/29/29
f 125/125/125 126/126/126 29/29/29
f 29/29/29 126/126/126 30/30/30
f 126/126/126 127/127/127 30/30/30
f 30/30/30 127/127/127 31/31/31
f 127/127/127 128/128/128 31/31/31
f 31/31/31 128/128/128 32/32/32
f 128/128/128 129/129/129 32/32/32
f 32/32/32 129/129/129 33/33/33
f 129/129/129 130/130/130 33/33/33
f 33/33/33 130/130/130 34/34/34
f 130/130/130 131/131/131 34/34/34
f 34/34/34 131/131/131 35/35/35
f 131/131/131 132/132/132 35/35/35
f 35/35/35 132/132/132 36/36/36
f 132/132/132 133/133/133 36/36/36
f 36/36/36 133/133/133 37/37/37
f 133/133/133 134/134/134 37/37/37
f 37/37/37 134/134/134 38/38/38
f 134/134/134 135/135/135 38/38/38
f 38/38/38 135/135/135 39/39/39
f 135/135/135 136/136/136 39/39/39
f 39/39/39 136/136/136 40/40/40
f 136/136/136 137/137/137 40/40/40
f 40/40/40 137/137/137 41/41/41
f 137/137/137 138/138/138 41/41/41
f 41/41/41 138/138/138 42/42/42
f 138/138/138 139/139/139 42/42/42
f 42/42/42 139/139/139 43/43/43
f 139/139/139 140/140/140 43/43/43
f 43/43/43 140/140/140 44/44/44
f 140/140/140 141/141/141 44/44/44
f 44/44/44 141/141/141 45/45/45
f 141/141/141 142/142/142 45/45/45
f 45/45/45 142/142/142 46/46/46
f 142/142/142 143/143/143 46/46/46
f 46/46/46 143/143/143 47/47/47
f 143/143/143 144/144/144 47/47/47
f 47/47/47 144/144/144 48/48/48
f 144/144/144 145/145/145 48/48/48
f 48/48/48 145/145/145 49/49/49
f 145/145/145 146/146/146 49/49/49
f 49/49/49 146/146/146 50/50/50
f 146/146/146 147/147/147 50/50/50
f 50/50/50 147/147/147 51/51/51
f 147/147/147 148/148/148 51/51/51
f 51/51/51 148/148/148 52/52/52
f 148/148/148 149/149/149 52/52/52
f 52/52/52 149/149/149 53/53/53
f 149/149/149 150/150/150 53/53/53
f 53/53/53 150/150/150 54/54/54
f 150/150/150 151/151/151 54/54/54
f 54/54/54 151/151/151 55/55/55
f 151/151/151 152/152/152 55/55/55
f 55/55/55 152/152/152 56/56/56
f 152/152/152 153/153/153 56/56/56
f 56/56/56 153/153/153 57/57/57
f 153/153/153 154/154/154 57/57/57
f 57/57/57 154/154/154 58/58/58
f 154/154/154 155/155/155 58/58/58
f 58/58/58 155/155/155 59/59/59
f 155/155/155 156/156/156 59/59/59
f 59/59/59 156/156/156 60/60/60
f 156/156/156 157/157/157 60/60/60
f 60/60/60 157/157/157 61/61/61
f 157/157/157 158/158/158 61/61/61
f 61/61/61 158/158/158 62/62/62
f 158/158/158 159/159/159 62/62/62
f 62/62/62 159/159/159 63/63/63
f 159/159/159 160/160/160 63/63/63
f 63/63/63 160/160/160 64/64/64
f 160/160/160 161/161/161 64/64/64
f 64/64/64 161/161/161 65/65/65
f 161/161/161 162/162/162 65/65/65
f 65/65/65 162/162/162 66/66/66
f 162/162/162 163/163/163 66/66/66
f 66/66/66 163/163/163 67/67/67
f 163/163/163 164/164/164 67/67/67
f 67/67/67 164/164/164 68/68/68
f 164/164/164 165/165/165 68/68/68
f 68/68/68 165/165/165 69/69/69
f 165/165/165 166/166/166 69/69/69
f 69/69/69 166/166/166 70/70/70
f 166/166/166 167/167/167 70/70/70
f 70/70/70 167/167/167 71/71/71
f 167/167/167 168/168/168 71/71/71
f 71/71/71 168/168/168 72/72/72
f 168/168/168 169/169/169 72/72/72
f 72/72/72 169/169/169 73/73/73
f 169/169/169 170/170/170 73/73/73
f 73/73/73 170/170/170 74/74/74
f 170/170/170 171/171/171 74/74/74
f 74/74/74 171/171/171 75/75/75
f 171/171/171 172/172/172 75/75/75
f 75/75/75 172/172/172 76/76/76
f 172/172/172 173/173/173 76/76/76
f 76/76/76 173/173/173 77/77/77
f 173/173/173 174/174/174 77/77/77
f 77/77/77 174/174/174 78/78/78
f 174/174/174 175/175/175 78/78/78
f 78/78/78 175/175/175 79/79/79
f 175/175/175 176/176/176 79/79/79
f 79/79/79 176/176/176 80/80/80
f 176/176/176 177/177/177 80/80/80
f 80/80/80 177/177/177 81/81/81
f 177/177/177 178/178/178 81/81/81
f 81/81/81 178/178/178 82/82/82
f 178/178/178 179/179/179 82/82/82
f 82/82/82 179/179/179 83/83/83
f 179/179/179 180/180/180 83/83/83
f 83/83/83 180/180/180 84/84/84
f 180/180/180 181/181/181 84/84/84
f 84/84/84 181/181/181 85/85/85
f 181/181/181 182/182/182 85/85/85
f 85/85/85 182/182/182 86/86/86
f 182/182/182 183/183/183 86/86/86
f 86/86/86 183/183/183 87/87/87
f 183/183/183 184/184/184 87/87/87
f 87/87/87 184/184/184 88/88/88
f 184/184/184 185/185/185 88/88/88
f 88/88/88 185/185/185 89/89/89
f 185/185/185 186/186/186 89/89/89
f 89/89/89 186/186/186 90/90/90
f 186/186/186 187/187/187 90/90/90
f 90/90/90 187/187/187 91/91/91
f 187/187/187 188/188/188 91/91/91
f 91/91/91 188/188/188 92/92/92
f 188/188/188 189/189/189 92/92/92
f 92/92/92 189/189/189 93/93/93
f 189/189/189 190/190/190 93/93/93
f 93/93/93 190/190/190 94/94/94
f 190/190/190 191/191/191 94/94/94
f 94/94/94 191/191/191 95/95/95
f 191/191/191 192/192/192 95/95/95
f 95/95/95 192/192/192 96/96/96
f 192/192/192 193/193/193 96/96/96
f 96/96/96 193/193/193 97/97/97
f 193/193/193 194/194/194 97/97/97
o innerWall
usemtl innerWhite
v 0 0.11300000071525573 0.040800001472234726
v 0.002668447559699416 0.11300000071525573 0.040712643414735794
v 0.005325468722730875 0.11300000071525573 0.04045094922184944
v 0.007959685288369656 0.11300000071525573 0.040016040205955505
v 0.010559816844761372 0.11300000071525573 0.03940977528691292
v 0.013114729896187782 0.11300000071525573 0.03863475099205971
v 0.01561348419636488 0.11300000071525573 0.037694286555051804
v 0.01804537884891033 0.11300000071525573 0.03659240901470184
v 0.020400000736117363 0.11300000071525573 0.03533383831381798
v 0.02266726642847061 0.11300000071525573 0.03392396122217178
v 0.024837465956807137 0.11300000071525573 0.03236881643533707
v 0.026901308447122574 0.11300000071525573 0.030675064772367477
v 0.028849957510828972 0.11300000071525573 0.028849957510828972
v 0.030675064772367477 0.11300000071525573 0.026901308447122574
v 0.03236881643533707 0.11300000071525573 0.024837465956807137
v 0.03392396122217178 0.11300000071525573 0.02266726642847061
v 0.03533383831381798 0.11300000071525573 0.020400000736117363
v 0.03659240901470184 0.11300000071525573 0.01804537884891033
v 0.037694286555051804 0.11300000071525573 0.01561348419636488
v 0.03863475099205971 0.11300000071525573 0.013114729896187782
v 0.03940977528691292 0.11300000071525573 0.010559816844761372
v 0.040016040205955505 0.11300000071525573 0.007959685288369656
v 0.04045094922184944 0.11300000071525573 0.005325468722730875
v 0.040712643414735794 0.11300000071525573 0.002668447559699416
v 0.040800001472234726 0.11300000071525573 2.4982794237637873e-18
v 0.040712643414735794 0.11300000071525573 -0.002668447559699416
v 0.04045094922184944 0.11300000071525573 -0.005325468722730875
v 0.040016040205955505 0.11300000071525573 -0.007959685288369656
v 0.03940977528691292 0.11300000071525573 -0.010559816844761372
v 0.03863475099205971 0.11300000071525573 -0.013114729896187782
v 0.037694286555051804 0.11300000071525573 -0.01561348419636488
v 0.03659240901470184 0.11300000071525573 -0.01804537884891033
v 0.03533383831381798 0.11300000071525573 -0.020400000736117363
v 0.03392396122217178 0.11300000071525573 -0.02266726642847061
v 0.03236881643533707 0.11300000071525573 -0.024837465956807137
v 0.030675064772367477 0.11300000071525573 -0.026901308447122574
v 0.028849957510828972 0.11300000071525573 -0.028849957510828972
v 0.026901308447122574 0.11300000071525573 -0.030675064772367477
v 0.024837465956807137 0.11300000071525573 -0.03236881643533707
v 0.02266726642847061 0.11300000071525573 -0.03392396122217178
v 0.020400000736117363 0.11300000071525573 -0.03533383831381798
v 0.01804537884891033 0.11300000071525573 -0.03659240901470184
v 0.01561348419636488 0.11300000071525573 -0.037694286555051804
v 0.013114729896187782 0.11300000071525573 -0.03863475099205971
v 0.010559816844761372 0.11300000071525573 -0.03940977528691292
v 0.007959685288369656 0.11300000071525573 -0.040016040205955505
v 0.005325468722730875 0.11300000071525573 -0.04045094922184944
v 0.002668447559699416 0.11300000071525573 -0.040712643414735794
v 4.9965588475275745e-18 0.11300000071525573 -0.040800001472234726
v -0.002668447559699416 0.11300000071525573 -0.040712643414735794
v -0.005325468722730875 0.11300000071525573 -0.04045094922184944
v -0.007959685288369656 0.11300000071525573 -0.040016040205955505
v -0.010559816844761372 0.11300000071525573 -0.03940977528691292
v -0.013114729896187782 0.11300000071525573 -0.03863475099205971
v -0.01561348419636488 0.11300000071525573 -0.037694286555051804
v -0.01804537884891033 0.11300000071525573 -0.03659240901470184
v -0.020400000736117363 0.11300000071525573 -0.03533383831381798
v -0.02266726642847061 0.11300000071525573 -0.03392396122217178
v -0.024837465956807137 0.11300000071525573 -0.03236881643533707
v -0.026901308447122574 0.11300000071525573 -0.030675064772367477
v -0.028849957510828972 0.11300000071525573 -0.028849957510828972
v -0.030675064772367477 0.11300000071525573 -0.026901308447122574
v -0.03236881643533707 0.11300000071525573 -0.024837465956807137
v -0.03392396122217178 0.11300000071525573 -0.02266726642847061
v -0.03533383831381798 0.11300000071525573 -0.020400000736117363
v -0.03659240901470184 0.11300000071525573 -0.01804537884891033
v -0.037694286555051804 0.11300000071525573 -0.01561348419636488
v -0.03863475099205971 0.11300000071525573 -0.013114729896187782
v -0.03940977528691292 0.11300000071525573 -0.010559816844761372
v -0.040016040205955505 0.11300000071525573 -0.007959685288369656
v -0.04045094922184944 0.11300000071525573 -0.005325468722730875
v -0.040712643414735794 0.11300000071525573 -0.002668447559699416
v -0.040800001472234726 0.11300000071525573 -7.494838684881668e-18
v -0.040712643414735794 0.11300000071525573 0.002668447559699416
v -0.04045094922184944 0.11300000071525573 0.005325468722730875
v -0.040016040205955505 0.11300000071525573 0.007959685288369656
v -0.03940977528691292 0.11300000071525573 0.010559816844761372
v -0.03863475099205971 0.11300000071525573 0.013114729896187782
v -0.037694286555051804 0.11300000071525573 0.01561348419636488
v -0.03659240901470184 0.11300000071525573 0.01804537884891033
v -0.03533383831381798 0.11300000071525573 0.020400000736117363
v -0.03392396122217178 0.11300000071525573 0.02266726642847061
v -0.03236881643533707 0.11300000071525573 0.024837465956807137
v -0.030675064772367477 0.11300000071525573 0.026901308447122574
v -0.028849957510828972 0.11300000071525573 0.028849957510828972
v -0.026901308447122574 0.11300000071525573 0.030675064772367477
v -0.024837465956807137 0.11300000071525573 0.03236881643533707
v -0.02266726642847061 0.11300000071525573 0.03392396122217178
v -0.020400000736117363 0.11300000071525573 0.03533383831381798
v -0.01804537884891033 0.11300000071525573 0.03659240901470184
v -0.01561348419636488 0.11300000071525573 0.037694286555051804
v -0.013114729896187782 0.11300000071525573 0.03863475099205971
v -0.010559816844761372 0.11300000071525573 0.03940977528691292
v -0.007959685288369656 0.11300000071525573 0.040016040205955505
v -0.005325468722730875 0.11300000071525573 0.04045094922184944
v -0.002668447559699416 0.11300000071525573 0.040712643414735794
v -9.993117695055149e-18 0.11300000071525573 0.040800001472234726
v 0 0.001999999284744265 0.02879999950528145
v 0.001883610151708126 0.001999999284744265 0.028738336637616158
v 0.003759154351428151 0.001999999284744265 0.028553612530231476
v 0.005618601106107235 0.001999999284744265 0.028246616944670677
v 0.007453988306224346 0.001999999284744265 0.02781866304576397
v 0.009257456287741661 0.001999999284744265 0.027271587401628494
v 0.011021282523870468 0.001999999284744265 0.026607731357216835
v 0.012737913988530636 0.001999999284744265 0.02582993544638157
v 0.014399999752640724 0.001999999284744265 0.02494153194129467
v 0.016000423580408096 0.001999999284744265 0.023946324363350868
v 0.017532330006361008 0.001999999284744265 0.022848576307296753
v 0.018989158794283867 0.001999999284744265 0.021652987226843834
v 0.020364675670862198 0.001999999284744265 0.020364675670862198
v 0.021652987226843834 0.001999999284744265 0.018989158794283867
v 0.022848576307296753 0.001999999284744265 0.017532330006361008
v 0.023946324363350868 0.001999999284744265 0.016000423580408096
v 0.02494153194129467 0.001999999284744265 0.014399999752640724
v 0.02582993544638157 0.001999999284744265 0.012737913988530636
v 0.026607731357216835 0.001999999284744265 0.011021282523870468
v 0.027271587401628494 0.001999999284744265 0.009257456287741661
v 0.02781866304576397 0.001999999284744265 0.007453988306224346
v 0.028246616944670677 0.001999999284744265 0.005618601106107235
v 0.028553612530231476 0.001999999284744265 0.003759154351428151
v 0.028738336637616158 0.001999999284744265 0.001883610151708126
v 0.02879999950528145 0.001999999284744265 1.7634913701153294e-18
v 0.028738336637616158 0.001999999284744265 -0.001883610151708126
v 0.028553612530231476 0.001999999284744265 -0.003759154351428151
v 0.028246616944670677 0.001999999284744265 -0.005618601106107235
v 0.02781866304576397 0.001999999284744265 -0.007453988306224346
v 0.027271587401628494 0.001999999284744265 -0.009257456287741661
v 0.026607731357216835 0.001999999284744265 -0.011021282523870468
v 0.02582993544638157 0.001999999284744265 -0.012737913988530636
v 0.02494153194129467 0.001999999284744265 -0.014399999752640724
v 0.023946324363350868 0.001999999284744265 -0.016000423580408096
v 0.022848576307296753 0.001999999284744265 -0.017532330006361008
v 0.021652987226843834 0.001999999284744265 -0.018989158794283867
v 0.020364675670862198 0.001999999284744265 -0.020364675670862198
v 0.018989158794283867 0.001999999284744265 -0.021652987226843834
v 0.017532330006361008 0.001999999284744265 -0.022848576307296753
v 0.016000423580408096 0.001999999284744265 -0.023946324363350868
v 0.014399999752640724 0.001999999284744265 -0.02494153194129467
v 0.012737913988530636 0.001999999284744265 -0.02582993544638157
v 0.011021282523870468 0.001999999284744265 -0.026607731357216835
v 0.009257456287741661 0.001999999284744265 -0.027271587401628494
v 0.007453988306224346 0.001999999284744265 -0.02781866304576397
v 0.005618601106107235 0.001999999284744265 -0.028246616944670677
v 0.003759154351428151 0.001999999284744265 -0.028553612530231476
v 0.001883610151708126 0.001999999284744265 -0.028738336637616158
v 3.526982740230659e-18 0.001999999284744265 -0.02879999950528145
v -0.001883610151708126 0.001999999284744265 -0.028738336637616158
v -0.003759154351428151 0.001999999284744265 -0.028553612530231476
v -0.005618601106107235 0.001999999284744265 -0.028246616944670677
v -0.007453988306224346 0.001999999284744265 -0.02781866304576397
v -0.009257456287741661 0.001999999284744265 -0.027271587401628494
v -0.011021282523870468 0.001999999284744265 -0.026607731357216835
v -0.012737913988530636 0.001999999284744265 -0.02582993544638157
v -0.014399999752640724 0.001999999284744265 -0.02494153194129467
v -0.016000423580408096 0.001999999284744265 -0.023946324363350868
v -0.017532330006361008 0.001999999284744265 -0.022848576307296753
v -0.018989158794283867 0.001999999284744265 -0.021652987226843834
v -0.020364675670862198 0.001999999284744265 -0.020364675670862198
v -0.021652987226843834 0.001999999284744265 -0.018989158794283867
v -0.022848576307296753 0.001999999284744265 -0.017532330006361008
v -0.023946324363350868 0.001999999284744265 -0.016000423580408096
v -0.02494153194129467 0.001999999284744265 -0.014399999752640724
v -0.02582993544638157 0.001999999284744265 -0.012737913988530636
v -0.026607731357216835 0.001999999284744265 -0.011021282523870468
v -0.027271587401628494 0.001999999284744265 -0.009257456287741661
v -0.02781866304576397 0.001999999284744265 -0.007453988306224346
v -0.028246616944670677 0.001999999284744265 -0.005618601106107235
v -0.028553612530231476 0.001999999284744265 -0.003759154351428151
v -0.028738336637616158 0.001999999284744265 -0.001883610151708126
v -0.02879999950528145 0.001999999284744265 -5.2904743171411414e-18
v -0.028738336637616158 0.001999999284744265 0.001883610151708126
v -0.028553612530231476 0.001999999284744265 0.003759154351428151
v -0.028246616944670677 0.001999999284744265 0.005618601106107235
v -0.02781866304576397 0.001999999284744265 0.007453988306224346
v -0.027271587401628494 0.001999999284744265 0.009257456287741661
v -0.026607731357216835 0.001999999284744265 0.011021282523870468
v -0.02582993544638157 0.001999999284744265 0.012737913988530636
v -0.02494153194129467 0.001999999284744265 0.014399999752640724
v -0.023946324363350868 0.001999999284744265 0.016000423580408096
v -0.022848576307296753 0.001999999284744265 0.017532330006361008
v -0.021652987226843834 0.001999999284744265 0.018989158794283867
v -0.020364675670862198 0.001999999284744265 0.020364675670862198
v -0.018989158794283867 0.001999999284744265 0.021652987226843834
v -0.017532330006361008 0.001999999284744265 0.022848576307296753
v -0.016000423580408096 0.001999999284744265 0.023946324363350868
v -0.014399999752640724 0.001999999284744265 0.02494153194129467
v -0.012737913988530636 0.001999999284744265 0.02582993544638157
v -0.011021282523870468 0.001999999284744265 0.026607731357216835
v -0.009257456287741661 0.001999999284744265 0.027271587401628494
v -0.007453988306224346 0.001999999284744265 0.02781866304576397
v -0.005618601106107235 0.001999999284744265 0.028246616944670677
v -0.003759154351428151 0.001999999284744265 0.028553612530231476
v -0.001883610151708126 0.001999999284744265 0.028738336637616158
v -7.053965480461318e-18 0.001999999284744265 0.02879999950528145
vt 0 1
vt 0.010416666977107525 1
vt 0.02083333395421505 1
vt 0.03125 1
vt 0.0416666679084301 1
vt 0.0520833320915699 1
vt 0.0625 1
vt 0.0729166641831398 1
vt 0.0833333358168602 1
vt 0.09375 1
vt 0.1041666641831398 1
vt 0.1145833358168602 1
vt 0.125 1
vt 0.1354166716337204 1
vt 0.1458333283662796 1
vt 0.15625 1
vt 0.1666666716337204 1
vt 0.1770833283662796 1
vt 0.1875 1
vt 0.1979166716337204 1
vt 0.2083333283662796 1
vt 0.21875 1
vt 0.2291666716337204 1
vt 0.2395833283662796 1
vt 0.25 1
vt 0.2604166567325592 1
vt 0.2708333432674408 1
vt 0.28125 1
vt 0.2916666567325592 1
vt 0.3020833432674408 1
vt 0.3125 1
vt 0.3229166567325592 1
vt 0.3333333432674408 1
vt 0.34375 1
vt 0.3541666567325592 1
vt 0.3645833432674408 1
vt 0.375 1
vt 0.3854166567325592 1
vt 0.3958333432674408 1
vt 0.40625 1
vt 0.4166666567325592 1
vt 0.4270833432674408 1
vt 0.4375 1
vt 0.4479166567325592 1
vt 0.4583333432674408 1
vt 0.46875 1
vt 0.4791666567325592 1
vt 0.4895833432674408 1
vt 0.5 1
vt 0.5104166865348816 1
vt 0.5208333134651184 1
vt 0.53125 1
vt 0.5416666865348816 1
vt 0.5520833134651184 1
vt 0.5625 1
vt 0.5729166865348816 1
vt 0.5833333134651184 1
vt 0.59375 1
vt 0.6041666865348816 1
vt 0.6145833134651184 1
vt 0.625 1
vt 0.6354166865348816 1
vt 0.6458333134651184 1
vt 0.65625 1
vt 0.6666666865348816 1
vt 0.6770833134651184 1
vt 0.6875 1
vt 0.6979166865348816 1
vt 0.7083333134651184 1
vt 0.71875 1
vt 0.7291666865348816 1
vt 0.7395833134651184 1
vt 0.75 1
vt 0.7604166865348816 1
vt 0.7708333134651184 1
vt 0.78125 1
vt 0.7916666865348816 1
vt 0.8020833134651184 1
vt 0.8125 1
vt 0.8229166865348816 1
vt 0.8333333134651184 1
vt 0.84375 1
vt 0.8541666865348816 1
vt 0.8645833134651184 1
vt 0.875 1
vt 0.8854166865348816 1
vt 0.8958333134651184 1
vt 0.90625 1
vt 0.9166666865348816 1
vt 0.9270833134651184 1
vt 0.9375 1
vt 0.9479166865348816 1
vt 0.9583333134651184 1
vt 0.96875 1
vt 0.9791666865348816 1
vt 0.9895833134651184 1
vt 1 1
vt 0 0
vt 0.010416666977107525 0
vt 0.02083333395421505 0
vt 0.03125 0
vt 0.0416666679084301 0
vt 0.0520833320915699 0
vt 0.0625 0
vt 0.0729166641831398 0
vt 0.0833333358168602 0
vt 0.09375 0
vt 0.1041666641831398 0
vt 0.1145833358168602 0
vt 0.125 0
vt 0.1354166716337204 0
vt 0.1458333283662796 0
vt 0.15625 0
vt 0.1666666716337204 0
vt 0.1770833283662796 0
vt 0.1875 0
vt 0.1979166716337204 0
vt 0.2083333283662796 0
vt 0.21875 0
vt 0.2291666716337204 0
vt 0.2395833283662796 0
vt 0.25 0
vt 0.2604166567325592 0
vt 0.2708333432674408 0
vt 0.28125 0
vt 0.2916666567325592 0
vt 0.3020833432674408 0
vt 0.3125 0
vt 0.3229166567325592 0
vt 0.3333333432674408 0
vt 0.34375 0
vt 0.3541666567325592 0
vt 0.3645833432674408 0
vt 0.375 0
vt 0.3854166567325592 0
vt 0.3958333432674408 0
vt 0.40625 0
vt 0.4166666567325592 0
vt 0.4270833432674408 0
vt 0.4375 0
vt 0.4479166567325592 0
vt 0.4583333432674408 0
vt 0.46875 0
vt 0.4791666567325592 0
vt 0.4895833432674408 0
vt 0.5 0
vt 0.5104166865348816 0
vt 0.5208333134651184 0
vt 0.53125 0
vt 0.5416666865348816 0
vt 0.5520833134651184 0
vt 0.5625 0
vt 0.5729166865348816 0
vt 0.5833333134651184 0
vt 0.59375 0
vt 0.6041666865348816 0
vt 0.6145833134651184 0
vt 0.625 0
vt 0.6354166865348816 0
vt 0.6458333134651184 0
vt 0.65625 0
vt 0.6666666865348816 0
vt 0.6770833134651184 0
vt 0.6875 0
vt 0.6979166865348816 0
vt 0.7083333134651184 0
vt 0.71875 0
vt 0.7291666865348816 0
vt 0.7395833134651184 0
vt 0.75 0
vt 0.7604166865348816 0
vt 0.7708333134651184 0
vt 0.78125 0
vt 0.7916666865348816 0
vt 0.8020833134651184 0
vt 0.8125 0
vt 0.8229166865348816 0
vt 0.8333333134651184 0
vt 0.84375 0
vt 0.8541666865348816 0
vt 0.8645833134651184 0
vt 0.875 0
vt 0.8854166865348816 0
vt 0.8958333134651184 0
vt 0.90625 0
vt 0.9166666865348816 0
vt 0.9270833134651184 0
vt 0.9375 0
vt 0.9479166865348816 0
vt 0.9583333134651184 0
vt 0.96875 0
vt 0.9791666865348816 0
vt 0.9895833134651184 0
vt 1 0
vn 0 -0.10748184715994831 0.9942070471139728
vn 0.06502424990441144 -0.10748184579558309 0.9920783737934937
vn 0.1297700588830165 -0.10748184759705648 0.9857014681203541
vn 0.19396017882365502 -0.10748184688742264 0.975103636348652
vn 0.25731972252131774 -0.10748184636143415 0.9603302625161249
vn 0.31957738625955734 -0.10748184147552726 0.9414446069443169
vn 0.3804665522412995 -0.10748184519011024 0.9185275475347202
vn 0.439726531533891 -0.10748184473014352 0.8916772008516195
vn 0.4971035044689675 -0.10748184303280892 0.8610085709578866
vn 0.5523518369028663 -0.10748184560141362 0.826652950842216
vn 0.6052349043020947 -0.10748184176170392 0.7887574812995097
vn 0.6555262647962993 -0.1074818421642857 0.747484427775712
vn 0.7030105452654953 -0.10748184261084276 0.7030105452654953
vn 0.747484427775712 -0.1074818421642857 0.6555262647962993
vn 0.7887574812995097 -0.10748184176170392 0.6052349043020947
vn 0.826652950842216 -0.10748184560141362 0.5523518369028663
vn 0.8610085709578866 -0.10748184303280892 0.4971035044689675
vn 0.8916772008516195 -0.10748184473014352 0.439726531533891
vn 0.9185275475347202 -0.10748184519011024 0.3804665522412995
vn 0.9414446069443169 -0.10748184147552726 0.31957738625955734
vn 0.9603302625161249 -0.10748184636143415 0.25731972252131774
vn 0.975103636348652 -0.10748184688742264 0.19396017882365502
vn 0.9857014681203541 -0.10748184759705648 0.1297700588830165
vn 0.9920783737934937 -0.10748184579558309 0.06502424990441144
vn 0.9942070471139728 -0.10748184715994831 6.087762249297417e-17
vn 0.9920783737934937 -0.10748184579558309 -0.06502424990441144
vn 0.9857014681203541 -0.10748184759705648 -0.1297700588830165
vn 0.975103636348652 -0.10748184688742264 -0.19396017882365502
vn 0.9603302625161249 -0.10748184636143415 -0.25731972252131774
vn 0.9414446069443169 -0.10748184147552726 -0.31957738625955734
vn 0.9185275475347202 -0.10748184519011024 -0.3804665522412995
vn 0.8916772008516195 -0.10748184473014352 -0.439726531533891
vn 0.8610085709578866 -0.10748184303280892 -0.4971035044689675
vn 0.826652950842216 -0.10748184560141362 -0.5523518369028663
vn 0.7887574812995097 -0.10748184176170392 -0.6052349043020947
vn 0.747484427775712 -0.1074818421642857 -0.6555262647962993
vn 0.7030105452654953 -0.10748184261084276 -0.7030105452654953
vn 0.6555262647962993 -0.1074818421642857 -0.747484427775712
vn 0.6052349043020947 -0.10748184176170392 -0.7887574812995097
vn 0.5523518369028663 -0.10748184560141362 -0.826652950842216
vn 0.4971035044689675 -0.10748184303280892 -0.8610085709578866
vn 0.439726531533891 -0.10748184473014352 -0.8916772008516195
vn 0.3804665522412995 -0.10748184519011024 -0.9185275475347202
vn 0.31957738625955734 -0.10748184147552726 -0.9414446069443169
vn 0.25731972252131774 -0.10748184636143415 -0.9603302625161249
vn 0.19396017882365502 -0.10748184688742264 -0.975103636348652
vn 0.1297700588830165 -0.10748184759705648 -0.9857014681203541
vn 0.06502424990441144 -0.10748184579558309 -0.9920783737934937
vn 1.2175524498594834e-16 -0.10748184715994831 -0.9942070471139728
vn -0.06502424990441144 -0.10748184579558309 -0.9920783737934937
vn -0.1297700588830165 -0.10748184759705648 -0.9857014681203541
vn -0.19396017882365502 -0.10748184688742264 -0.975103636348652
vn -0.25731972252131774 -0.10748184636143415 -0.9603302625161249
vn -0.31957738625955734 -0.10748184147552726 -0.9414446069443169
vn -0.3804665522412995 -0.10748184519011024 -0.9185275475347202
vn -0.439726531533891 -0.10748184473014352 -0.8916772008516195
vn -0.4971035044689675 -0.10748184303280892 -0.8610085709578866
vn -0.5523518369028663 -0.10748184560141362 -0.826652950842216
vn -0.6052349043020947 -0.10748184176170392 -0.7887574812995097
vn -0.6555262647962993 -0.1074818421642857 -0.747484427775712
vn -0.7030105452654953 -0.10748184261084276 -0.7030105452654953
vn -0.747484427775712 -0.1074818421642857 -0.6555262647962993
vn -0.7887574812995097 -0.10748184176170392 -0.6052349043020947
vn -0.826652950842216 -0.10748184560141362 -0.5523518369028663
vn -0.8610085709578866 -0.10748184303280892 -0.4971035044689675
vn -0.8916772008516195 -0.10748184473014352 -0.439726531533891
vn -0.9185275475347202 -0.10748184519011024 -0.3804665522412995
vn -0.9414446069443169 -0.10748184147552726 -0.31957738625955734
vn -0.9603302625161249 -0.10748184636143415 -0.25731972252131774
vn -0.975103636348652 -0.10748184688742264 -0.19396017882365502
vn -0.9857014681203541 -0.10748184759705648 -0.1297700588830165
vn -0.9920783737934937 -0.10748184579558309 -0.06502424990441144
vn -0.9942070471139728 -0.10748184715994831 -1.826328807138126e-16
vn -0.9920783737934937 -0.10748184579558309 0.06502424990441144
vn -0.9857014681203541 -0.10748184759705648 0.1297700588830165
vn -0.975103636348652 -0.10748184688742264 0.19396017882365502
vn -0.9603302625161249 -0.10748184636143415 0.25731972252131774
vn -0.9414446069443169 -0.10748184147552726 0.31957738625955734
vn -0.9185275475347202 -0.10748184519011024 0.3804665522412995
vn -0.8916772008516195 -0.10748184473014352 0.439726531533891
vn -0.8610085709578866 -0.10748184303280892 0.4971035044689675
vn -0.826652950842216 -0.10748184560141362 0.5523518369028663
vn -0.7887574812995097 -0.10748184176170392 0.6052349043020947
vn -0.747484427775712 -0.1074818421642857 0.6555262647962993
vn -0.7030105452654953 -0.10748184261084276 0.7030105452654953
vn -0.6555262647962993 -0.1074818421642857 0.747484427775712
vn -0.6052349043020947 -0.10748184176170392 0.7887574812995097
vn -0.5523518369028663 -0.10748184560141362 0.826652950842216
vn -0.4971035044689675 -0.10748184303280892 0.8610085709578866
vn -0.439726531533891 -0.10748184473014352 0.8916772008516195
vn -0.3804665522412995 -0.10748184519011024 0.9185275475347202
vn -0.31957738625955734 -0.10748184147552726 0.9414446069443169
vn -0.25731972252131774 -0.10748184636143415 0.9603302625161249
vn -0.19396017882365502 -0.10748184688742264 0.975103636348652
vn -0.1297700588830165 -0.10748184759705648 0.9857014681203541
vn -0.06502424990441144 -0.10748184579558309 0.9920783737934937
vn -2.435104899718967e-16 -0.10748184715994831 0.9942070471139728
vn 0 -0.10748184715994831 0.9942070471139728
vn 0.06502424990441144 -0.10748184579558309 0.9920783737934937
vn 0.1297700588830165 -0.10748184759705648 0.9857014681203541
vn 0.19396017882365502 -0.10748184688742264 0.975103636348652
vn 0.25731972252131774 -0.10748184636143415 0.9603302625161249
vn 0.31957738625955734 -0.10748184147552726 0.9414446069443169
vn 0.3804665522412995 -0.10748184519011024 0.9185275475347202
vn 0.439726531533891 -0.10748184473014352 0.8916772008516195
vn 0.4971035044689675 -0.10748184303280892 0.8610085709578866
vn 0.5523518369028663 -0.10748184560141362 0.826652950842216
vn 0.6052349043020947 -0.10748184176170392 0.7887574812995097
vn 0.6555262647962993 -0.1074818421642857 0.747484427775712
vn 0.7030105452654953 -0.10748184261084276 0.7030105452654953
vn 0.747484427775712 -0.1074818421642857 0.6555262647962993
vn 0.7887574812995097 -0.10748184176170392 0.6052349043020947
vn 0.826652950842216 -0.10748184560141362 0.5523518369028663
vn 0.8610085709578866 -0.10748184303280892 0.4971035044689675
vn 0.8916772008516195 -0.10748184473014352 0.439726531533891
vn 0.9185275475347202 -0.10748184519011024 0.3804665522412995
vn 0.9414446069443169 -0.10748184147552726 0.31957738625955734
vn 0.9603302625161249 -0.10748184636143415 0.25731972252131774
vn 0.975103636348652 -0.10748184688742264 0.19396017882365502
vn 0.9857014681203541 -0.10748184759705648 0.1297700588830165
vn 0.9920783737934937 -0.10748184579558309 0.06502424990441144
vn 0.9942070471139728 -0.10748184715994831 6.087762249297417e-17
vn 0.9920783737934937 -0.10748184579558309 -0.06502424990441144
vn 0.9857014681203541 -0.10748184759705648 -0.1297700588830165
vn 0.975103636348652 -0.10748184688742264 -0.19396017882365502
vn 0.9603302625161249 -0.10748184636143415 -0.25731972252131774
vn 0.9414446069443169 -0.10748184147552726 -0.31957738625955734
vn 0.9185275475347202 -0.10748184519011024 -0.3804665522412995
vn 0.8916772008516195 -0.10748184473014352 -0.439726531533891
vn 0.8610085709578866 -0.10748184303280892 -0.4971035044689675
vn 0.826652950842216 -0.10748184560141362 -0.5523518369028663
vn 0.7887574812995097 -0.10748184176170392 -0.6052349043020947
vn 0.747484427775712 -0.1074818421642857 -0.6555262647962993
vn 0.7030105452654953 -0.10748184261084276 -0.7030105452654953
vn 0.6555262647962993 -0.1074818421642857 -0.747484427775712
vn 0.6052349043020947 -0.10748184176170392 -0.7887574812995097
vn 0.5523518369028663 -0.10748184560141362 -0.826652950842216
vn 0.4971035044689675 -0.10748184303280892 -0.8610085709578866
vn 0.439726531533891 -0.10748184473014352 -0.8916772008516195
vn 0.3804665522412995 -0.10748184519011024 -0.9185275475347202
vn 0.31957738625955734 -0.10748184147552726 -0.9414446069443169
vn 0.25731972252131774 -0.10748184636143415 -0.9603302625161249
vn 0.19396017882365502 -0.10748184688742264 -0.975103636348652
vn 0.1297700588830165 -0.10748184759705648 -0.9857014681203541
vn 0.06502424990441144 -0.10748184579558309 -0.9920783737934937
vn 1.2175524498594834e-16 -0.10748184715994831 -0.9942070471139728
vn -0.06502424990441144 -0.10748184579558309 -0.9920783737934937
vn -0.1297700588830165 -0.10748184759705648 -0.9857014681203541
vn -0.19396017882365502 -0.10748184688742264 -0.975103636348652
vn -0.25731972252131774 -0.10748184636143415 -0.9603302625161249
vn -0.31957738625955734 -0.10748184147552726 -0.9414446069443169
vn -0.3804665522412995 -0.10748184519011024 -0.9185275475347202
vn -0.439726531533891 -0.10748184473014352 -0.8916772008516195
vn -0.4971035044689675 -0.10748184303280892 -0.8610085709578866
vn -0.5523518369028663 -0.10748184560141362 -0.826652950842216
vn -0.6052349043020947 -0.10748184176170392 -0.7887574812995097
vn -0.6555262647962993 -0.1074818421642857 -0.747484427775712
vn -0.7030105452654953 -0.10748184261084276 -0.7030105452654953
vn -0.747484427775712 -0.1074818421642857 -0.6555262647962993
vn -0.7887574812995097 -0.10748184176170392 -0.6052349043020947
vn -0.826652950842216 -0.10748184560141362 -0.5523518369028663
vn -0.8610085709578866 -0.10748184303280892 -0.4971035044689675
vn -0.8916772008516195 -0.10748184473014352 -0.439726531533891
vn -0.9185275475347202 -0.10748184519011024 -0.3804665522412995
vn -0.9414446069443169 -0.10748184147552726 -0.31957738625955734
vn -0.9603302625161249 -0.10748184636143415 -0.25731972252131774
vn -0.975103636348652 -0.10748184688742264 -0.19396017882365502
vn -0.9857014681203541 -0.10748184759705648 -0.1297700588830165
vn -0.9920783737934937 -0.10748184579558309 -0.06502424990441144
vn -0.9942070471139728 -0.10748184715994831 -1.826328807138126e-16
vn -0.9920783737934937 -0.10748184579558309 0.06502424990441144
vn -0.9857014681203541 -0.10748184759705648 0.1297700588830165
vn -0.975103636348652 -0.10748184688742264 0.19396017882365502
vn -0.9603302625161249 -0.10748184636143415 0.25731972252131774
vn -0.9414446069443169 -0.10748184147552726 0.31957738625955734
vn -0.9185275475347202 -0.10748184519011024 0.3804665522412995
vn -0.8916772008516195 -0.10748184473014352 0.439726531533891
vn -0.8610085709578866 -0.10748184303280892 0.4971035044689675
vn -0.826652950842216 -0.10748184560141362 0.5523518369028663
vn -0.7887574812995097 -0.10748184176170392 0.6052349043020947
vn -0.747484427775712 -0.1074818421642857 0.6555262647962993
vn -0.7030105452654953 -0.10748184261084276 0.7030105452654953
vn -0.6555262647962993 -0.1074818421642857 0.747484427775712
vn -0.6052349043020947 -0.10748184176170392 0.7887574812995097
vn -0.5523518369028663 -0.10748184560141362 0.826652950842216
vn -0.4971035044689675 -0.10748184303280892 0.8610085709578866
vn -0.439726531533891 -0.10748184473014352 0.8916772008516195
vn -0.3804665522412995 -0.10748184519011024 0.9185275475347202
vn -0.31957738625955734 -0.10748184147552726 0.9414446069443169
vn -0.25731972252131774 -0.10748184636143415 0.9603302625161249
vn -0.19396017882365502 -0.10748184688742264 0.975103636348652
vn -0.1297700588830165 -0.10748184759705648 0.9857014681203541
vn -0.06502424990441144 -0.10748184579558309 0.9920783737934937
vn -2.435104899718967e-16 -0.10748184715994831 0.9942070471139728
f 195/195/195 292/292/292 196/196/196
f 292/292/292 293/293/293 196/196/196
f 196/196/196 293/293/293 197/197/197
f 293/293/293 294/294/294 197/197/197
f 197/197/197 294/294/294 198/198/198
f 294/294/294 295/295/295 198/198/198
f 198/198/198 295/295/295 199/199/199
f 295/295/295 296/296/296 199/199/199
f 199/199/199 296/296/296 200/200/200
f 296/296/296 297/297/297 200/200/200
f 200/200/200 297/297/297 201/201/201
f 297/297/297 298/298/298 201/201/201
f 201/201/201 298/298/298 202/202/202
f 298/298/298 299/299/299 202/202/202
f 202/202/202 299/299/299 203/203/203
f 299/299/299 300/300/300 203/203/203
f 203/203/203 300/300/300 204/204/204
f 300/300/300 301/301/301 204/204/204
f 204/204/204 301/301/301 205/205/205
f 301/301/301 302/302/302 205/205/205
f 205/205/205 302/302/302 206/206/206
f 302/302/302 303/303/303 206/206/206
f 206/206/206 303/303/303 207/207/207
f 303/303/303 304/304/304 207/207/207
f 207/207/207 304/304/304 208/208/208
f 304/304/304 305/305/305 208/208/208
f 208/208/208 305/305/305 209/209/209
f 305/305/305 306/306/306 209/209/209
f 209/209/209 306/306/306 210/210/210
f 306/306/306 307/307/307 210/210/210
f 210/210/210 307/307/307 211/211/211
f 307/307/307 308/308/308 211/211/211
f 211/211/211 308/308/308 212/212/212
f 308/308/308 309/309/309 212/212/212
f 212/212/212 309/309/309 213/213/213
f 309/309/309 310/310/310 213/213/213
f 213/213/213 310/310/310 214/214/214
f 310/310/310 311/311/311 214/214/214
f 214/214/214 311/311/311 215/215/215
f 311/311/311 312/312/312 215/215/215
f 215/215/215 312/312/312 216/216/216
f 312/312/312 313/313/313 216/216/216
f 216/216/216 313/313/313 217/217/217
f 313/313/313 314/314/314 217/217/217
f 217/217/217 314/314/314 218/218/218
f 314/314/314 315/315/315 218/218/218
f 218/218/218 315/315/315 219/219/219
f 315/315/315 316/316/316 219/219/219
f 219/219/219 316/316/316 220/220/220
f 316/316/316 317/317/317 220/220/220
f 220/220/220 317/317/317 221/221/221
f 317/317/317 318/318/318 221/221/221
f 221/221/221 318/318/318 222/222/222
f 318/318/318 319/319/319 222/222/222
f 222/222/222 319/319/319 223/223/223
f 319/319/319 320/320/320 223/223/223
f 223/223/223 320/320/320 224/224/224
f 320/320/320 321/321/321 224/224/224
f 224/224/224 321/321/321 225/225/225
f 321/321/321 322/322/322 225/225/225
f 225/225/225 322/322/322 226/226/226
f 322/322/322 323/323/323 226/226/226
f 226/226/226 323/323/323 227/227/227
f 323/323/323 324/324/324 227/227/227
f 227/227/227 324/324/324 228/228/228
f 324/324/324 325/325/325 228/228/228
f 228/228/228 325/325/325 229/229/229
f 325/325/325 326/326/326 229/229/229
f 229/229/229 326/326/326 230/230/230
f 326/326/326 327/327/327 230/230/230
f 230/230/230 327/327/327 231/231/231
f 327/327/327 328/328/328 231/231/231
f 231/231/231 328/328/328 232/232/232
f 328/328/328 329/329/329 232/232/232
f 232/232/232 329/329/329 233/233/233
f 329/329/329 330/330/330 233/233/233
f 233/233/233 330/330/330 234/234/234
f 330/330/330 331/331/331 234/234/234
f 234/234/234 331/331/331 235/235/235
f 331/331/331 332/332/332 235/235/235
f 235/235/235 332/332/332 236/236/236
f 332/332/332 333/333/333 236/236/236
f 236/236/236 333/333/333 237/237/237
f 333/333/333 334/334/334 237/237/237
f 237/237/237 334/334/334 238/238/238
f 334/334/334 335/335/335 238/238/238
f 238/238/238 335/335/335 239/239/239
f 335/335/335 336/336/336 239/239/239
f 239/239/239 336/336/336 240/240/240
f 336/336/336 337/337/337 240/240/240
f 240/240/240 337/337/337 241/241/241
f 337/337/337 338/338/338 241/241/241
f 241/241/241 338/338/338 242/242/242
f 338/338/338 339/339/339 242/242/242
f 242/242/242 339/339/339 243/243/243
f 339/339/339 340/340/340 243/243/243
f 243/243/243 340/340/340 244/244/244
f 340/340/340 341/341/341 244/244/244
f 244/244/244 341/341/341 245/245/245
f 341/341/341 342/342/342 245/245/245
f 245/245/245 342/342/342 246/246/246
f 342/342/342 343/343/343 246/246/246
f 246/246/246 343/343/343 247/247/247
f 343/343/343 344/344/344 247/247/247
f 247/247/247 344/344/344 248/248/248
f 344/344/344 345/345/345 248/248/248
f 248/248/248 345/345/345 249/249/249
f 345/345/345 346/346/346 249/249/249
f 249/249/249 346/346/346 250/250/250
f 346/346/346 347/347/347 250/250/250
f 250/250/250 347/347/347 251/251/251
f 347/347/347 348/348/348 251/251/251
f 251/251/251 348/348/348 252/252/252
f 348/348/348 349/349/349 252/252/252
f 252/252/252 349/349/349 253/253/253
f 349/349/349 350/350/350 253/253/253
f 253/253/253 350/350/350 254/254/254
f 350/350/350 351/351/351 254/254/254
f 254/254/254 351/351/351 255/255/255
f 351/351/351 352/352/352 255/255/255
f 255/255/255 352/352/352 256/256/256
f 352/352/352 353/353/353 256/256/256
f 256/256/256 353/353/353 257/257/257
f 353/353/353 354/354/354 257/257/257
f 257/257/257 354/354/354 258/258/258
f 354/354/354 355/355/355 258/258/258
f 258/258/258 355/355/355 259/259/259
f 355/355/355 356/356/356 259/259/259
f 259/259/259 356/356/356 260/260/260
f 356/356/356 357/357/357 260/260/260
f 260/260/260 357/357/357 261/261/261
f 357/357/357 358/358/358 261/261/261
f 261/261/261 358/358/358 262/262/262
f 358/358/358 359/359/359 262/262/262
f 262/262/262 359/359/359 263/263/263
f 359/359/359 360/360/360 263/263/263
f 263/263/263 360/360/360 264/264/264
f 360/360/360 361/361/361 264/264/264
f 264/264/264 361/361/361 265/265/265
f 361/361/361 362/362/362 265/265/265
f 265/265/265 362/362/362 266/266/266
f 362/362/362 363/363/363 266/266/266
f 266/266/266 363/363/363 267/267/267
f 363/363/363 364/364/364 267/267/267
f 267/267/267 364/364/364 268/268/268
f 364/364/364 365/365/365 268/268/268
f 268/268/268 365/365/365 269/269/269
f 365/365/365 366/366/366 269/269/269
f 269/269/269 366/366/366 270/270/270
f 366/366/366 367/367/367 270/270/270
f 270/270/270 367/367/367 271/271/271
f 367/367/367 368/368/368 271/271/271
f 271/271/271 368/368/368 272/272/272
f 368/368/368 369/369/369 272/272/272
f 272/272/272 369/369/369 273/273/273
f 369/369/369 370/370/370 273/273/273
f 273/273/273 370/370/370 274/274/274
f 370/370/370 371/371/371 274/274/274
f 274/274/274 371/371/371 275/275/275
f 371/371/371 372/372/372 275/275/275
f 275/275/275 372/372/372 276/276/276
f 372/372/372 373/373/373 276/276/276
f 276/276/276 373/373/373 277/277/277
f 373/373/373 374/374/374 277/277/277
f 277/277/277 374/374/374 278/278/278
f 374/374/374 375/375/375 278/278/278
f 278/278/278 375/375/375 279/279/279
f 375/375/375 376/376/376 279/279/279
f 279/279/279 376/376/376 280/280/280
f 376/376/376 377/377/377 280/280/280
f 280/280/280 377/377/377 281/281/281
f 377/377/377 378/378/378 281/281/281
f 281/281/281 378/378/378 282/282/282
f 378/378/378 379/379/379 282/282/282
f 282/282/282 379/379/379 283/283/283
f 379/379/379 380/380/380 283/283/283
f 283/283/283 380/380/380 284/284/284
f 380/380/380 381/381/381 284/284/284
f 284/284/284 381/381/381 285/285/285
f 381/381/381 382/382/382 285/285/285
f 285/285/285 382/382/382 286/286/286
f 382/382/382 383/383/383 286/286/286
f 286/286/286 383/383/383 287/287/287
f 383/383/383 384/384/384 287/287/287
f 287/287/287 384/384/384 288/288/288
f 384/384/384 385/385/385 288/288/288
f 288/288/288 385/385/385 289/289/289
f 385/385/385 386/386/386 289/289/289
f 289/289/289 386/386/386 290/290/290
f 386/386/386 387/387/387 290/290/290
f 290/290/290 387/387/387 291/291/291
f 387/387/387 388/388/388 291/291/291
o rim
usemtl paperWhite
v 0.0430000014603138 0.115 0
v 0.04290793463587761 0.115 0.002812334569171071
v 0.04263212904334068 0.115 0.005612626206129789
v 0.04217376559972763 0.115 0.00838888343423605
v 0.04153481125831604 0.115 0.011129219084978104
v 0.040717996656894684 0.115 0.013821897096931934
v 0.03972681984305382 0.115 0.016455387696623802
v 0.03856552764773369 0.115 0.01901841349899769
v 0.03723909333348274 0.115 0.0215000007301569
v 0.035753194242715836 0.115 0.02388951927423477
v 0.03411419317126274 0.115 0.02617674134671688
v 0.03232911229133606 0.115 0.02835186943411827
v 0.030405592173337936 0.115 0.030405592173337936
v 0.02835186943411827 0.115 0.03232911229133606
v 0.02617674134671688 0.115 0.03411419317126274
v 0.02388951927423477 0.115 0.035753194242715836
v 0.0215000007301569 0.115 0.03723909333348274
v 0.01901841349899769 0.115 0.03856552764773369
v 0.016455387696623802 0.115 0.03972681984305382
v 0.013821897096931934 0.115 0.040717996656894684
v 0.011129219084978104 0.115 0.04153481125831604
v 0.00838888343423605 0.115 0.04217376559972763
v 0.005612626206129789 0.115 0.04263212904334068
v 0.002812334569171071 0.115 0.04290793463587761
v 2.63299054280657e-18 0.115 0.0430000014603138
v -0.002812334569171071 0.115 0.04290793463587761
v -0.005612626206129789 0.115 0.04263212904334068
v -0.00838888343423605 0.115 0.04217376559972763
v -0.011129219084978104 0.115 0.04153481125831604
v -0.013821897096931934 0.115 0.040717996656894684
v -0.016455387696623802 0.115 0.03972681984305382
v -0.01901841349899769 0.115 0.03856552764773369
v -0.0215000007301569 0.115 0.03723909333348274
v -0.02388951927423477 0.115 0.035753194242715836
v -0.02617674134671688 0.115 0.03411419317126274
v -0.02835186943411827 0.115 0.03232911229133606
v -0.030405592173337936 0.115 0.030405592173337936
v -0.03232911229133606 0.115 0.02835186943411827
v -0.03411419317126274 0.115 0.02617674134671688
v -0.035753194242715836 0.115 0.02388951927423477
v -0.03723909333348274 0.115 0.0215000007301569
v -0.03856552764773369 0.115 0.01901841349899769
v -0.03972681984305382 0.115 0.016455387696623802
v -0.040717996656894684 0.115 0.013821897096931934
v -0.04153481125831604 0.115 0.011129219084978104
v -0.04217376559972763 0.115 0.00838888343423605
v -0.04263212904334068 0.115 0.005612626206129789
v -0.04290793463587761 0.115 0.002812334569171071
v -0.0430000014603138 0.115 5.26598108561314e-18
v -0.04290793463587761 0.115 -0.002812334569171071
v -0.04263212904334068 0.115 -0.005612626206129789
v -0.04217376559972763 0.115 -0.00838888343423605
v -0.04153481125831604 0.115 -0.011129219084978104
v -0.040717996656894684 0.115 -0.013821897096931934
v -0.03972681984305382 0.115 -0.016455387696623802
v -0.03856552764773369 0.115 -0.01901841349899769
v -0.03723909333348274 0.115 -0.0215000007301569
v -0.035753194242715836 0.115 -0.02388951927423477
v -0.03411419317126274 0.115 -0.02617674134671688
v -0.03232911229133606 0.115 -0.02835186943411827
v -0.030405592173337936 0.115 -0.030405592173337936
v -0.02835186943411827 0.115 -0.03232911229133606
v -0.02617674134671688 0.115 -0.03411419317126274
v -0.02388951927423477 0.115 -0.035753194242715836
v -0.0215000007301569 0.115 -0.03723909333348274
v -0.01901841349899769 0.115 -0.03856552764773369
v -0.016455387696623802 0.115 -0.03972681984305382
v -0.013821897096931934 0.115 -0.040717996656894684
v -0.011129219084978104 0.115 -0.04153481125831604
v -0.00838888343423605 0.115 -0.04217376559972763
v -0.005612626206129789 0.115 -0.04263212904334068
v -0.002812334569171071 0.115 -0.04290793463587761
v -7.898971835214863e-18 0.115 -0.0430000014603138
v 0.002812334569171071 0.115 -0.04290793463587761
v 0.005612626206129789 0.115 -0.04263212904334068
v 0.00838888343423605 0.115 -0.04217376559972763
v 0.011129219084978104 0.115 -0.04153481125831604
v 0.013821897096931934 0.115 -0.040717996656894684
v 0.016455387696623802 0.115 -0.03972681984305382
v 0.01901841349899769 0.115 -0.03856552764773369
v 0.0215000007301569 0.115 -0.03723909333348274
v 0.02388951927423477 0.115 -0.035753194242715836
v 0.02617674134671688 0.115 -0.03411419317126274
v 0.02835186943411827 0.115 -0.03232911229133606
v 0.030405592173337936 0.115 -0.030405592173337936
v 0.03232911229133606 0.115 -0.02835186943411827
v 0.03411419317126274 0.115 -0.02617674134671688
v 0.035753194242715836 0.115 -0.02388951927423477
v 0.03723909333348274 0.115 -0.0215000007301569
v 0.03856552764773369 0.115 -0.01901841349899769
v 0.03972681984305382 0.115 -0.016455387696623802
v 0.040717996656894684 0.115 -0.013821897096931934
v 0.04153481125831604 0.115 -0.011129219084978104
v 0.04217376559972763 0.115 -0.00838888343423605
v 0.04263212904334068 0.115 -0.005612626206129789
v 0.04290793463587761 0.115 -0.002812334569171071
v 0.0430000014603138 0.115 -1.053196217122628e-17
v 0.04287820681929588 0.11438770651351661 3.749216159677058e-20
v 0.04278640076518059 0.11438770651351661 0.002804368967190385
v 0.04251137748360634 0.11438770651351661 0.0055967289954423904
v 0.04205431416630745 0.11438770651351661 0.00836512353271246
v 0.04141716659069061 0.11438770651351661 0.011097696609795094
v 0.0406026653945446 0.11438770651351661 0.013782748021185398
v 0.039614297449588776 0.11438770651351661 0.016408778727054596
v 0.03845629468560219 0.11438770651351661 0.01896454580128193
v 0.03713361546397209 0.11438770651351661 0.02143910340964794
v 0.03565192595124245 0.11438770651351661 0.02382185496389866
v 0.034017570316791534 0.11438770651351661 0.026102598756551743
v 0.032237544655799866 0.11438770651351661 0.028271567076444626
v 0.030319470912218094 0.11438770651351661 0.030319470912218094
v 0.028271567076444626 0.11438770651351661 0.032237544655799866
v 0.026102598756551743 0.11438770651351661 0.034017570316791534
v 0.02382185496389866 0.11438770651351661 0.03565192595124245
v 0.02143910340964794 0.11438770651351661 0.03713361546397209
v 0.01896454580128193 0.11438770651351661 0.03845629468560219
v 0.016408778727054596 0.11438770651351661 0.039614297449588776
v 0.013782748021185398 0.11438770651351661 0.0406026653945446
v 0.011097696609795094 0.11438770651351661 0.04141716659069061
v 0.00836512353271246 0.11438770651351661 0.04205431416630745
v 0.0055967289954423904 0.11438770651351661 0.04251137748360634
v 0.002804368967190385 0.11438770651351661 0.04278640076518059
v 2.625532889198945e-18 0.11438770651351661 0.04287820681929588
v -0.002804368967190385 0.11438770651351661 0.04278640076518059
v -0.0055967289954423904 0.11438770651351661 0.04251137748360634
v -0.00836512353271246 0.11438770651351661 0.04205431416630745
v -0.011097696609795094 0.11438770651351661 0.04141716659069061
v -0.013782748021185398 0.11438770651351661 0.0406026653945446
v -0.016408778727054596 0.11438770651351661 0.039614297449588776
v -0.01896454580128193 0.11438770651351661 0.03845629468560219
v -0.02143910340964794 0.11438770651351661 0.03713361546397209
v -0.02382185496389866 0.11438770651351661 0.03565192595124245
v -0.026102598756551743 0.11438770651351661 0.034017570316791534
v -0.028271567076444626 0.11438770651351661 0.032237544655799866
v -0.030319470912218094 0.11438770651351661 0.030319470912218094
v -0.032237544655799866 0.11438770651351661 0.028271567076444626
v -0.034017570316791534 0.11438770651351661 0.026102598756551743
v -0.03565192595124245 0.11438770651351661 0.02382185496389866
v -0.03713361546397209 0.11438770651351661 0.02143910340964794
v -0.03845629468560219 0.11438770651351661 0.01896454580128193
v -0.039614297449588776 0.11438770651351661 0.016408778727054596
v -0.0406026653945446 0.11438770651351661 0.013782748021185398
v -0.04141716659069061 0.11438770651351661 0.011097696609795094
v -0.04205431416630745 0.11438770651351661 0.00836512353271246
v -0.04251137748360634 0.11438770651351661 0.0055967289954423904
v -0.04278640076518059 0.11438770651351661 0.002804368967190385
v -0.04287820681929588 0.11438770651351661 5.288557739661856e-18
v -0.04278640076518059 0.11438770651351661 -0.002804368967190385
v -0.04251137748360634 0.11438770651351661 -0.0055967289954423904
v -0.04205431416630745 0.11438770651351661 -0.00836512353271246
v -0.04141716659069061 0.11438770651351661 -0.011097696609795094
v -0.0406026653945446 0.11438770651351661 -0.013782748021185398
v -0.039614297449588776 0.11438770651351661 -0.016408778727054596
v -0.03845629468560219 0.11438770651351661 -0.01896454580128193
v -0.03713361546397209 0.11438770651351661 -0.02143910340964794
v -0.03565192595124245 0.11438770651351661 -0.02382185496389866
v -0.034017570316791534 0.11438770651351661 -0.026102598756551743
v -0.032237544655799866 0.11438770651351661 -0.028271567076444626
v -0.030319470912218094 0.11438770651351661 -0.030319470912218094
v -0.028271567076444626 0.11438770651351661 -0.032237544655799866
v -0.026102598756551743 0.11438770651351661 -0.034017570316791534
v -0.02382185496389866 0.11438770651351661 -0.03565192595124245
v -0.02143910340964794 0.11438770651351661 -0.03713361546397209
v -0.01896454580128193 0.11438770651351661 -0.03845629468560219
v -0.016408778727054596 0.11438770651351661 -0.039614297449588776
v -0.013782748021185398 0.11438770651351661 -0.0406026653945446
v -0.011097696609795094 0.11438770651351661 -0.04141716659069061
v -0.00836512353271246 0.11438770651351661 -0.04205431416630745
v -0.0055967289954423904 0.11438770651351661 -0.04251137748360634
v -0.002804368967190385 0.11438770651351661 -0.04278640076518059
v -7.876599081187141e-18 0.11438770651351661 -0.04287820681929588
v 0.002804368967190385 0.11438770651351661 -0.04278640076518059
v 0.0055967289954423904 0.11438770651351661 -0.04251137748360634
v 0.00836512353271246 0.11438770651351661 -0.04205431416630745
v 0.011097696609795094 0.11438770651351661 -0.04141716659069061
v 0.013782748021185398 0.11438770651351661 -0.0406026653945446
v 0.016408778727054596 0.11438770651351661 -0.039614297449588776
v 0.01896454580128193 0.11438770651351661 -0.03845629468560219
v 0.02143910340964794 0.11438770651351661 -0.03713361546397209
v 0.02382185496389866 0.11438770651351661 -0.03565192595124245
v 0.026102598756551743 0.11438770651351661 -0.034017570316791534
v 0.028271567076444626 0.11438770651351661 -0.032237544655799866
v 0.030319470912218094 0.11438770651351661 -0.030319470912218094
v 0.032237544655799866 0.11438770651351661 -0.028271567076444626
v 0.034017570316791534 0.11438770651351661 -0.026102598756551743
v 0.03565192595124245 0.11438770651351661 -0.02382185496389866
v 0.03713361546397209 0.11438770651351661 -0.02143910340964794
v 0.03845629468560219 0.11438770651351661 -0.01896454580128193
v 0.039614297449588776 0.11438770651351661 -0.016408778727054596
v 0.0406026653945446 0.11438770651351661 -0.013782748021185398
v 0.04141716659069061 0.11438770651351661 -0.011097696609795094
v 0.04205431416630745 0.11438770651351661 -0.00836512353271246
v 0.04251137748360634 0.11438770651351661 -0.0055967289954423904
v 0.04278640076518059 0.11438770651351661 -0.002804368967190385
v 0.04287820681929588 0.11438770651351661 -1.0464639595531814e-17
v 0.042531371116638184 0.11386862910352648 6.927648616124117e-20
v 0.04244030639529228 0.11386862910352648 0.0027816847432404757
v 0.04216751083731651 0.11386862910352648 0.005551457870751619
v 0.0417141430079937 0.11386862910352648 0.008297459222376347
v 0.04108215123414993 0.11386862910352648 0.011007929220795631
v 0.0402742363512516 0.11386862910352648 0.013671261258423328
v 0.039293862879276276 0.11386862910352648 0.016276050359010696
v 0.03814522549510002 0.11386862910352648 0.018811143934726715
v 0.036833249032497406 0.11386862910352648 0.021265685558319092
v 0.03536354377865791 0.11386862910352648 0.023629164323210716
v 0.033742405474185944 0.11386862910352648 0.025891458615660667
v 0.03197677806019783 0.11386862910352648 0.028042880818247795
v 0.030074220150709152 0.11386862910352648 0.030074220150709152
v 0.028042880818247795 0.11386862910352648 0.03197677806019783
v 0.025891458615660667 0.11386862910352648 0.033742405474185944
v 0.023629164323210716 0.11386862910352648 0.03536354377865791
v 0.021265685558319092 0.11386862910352648 0.036833249032497406
v 0.018811143934726715 0.11386862910352648 0.03814522549510002
v 0.016276050359010696 0.11386862910352648 0.039293862879276276
v 0.013671261258423328 0.11386862910352648 0.0402742363512516
v 0.011007929220795631 0.11386862910352648 0.04108215123414993
v 0.008297459222376347 0.11386862910352648 0.0417141430079937
v 0.005551457870751619 0.11386862910352648 0.04216751083731651
v 0.0027816847432404757 0.11386862910352648 0.04244030639529228
v 2.6042954405619523e-18 0.11386862910352648 0.042531371116638184
v -0.0027816847432404757 0.11386862910352648 0.04244030639529228
v -0.005551457870751619 0.11386862910352648 0.04216751083731651
v -0.008297459222376347 0.11386862910352648 0.0417141430079937
v -0.011007929220795631 0.11386862910352648 0.04108215123414993
v -0.013671261258423328 0.11386862910352648 0.0402742363512516
v -0.016276050359010696 0.11386862910352648 0.039293862879276276
v -0.018811143934726715 0.11386862910352648 0.03814522549510002
v -0.021265685558319092 0.11386862910352648 0.036833249032497406
v -0.023629164323210716 0.11386862910352648 0.03536354377865791
v -0.025891458615660667 0.11386862910352648 0.033742405474185944
v -0.028042880818247795 0.11386862910352648 0.03197677806019783
v -0.030074220150709152 0.11386862910352648 0.030074220150709152
v -0.03197677806019783 0.11386862910352648 0.028042880818247795
v -0.033742405474185944 0.11386862910352648 0.025891458615660667
v -0.03536354377865791 0.11386862910352648 0.023629164323210716
v -0.036833249032497406 0.11386862910352648 0.021265685558319092
v -0.03814522549510002 0.11386862910352648 0.018811143934726715
v -0.039293862879276276 0.11386862910352648 0.016276050359010696
v -0.0402742363512516 0.11386862910352648 0.013671261258423328
v -0.04108215123414993 0.11386862910352648 0.011007929220795631
v -0.0417141430079937 0.11386862910352648 0.008297459222376347
v -0.04216751083731651 0.11386862910352648 0.005551457870751619
v -0.04244030639529228 0.11386862910352648 0.0027816847432404757
v -0.042531371116638184 0.11386862910352648 5.277867257425221e-18
v -0.04244030639529228 0.11386862910352648 -0.0027816847432404757
v -0.04216751083731651 0.11386862910352648 -0.005551457870751619
v -0.0417141430079937 0.11386862910352648 -0.008297459222376347
v -0.04108215123414993 0.11386862910352648 -0.011007929220795631
v -0.0402742363512516 0.11386862910352648 -0.013671261258423328
v -0.039293862879276276 0.11386862910352648 -0.016276050359010696
v -0.03814522549510002 0.11386862910352648 -0.018811143934726715
v -0.036833249032497406 0.11386862910352648 -0.021265685558319092
v -0.03536354377865791 0.11386862910352648 -0.023629164323210716
v -0.033742405474185944 0.11386862910352648 -0.025891458615660667
v -0.03197677806019783 0.11386862910352648 -0.028042880818247795
v -0.030074220150709152 0.11386862910352648 -0.030074220150709152
v -0.028042880818247795 0.11386862910352648 -0.03197677806019783
v -0.025891458615660667 0.11386862910352648 -0.033742405474185944
v -0.023629164323210716 0.11386862910352648 -0.03536354377865791
v -0.021265685558319092 0.11386862910352648 -0.036833249032497406
v -0.018811143934726715 0.11386862910352648 -0.03814522549510002
v -0.016276050359010696 0.11386862910352648 -0.039293862879276276
v -0.013671261258423328 0.11386862910352648 -0.0402742363512516
v -0.011007929220795631 0.11386862910352648 -0.04108215123414993
v -0.008297459222376347 0.11386862910352648 -0.0417141430079937
v -0.005551457870751619 0.11386862910352648 -0.04216751083731651
v -0.0027816847432404757 0.11386862910352648 -0.04244030639529228
v -7.812886321685857e-18 0.11386862910352648 -0.042531371116638184
v 0.0027816847432404757 0.11386862910352648 -0.04244030639529228
v 0.005551457870751619 0.11386862910352648 -0.04216751083731651
v 0.008297459222376347 0.11386862910352648 -0.0417141430079937
v 0.011007929220795631 0.11386862910352648 -0.04108215123414993
v 0.013671261258423328 0.11386862910352648 -0.0402742363512516
v 0.016276050359010696 0.11386862910352648 -0.039293862879276276
v 0.018811143934726715 0.11386862910352648 -0.03814522549510002
v 0.021265685558319092 0.11386862910352648 -0.036833249032497406
v 0.023629164323210716 0.11386862910352648 -0.03536354377865791
v 0.025891458615660667 0.11386862910352648 -0.033742405474185944
v 0.028042880818247795 0.11386862910352648 -0.03197677806019783
v 0.030074220150709152 0.11386862910352648 -0.030074220150709152
v 0.03197677806019783 0.11386862910352648 -0.028042880818247795
v 0.033742405474185944 0.11386862910352648 -0.025891458615660667
v 0.03536354377865791 0.11386862910352648 -0.023629164323210716
v 0.036833249032497406 0.11386862910352648 -0.021265685558319092
v 0.03814522549510002 0.11386862910352648 -0.018811143934726715
v 0.039293862879276276 0.11386862910352648 -0.016276050359010696
v 0.0402742363512516 0.11386862910352648 -0.013671261258423328
v 0.04108215123414993 0.11386862910352648 -0.011007929220795631
v 0.0417141430079937 0.11386862910352648 -0.008297459222376347
v 0.04216751083731651 0.11386862910352648 -0.005551457870751619
v 0.04244030639529228 0.11386862910352648 -0.0027816847432404757
v 0.042531371116638184 0.11386862910352648 -1.0347905385946493e-17
v 0.0420122928917408 0.11352179270237685 9.051408989459874e-20
v 0.04192234203219414 0.11352179270237685 0.0027477354742586613
v 0.041652873158454895 0.11352179270237685 0.005483704619109631
v 0.041205037385225296 0.11352179270237685 0.008196191862225533
v 0.040580760687589645 0.11352179270237685 0.010873581282794476
v 0.03978270664811134 0.11352179270237685 0.013504409231245518
v 0.038814298808574677 0.11352179270237685 0.01607740856707096
v 0.037679679691791534 0.11352179270237685 0.018581561744213104
v 0.03638371452689171 0.11352179270237685 0.0210061464458704
v 0.03493194654583931 0.11352179270237685 0.023340780287981033
v 0.03333059325814247 0.11352179270237685 0.025575464591383934
v 0.03158651292324066 0.11352179270237685 0.027700629085302353
v 0.029707178473472595 0.11352179270237685 0.029707178473472595
v 0.027700629085302353 0.11352179270237685 0.03158651292324066
v 0.025575464591383934 0.11352179270237685 0.03333059325814247
v 0.023340780287981033 0.11352179270237685 0.03493194654583931
v 0.0210061464458704 0.11352179270237685 0.03638371452689171
v 0.018581561744213104 0.11352179270237685 0.037679679691791534
v 0.01607740856707096 0.11352179270237685 0.038814298808574677
v 0.013504409231245518 0.11352179270237685 0.03978270664811134
v 0.010873581282794476 0.11352179270237685 0.040580760687589645
v 0.008196191862225533 0.11352179270237685 0.041205037385225296
v 0.005483704619109631 0.11352179270237685 0.041652873158454895
v 0.0027477354742586613 0.11352179270237685 0.04192234203219414
v 2.5725110255246022e-18 0.11352179270237685 0.0420122928917408
v -0.0027477354742586613 0.11352179270237685 0.04192234203219414
v -0.005483704619109631 0.11352179270237685 0.041652873158454895
v -0.008196191862225533 0.11352179270237685 0.041205037385225296
v -0.010873581282794476 0.11352179270237685 0.040580760687589645
v -0.013504409231245518 0.11352179270237685 0.03978270664811134
v -0.01607740856707096 0.11352179270237685 0.038814298808574677
v -0.018581561744213104 0.11352179270237685 0.037679679691791534
v -0.0210061464458704 0.11352179270237685 0.03638371452689171
v -0.023340780287981033 0.11352179270237685 0.03493194654583931
v -0.025575464591383934 0.11352179270237685 0.03333059325814247
v -0.027700629085302353 0.11352179270237685 0.03158651292324066
v -0.029707178473472595 0.11352179270237685 0.029707178473472595
v -0.03158651292324066 0.11352179270237685 0.027700629085302353
v -0.03333059325814247 0.11352179270237685 0.025575464591383934
v -0.03493194654583931 0.11352179270237685 0.023340780287981033
v -0.03638371452689171 0.11352179270237685 0.0210061464458704
v -0.037679679691791534 0.11352179270237685 0.018581561744213104
v -0.038814298808574677 0.11352179270237685 0.01607740856707096
v -0.03978270664811134 0.11352179270237685 0.013504409231245518
v -0.040580760687589645 0.11352179270237685 0.010873581282794476
v -0.041205037385225296 0.11352179270237685 0.008196191862225533
v -0.041652873158454895 0.11352179270237685 0.005483704619109631
v -0.04192234203219414 0.11352179270237685 0.0027477354742586613
v -0.0420122928917408 0.11352179270237685 5.2355362895778195e-18
v -0.04192234203219414 0.11352179270237685 -0.0027477354742586613
v -0.041652873158454895 0.11352179270237685 -0.005483704619109631
v -0.041205037385225296 0.11352179270237685 -0.008196191862225533
v -0.040580760687589645 0.11352179270237685 -0.010873581282794476
v -0.03978270664811134 0.11352179270237685 -0.013504409231245518
v -0.038814298808574677 0.11352179270237685 -0.01607740856707096
v -0.037679679691791534 0.11352179270237685 -0.018581561744213104
v -0.03638371452689171 0.11352179270237685 -0.0210061464458704
v -0.03493194654583931 0.11352179270237685 -0.023340780287981033
v -0.03333059325814247 0.11352179270237685 -0.025575464591383934
v -0.03158651292324066 0.11352179270237685 -0.027700629085302353
v -0.029707178473472595 0.11352179270237685 -0.029707178473472595
v -0.027700629085302353 0.11352179270237685 -0.03158651292324066
v -0.025575464591383934 0.11352179270237685 -0.03333059325814247
v -0.023340780287981033 0.11352179270237685 -0.03493194654583931
v -0.0210061464458704 0.11352179270237685 -0.03638371452689171
v -0.018581561744213104 0.11352179270237685 -0.037679679691791534
v -0.01607740856707096 0.11352179270237685 -0.038814298808574677
v -0.013504409231245518 0.11352179270237685 -0.03978270664811134
v -0.010873581282794476 0.11352179270237685 -0.040580760687589645
v -0.008196191862225533 0.11352179270237685 -0.041205037385225296
v -0.005483704619109631 0.11352179270237685 -0.041652873158454895
v -0.0027477354742586613 0.11352179270237685 -0.04192234203219414
v -7.717533076573807e-18 0.11352179270237685 -0.0420122928917408
v 0.0027477354742586613 0.11352179270237685 -0.04192234203219414
v 0.005483704619109631 0.11352179270237685 -0.041652873158454895
v 0.008196191862225533 0.11352179270237685 -0.041205037385225296
v 0.010873581282794476 0.11352179270237685 -0.040580760687589645
v 0.013504409231245518 0.11352179270237685 -0.03978270664811134
v 0.01607740856707096 0.11352179270237685 -0.038814298808574677
v 0.018581561744213104 0.11352179270237685 -0.037679679691791534
v 0.0210061464458704 0.11352179270237685 -0.03638371452689171
v 0.023340780287981033 0.11352179270237685 -0.03493194654583931
v 0.025575464591383934 0.11352179270237685 -0.03333059325814247
v 0.027700629085302353 0.11352179270237685 -0.03158651292324066
v 0.029707178473472595 0.11352179270237685 -0.029707178473472595
v 0.03158651292324066 0.11352179270237685 -0.027700629085302353
v 0.03333059325814247 0.11352179270237685 -0.025575464591383934
v 0.03493194654583931 0.11352179270237685 -0.023340780287981033
v 0.03638371452689171 0.11352179270237685 -0.0210061464458704
v 0.037679679691791534 0.11352179270237685 -0.018581561744213104
v 0.038814298808574677 0.11352179270237685 -0.01607740856707096
v 0.03978270664811134 0.11352179270237685 -0.013504409231245518
v 0.040580760687589645 0.11352179270237685 -0.010873581282794476
v 0.041205037385225296 0.11352179270237685 -0.008196191862225533
v 0.041652873158454895 0.11352179270237685 -0.005483704619109631
v 0.04192234203219414 0.11352179270237685 -0.0027477354742586613
v 0.0420122928917408 0.11352179270237685 -1.0199529863569794e-17
v 0.0414000004529953 0.1134000000404194 9.79717435022237e-20
v 0.0413113608956337 0.1134000000404194 0.0027076895348727703
v 0.041045818477869034 0.1134000000404194 0.005403784569352865
v 0.04060450941324234 0.1134000000404194 0.008076739497482777
v 0.03998932987451553 0.1134000000404194 0.01071510836482048
v 0.03920290619134903 0.1134000000404194 0.013307593762874603
v 0.038248613476753235 0.1134000000404194 0.015843093395233154
v 0.037130530923604965 0.1134000000404194 0.018310751765966415
v 0.03585345298051834 0.1134000000404194 0.02070000022649765
v 0.03442284092307091 0.1134000000404194 0.023000607267022133
v 0.03284482657909393 0.1134000000404194 0.02520272321999073
v 0.031126167625188828 0.1134000000404194 0.027296917513012886
v 0.029274221509695053 0.1134000000404194 0.029274221509695053
v 0.027296917513012886 0.1134000000404194 0.031126167625188828
v 0.02520272321999073 0.1134000000404194 0.03284482657909393
v 0.023000607267022133 0.1134000000404194 0.03442284092307091
v 0.02070000022649765 0.1134000000404194 0.03585345298051834
v 0.018310751765966415 0.1134000000404194 0.037130530923604965
v 0.015843093395233154 0.1134000000404194 0.038248613476753235
v 0.013307593762874603 0.1134000000404194 0.03920290619134903
v 0.01071510836482048 0.1134000000404194 0.03998932987451553
v 0.008076739497482777 0.1134000000404194 0.04060450941324234
v 0.005403784569352865 0.1134000000404194 0.041045818477869034
v 0.0027076895348727703 0.1134000000404194 0.0413113608956337
v 2.535018857465483e-18 0.1134000000404194 0.0414000004529953
v -0.0027076895348727703 0.1134000000404194 0.0413113608956337
v -0.005403784569352865 0.1134000000404194 0.041045818477869034
v -0.008076739497482777 0.1134000000404194 0.04060450941324234
v -0.01071510836482048 0.1134000000404194 0.03998932987451553
v -0.013307593762874603 0.1134000000404194 0.03920290619134903
v -0.015843093395233154 0.1134000000404194 0.038248613476753235
v -0.018310751765966415 0.1134000000404194 0.037130530923604965
v -0.02070000022649765 0.1134000000404194 0.03585345298051834
v -0.023000607267022133 0.1134000000404194 0.03442284092307091
v -0.02520272321999073 0.1134000000404194 0.03284482657909393
v -0.027296917513012886 0.1134000000404194 0.031126167625188828
v -0.029274221509695053 0.1134000000404194 0.029274221509695053
v -0.031126167625188828 0.1134000000404194 0.027296917513012886
v -0.03284482657909393 0.1134000000404194 0.02520272321999073
v -0.03442284092307091 0.1134000000404194 0.023000607267022133
v -0.03585345298051834 0.1134000000404194 0.02070000022649765
v -0.037130530923604965 0.1134000000404194 0.018310751765966415
v -0.038248613476753235 0.1134000000404194 0.015843093395233154
v -0.03920290619134903 0.1134000000404194 0.013307593762874603
v -0.03998932987451553 0.1134000000404194 0.01071510836482048
v -0.04060450941324234 0.1134000000404194 0.008076739497482777
v -0.041045818477869034 0.1134000000404194 0.005403784569352865
v -0.0413113608956337 0.1134000000404194 0.0027076895348727703
v -0.0414000004529953 0.1134000000404194 5.168009400272053e-18
v -0.0413113608956337 0.1134000000404194 -0.0027076895348727703
v -0.041045818477869034 0.1134000000404194 -0.005403784569352865
v -0.04060450941324234 0.1134000000404194 -0.008076739497482777
v -0.03998932987451553 0.1134000000404194 -0.01071510836482048
v -0.03920290619134903 0.1134000000404194 -0.013307593762874603
v -0.038248613476753235 0.1134000000404194 -0.015843093395233154
v -0.037130530923604965 0.1134000000404194 -0.018310751765966415
v -0.03585345298051834 0.1134000000404194 -0.02070000022649765
v -0.03442284092307091 0.1134000000404194 -0.023000607267022133
v -0.03284482657909393 0.1134000000404194 -0.02520272321999073
v -0.031126167625188828 0.1134000000404194 -0.027296917513012886
v -0.029274221509695053 0.1134000000404194 -0.029274221509695053
v -0.027296917513012886 0.1134000000404194 -0.031126167625188828
v -0.02520272321999073 0.1134000000404194 -0.03284482657909393
v -0.023000607267022133 0.1134000000404194 -0.03442284092307091
v -0.02070000022649765 0.1134000000404194 -0.03585345298051834
v -0.018310751765966415 0.1134000000404194 -0.037130530923604965
v -0.015843093395233154 0.1134000000404194 -0.038248613476753235
v -0.013307593762874603 0.1134000000404194 -0.03920290619134903
v -0.01071510836482048 0.1134000000404194 -0.03998932987451553
v -0.008076739497482777 0.1134000000404194 -0.04060450941324234
v -0.005403784569352865 0.1134000000404194 -0.041045818477869034
v -0.0027076895348727703 0.1134000000404194 -0.0413113608956337
v -7.605056365601296e-18 0.1134000000404194 -0.0414000004529953
v 0.0027076895348727703 0.1134000000404194 -0.0413113608956337
v 0.005403784569352865 0.1134000000404194 -0.041045818477869034
v 0.008076739497482777 0.1134000000404194 -0.04060450941324234
v 0.01071510836482048 0.1134000000404194 -0.03998932987451553
v 0.013307593762874603 0.1134000000404194 -0.03920290619134903
v 0.015843093395233154 0.1134000000404194 -0.038248613476753235
v 0.018310751765966415 0.1134000000404194 -0.037130530923604965
v 0.02070000022649765 0.1134000000404194 -0.03585345298051834
v 0.023000607267022133 0.1134000000404194 -0.03442284092307091
v 0.02520272321999073 0.1134000000404194 -0.03284482657909393
v 0.027296917513012886 0.1134000000404194 -0.031126167625188828
v 0.029274221509695053 0.1134000000404194 -0.029274221509695053
v 0.031126167625188828 0.1134000000404194 -0.027296917513012886
v 0.03284482657909393 0.1134000000404194 -0.02520272321999073
v 0.03442284092307091 0.1134000000404194 -0.023000607267022133
v 0.03585345298051834 0.1134000000404194 -0.02070000022649765
v 0.037130530923604965 0.1134000000404194 -0.018310751765966415
v 0.038248613476753235 0.1134000000404194 -0.015843093395233154
v 0.03920290619134903 0.1134000000404194 -0.013307593762874603
v 0.03998932987451553 0.1134000000404194 -0.01071510836482048
v 0.04060450941324234 0.1134000000404194 -0.008076739497482777
v 0.041045818477869034 0.1134000000404194 -0.005403784569352865
v 0.0413113608956337 0.1134000000404194 -0.0027076895348727703
v 0.0414000004529953 0.1134000000404194 -1.004210333093054e-17
v 0.0407877080142498 0.11352179270237685 9.051408989459874e-20
v 0.04070037603378296 0.11352179270237685 0.0026676435954868793
v 0.04043876379728317 0.11352179270237685 0.0053238640539348125
v 0.040003981441259384 0.11352179270237685 0.00795728713274002
v 0.03939789906144142 0.11352179270237685 0.010556635446846485
v 0.038623109459877014 0.11352179270237685 0.013110778294503689
v 0.03768292814493179 0.11352179270237685 0.015608779154717922
v 0.036581382155418396 0.11352179270237685 0.018039941787719727
v 0.035323191434144974 0.11352179270237685 0.0203938540071249
v 0.033913739025592804 0.11352179270237685 0.02266043610870838
v 0.03235906362533569 0.11352179270237685 0.024829981848597527
v 0.030665822327136993 0.11352179270237685 0.02689320407807827
v 0.02884126454591751 0.11352179270237685 0.02884126454591751
v 0.02689320407807827 0.11352179270237685 0.030665822327136993
v 0.024829981848597527 0.11352179270237685 0.03235906362533569
v 0.02266043610870838 0.11352179270237685 0.033913739025592804
v 0.0203938540071249 0.11352179270237685 0.035323191434144974
v 0.018039941787719727 0.11352179270237685 0.036581382155418396
v 0.015608779154717922 0.11352179270237685 0.03768292814493179
v 0.013110778294503689 0.11352179270237685 0.038623109459877014
v 0.010556635446846485 0.11352179270237685 0.03939789906144142
v 0.00795728713274002 0.11352179270237685 0.040003981441259384
v 0.0053238640539348125 0.11352179270237685 0.04043876379728317
v 0.0026676435954868793 0.11352179270237685 0.04070037603378296
v 2.497526689406364e-18 0.11352179270237685 0.0407877080142498
v -0.0026676435954868793 0.11352179270237685 0.04070037603378296
v -0.0053238640539348125 0.11352179270237685 0.04043876379728317
v -0.00795728713274002 0.11352179270237685 0.040003981441259384
v -0.010556635446846485 0.11352179270237685 0.03939789906144142
v -0.013110778294503689 0.11352179270237685 0.038623109459877014
v -0.015608779154717922 0.11352179270237685 0.03768292814493179
v -0.018039941787719727 0.11352179270237685 0.036581382155418396
v -0.0203938540071249 0.11352179270237685 0.035323191434144974
v -0.02266043610870838 0.11352179270237685 0.033913739025592804
v -0.024829981848597527 0.11352179270237685 0.03235906362533569
v -0.02689320407807827 0.11352179270237685 0.030665822327136993
v -0.02884126454591751 0.11352179270237685 0.02884126454591751
v -0.030665822327136993 0.11352179270237685 0.02689320407807827
v -0.03235906362533569 0.11352179270237685 0.024829981848597527
v -0.033913739025592804 0.11352179270237685 0.02266043610870838
v -0.035323191434144974 0.11352179270237685 0.0203938540071249
v -0.036581382155418396 0.11352179270237685 0.018039941787719727
v -0.03768292814493179 0.11352179270237685 0.015608779154717922
v -0.038623109459877014 0.11352179270237685 0.013110778294503689
v -0.03939789906144142 0.11352179270237685 0.010556635446846485
v -0.040003981441259384 0.11352179270237685 0.00795728713274002
v -0.04043876379728317 0.11352179270237685 0.0053238640539348125
v -0.04070037603378296 0.11352179270237685 0.0026676435954868793
v -0.0407877080142498 0.11352179270237685 5.085567617341343e-18
v -0.04070037603378296 0.11352179270237685 -0.0026676435954868793
v -0.04043876379728317 0.11352179270237685 -0.0053238640539348125
v -0.040003981441259384 0.11352179270237685 -0.00795728713274002
v -0.03939789906144142 0.11352179270237685 -0.010556635446846485
v -0.038623109459877014 0.11352179270237685 -0.013110778294503689
v -0.03768292814493179 0.11352179270237685 -0.015608779154717922
v -0.036581382155418396 0.11352179270237685 -0.018039941787719727
v -0.035323191434144974 0.11352179270237685 -0.0203938540071249
v -0.033913739025592804 0.11352179270237685 -0.02266043610870838
v -0.03235906362533569 0.11352179270237685 -0.024829981848597527
v -0.030665822327136993 0.11352179270237685 -0.02689320407807827
v -0.02884126454591751 0.11352179270237685 -0.02884126454591751
v -0.02689320407807827 0.11352179270237685 -0.030665822327136993
v -0.024829981848597527 0.11352179270237685 -0.03235906362533569
v -0.02266043610870838 0.11352179270237685 -0.033913739025592804
v -0.0203938540071249 0.11352179270237685 -0.035323191434144974
v -0.018039941787719727 0.11352179270237685 -0.036581382155418396
v -0.015608779154717922 0.11352179270237685 -0.03768292814493179
v -0.013110778294503689 0.11352179270237685 -0.038623109459877014
v -0.010556635446846485 0.11352179270237685 -0.03939789906144142
v -0.00795728713274002 0.11352179270237685 -0.040003981441259384
v -0.0053238640539348125 0.11352179270237685 -0.04043876379728317
v -0.0026676435954868793 0.11352179270237685 -0.04070037603378296
v -7.492580481809398e-18 0.11352179270237685 -0.0407877080142498
v 0.0026676435954868793 0.11352179270237685 -0.04070037603378296
v 0.0053238640539348125 0.11352179270237685 -0.04043876379728317
v 0.00795728713274002 0.11352179270237685 -0.040003981441259384
v 0.010556635446846485 0.11352179270237685 -0.03939789906144142
v 0.013110778294503689 0.11352179270237685 -0.038623109459877014
v 0.015608779154717922 0.11352179270237685 -0.03768292814493179
v 0.018039941787719727 0.11352179270237685 -0.036581382155418396
v 0.0203938540071249 0.11352179270237685 -0.035323191434144974
v 0.02266043610870838 0.11352179270237685 -0.033913739025592804
v 0.024829981848597527 0.11352179270237685 -0.03235906362533569
v 0.02689320407807827 0.11352179270237685 -0.030665822327136993
v 0.02884126454591751 0.11352179270237685 -0.02884126454591751
v 0.030665822327136993 0.11352179270237685 -0.02689320407807827
v 0.03235906362533569 0.11352179270237685 -0.024829981848597527
v 0.033913739025592804 0.11352179270237685 -0.02266043610870838
v 0.035323191434144974 0.11352179270237685 -0.0203938540071249
v 0.036581382155418396 0.11352179270237685 -0.018039941787719727
v 0.03768292814493179 0.11352179270237685 -0.015608779154717922
v 0.038623109459877014 0.11352179270237685 -0.013110778294503689
v 0.03939789906144142 0.11352179270237685 -0.010556635446846485
v 0.040003981441259384 0.11352179270237685 -0.00795728713274002
v 0.04043876379728317 0.11352179270237685 -0.0053238640539348125
v 0.04070037603378296 0.11352179270237685 -0.0026676435954868793
v 0.0407877080142498 0.11352179270237685 -9.899592519096841e-18
v 0.04026862978935242 0.11386862910352648 6.927648616124117e-20
v 0.040182411670684814 0.11386862910352648 0.002633694326505065
v 0.039924126118421555 0.11386862910352648 0.005256110802292824
v 0.03949487954378128 0.11386862910352648 0.007856019772589207
v 0.038896508514881134 0.11386862910352648 0.010422288440167904
v 0.038131579756736755 0.11386862910352648 0.012943926267325878
v 0.037203364074230194 0.11386862910352648 0.015410137362778187
v 0.03611583635210991 0.11386862910352648 0.017810359597206116
v 0.034873656928539276 0.11386862910352648 0.02013431489467621
v 0.0334821417927742 0.11386862910352648 0.0223720520734787
v 0.03194725140929222 0.11386862910352648 0.024513987824320793
v 0.030275559052824974 0.11386862910352648 0.026550952345132828
v 0.028474221006035805 0.11386862910352648 0.028474221006035805
v 0.026550952345132828 0.11386862910352648 0.030275559052824974
v 0.024513987824320793 0.11386862910352648 0.03194725140929222
v 0.0223720520734787 0.11386862910352648 0.0334821417927742
v 0.02013431489467621 0.11386862910352648 0.034873656928539276
v 0.017810359597206116 0.11386862910352648 0.03611583635210991
v 0.015410137362778187 0.11386862910352648 0.037203364074230194
v 0.012943926267325878 0.11386862910352648 0.038131579756736755
v 0.010422288440167904 0.11386862910352648 0.038896508514881134
v 0.007856019772589207 0.11386862910352648 0.03949487954378128
v 0.005256110802292824 0.11386862910352648 0.039924126118421555
v 0.002633694326505065 0.11386862910352648 0.040182411670684814
v 2.465742481164167e-18 0.11386862910352648 0.04026862978935242
v -0.002633694326505065 0.11386862910352648 0.040182411670684814
v -0.005256110802292824 0.11386862910352648 0.039924126118421555
v -0.007856019772589207 0.11386862910352648 0.03949487954378128
v -0.010422288440167904 0.11386862910352648 0.038896508514881134
v -0.012943926267325878 0.11386862910352648 0.038131579756736755
v -0.015410137362778187 0.11386862910352648 0.037203364074230194
v -0.017810359597206116 0.11386862910352648 0.03611583635210991
v -0.02013431489467621 0.11386862910352648 0.034873656928539276
v -0.0223720520734787 0.11386862910352648 0.0334821417927742
v -0.024513987824320793 0.11386862910352648 0.03194725140929222
v -0.026550952345132828 0.11386862910352648 0.030275559052824974
v -0.028474221006035805 0.11386862910352648 0.028474221006035805
v -0.030275559052824974 0.11386862910352648 0.026550952345132828
v -0.03194725140929222 0.11386862910352648 0.024513987824320793
v -0.0334821417927742 0.11386862910352648 0.0223720520734787
v -0.034873656928539276 0.11386862910352648 0.02013431489467621
v -0.03611583635210991 0.11386862910352648 0.017810359597206116
v -0.037203364074230194 0.11386862910352648 0.015410137362778187
v -0.038131579756736755 0.11386862910352648 0.012943926267325878
v -0.038896508514881134 0.11386862910352648 0.010422288440167904
v -0.03949487954378128 0.11386862910352648 0.007856019772589207
v -0.039924126118421555 0.11386862910352648 0.005256110802292824
v -0.040182411670684814 0.11386862910352648 0.002633694326505065
v -0.04026862978935242 0.11386862910352648 5.00076133862965e-18
v -0.040182411670684814 0.11386862910352648 -0.002633694326505065
v -0.039924126118421555 0.11386862910352648 -0.005256110802292824
v -0.03949487954378128 0.11386862910352648 -0.007856019772589207
v -0.038896508514881134 0.11386862910352648 -0.010422288440167904
v -0.038131579756736755 0.11386862910352648 -0.012943926267325878
v -0.037203364074230194 0.11386862910352648 -0.015410137362778187
v -0.03611583635210991 0.11386862910352648 -0.017810359597206116
v -0.034873656928539276 0.11386862910352648 -0.02013431489467621
v -0.0334821417927742 0.11386862910352648 -0.0223720520734787
v -0.03194725140929222 0.11386862910352648 -0.024513987824320793
v -0.030275559052824974 0.11386862910352648 -0.026550952345132828
v -0.028474221006035805 0.11386862910352648 -0.028474221006035805
v -0.026550952345132828 0.11386862910352648 -0.030275559052824974
v -0.024513987824320793 0.11386862910352648 -0.03194725140929222
v -0.0223720520734787 0.11386862910352648 -0.0334821417927742
v -0.02013431489467621 0.11386862910352648 -0.034873656928539276
v -0.017810359597206116 0.11386862910352648 -0.03611583635210991
v -0.015410137362778187 0.11386862910352648 -0.037203364074230194
v -0.012943926267325878 0.11386862910352648 -0.038131579756736755
v -0.010422288440167904 0.11386862910352648 -0.038896508514881134
v -0.007856019772589207 0.11386862910352648 -0.03949487954378128
v -0.005256110802292824 0.11386862910352648 -0.039924126118421555
v -0.002633694326505065 0.11386862910352648 -0.040182411670684814
v -7.397227236697348e-18 0.11386862910352648 -0.04026862978935242
v 0.002633694326505065 0.11386862910352648 -0.040182411670684814
v 0.005256110802292824 0.11386862910352648 -0.039924126118421555
v 0.007856019772589207 0.11386862910352648 -0.03949487954378128
v 0.010422288440167904 0.11386862910352648 -0.038896508514881134
v 0.012943926267325878 0.11386862910352648 -0.038131579756736755
v 0.015410137362778187 0.11386862910352648 -0.037203364074230194
v 0.017810359597206116 0.11386862910352648 -0.03611583635210991
v 0.02013431489467621 0.11386862910352648 -0.034873656928539276
v 0.0223720520734787 0.11386862910352648 -0.0334821417927742
v 0.024513987824320793 0.11386862910352648 -0.03194725140929222
v 0.026550952345132828 0.11386862910352648 -0.030275559052824974
v 0.028474221006035805 0.11386862910352648 -0.028474221006035805
v 0.030275559052824974 0.11386862910352648 -0.026550952345132828
v 0.03194725140929222 0.11386862910352648 -0.024513987824320793
v 0.0334821417927742 0.11386862910352648 -0.0223720520734787
v 0.034873656928539276 0.11386862910352648 -0.02013431489467621
v 0.03611583635210991 0.11386862910352648 -0.017810359597206116
v 0.037203364074230194 0.11386862910352648 -0.015410137362778187
v 0.038131579756736755 0.11386862910352648 -0.012943926267325878
v 0.038896508514881134 0.11386862910352648 -0.010422288440167904
v 0.03949487954378128 0.11386862910352648 -0.007856019772589207
v 0.039924126118421555 0.11386862910352648 -0.005256110802292824
v 0.040182411670684814 0.11386862910352648 -0.002633694326505065
v 0.04026862978935242 0.11386862910352648 -9.793693548355352e-18
v 0.03992179408669472 0.11438770651351661 3.749216159677058e-20
v 0.03983631730079651 0.11438770651351661 0.0026110101025551558
v 0.03958025574684143 0.11438770651351661 0.005210839677602053
v 0.03915470838546753 0.11438770651351661 0.007788355462253094
v 0.038561489433050156 0.11438770651351661 0.010332520119845867
v 0.03780314698815346 0.11438770651351661 0.012832439504563808
v 0.036882925778627396 0.11438770651351661 0.015277408994734287
v 0.03580476716160774 0.11438770651351661 0.017656957730650902
v 0.03457328677177429 0.11438770651351661 0.01996089704334736
v 0.03319375589489937 0.11438770651351661 0.022179359570145607
v 0.03167208656668663 0.11438770651351661 0.024302847683429718
v 0.03001479245722294 0.11438770651351661 0.026322266086935997
v 0.028228970244526863 0.11438770651351661 0.028228970244526863
v 0.026322266086935997 0.11438770651351661 0.03001479245722294
v 0.024302847683429718 0.11438770651351661 0.03167208656668663
v 0.022179359570145607 0.11438770651351661 0.03319375589489937
v 0.01996089704334736 0.11438770651351661 0.03457328677177429
v 0.017656957730650902 0.11438770651351661 0.03580476716160774
v 0.015277408994734287 0.11438770651351661 0.036882925778627396
v 0.012832439504563808 0.11438770651351661 0.03780314698815346
v 0.010332520119845867 0.11438770651351661 0.038561489433050156
v 0.007788355462253094 0.11438770651351661 0.03915470838546753
v 0.005210839677602053 0.11438770651351661 0.03958025574684143
v 0.0026110101025551558 0.11438770651351661 0.03983631730079651
v 2.4445048257320212e-18 0.11438770651351661 0.03992179408669472
v -0.0026110101025551558 0.11438770651351661 0.03983631730079651
v -0.005210839677602053 0.11438770651351661 0.03958025574684143
v -0.007788355462253094 0.11438770651351661 0.03915470838546753
v -0.010332520119845867 0.11438770651351661 0.038561489433050156
v -0.012832439504563808 0.11438770651351661 0.03780314698815346
v -0.015277408994734287 0.11438770651351661 0.036882925778627396
v -0.017656957730650902 0.11438770651351661 0.03580476716160774
v -0.01996089704334736 0.11438770651351661 0.03457328677177429
v -0.022179359570145607 0.11438770651351661 0.03319375589489937
v -0.024302847683429718 0.11438770651351661 0.03167208656668663
v -0.026322266086935997 0.11438770651351661 0.03001479245722294
v -0.028228970244526863 0.11438770651351661 0.028228970244526863
v -0.03001479245722294 0.11438770651351661 0.026322266086935997
v -0.03167208656668663 0.11438770651351661 0.024302847683429718
v -0.03319375589489937 0.11438770651351661 0.022179359570145607
v -0.03457328677177429 0.11438770651351661 0.01996089704334736
v -0.03580476716160774 0.11438770651351661 0.017656957730650902
v -0.036882925778627396 0.11438770651351661 0.015277408994734287
v -0.03780314698815346 0.11438770651351661 0.012832439504563808
v -0.038561489433050156 0.11438770651351661 0.010332520119845867
v -0.03915470838546753 0.11438770651351661 0.007788355462253094
v -0.03958025574684143 0.11438770651351661 0.005210839677602053
v -0.03983631730079651 0.11438770651351661 0.0026110101025551558
v -0.03992179408669472 0.11438770651351661 4.9265016127280084e-18
v -0.03983631730079651 0.11438770651351661 -0.0026110101025551558
v -0.03958025574684143 0.11438770651351661 -0.005210839677602053
v -0.03915470838546753 0.11438770651351661 -0.007788355462253094
v -0.038561489433050156 0.11438770651351661 -0.010332520119845867
v -0.03780314698815346 0.11438770651351661 -0.012832439504563808
v -0.036882925778627396 0.11438770651351661 -0.015277408994734287
v -0.03580476716160774 0.11438770651351661 -0.017656957730650902
v -0.03457328677177429 0.11438770651351661 -0.01996089704334736
v -0.03319375589489937 0.11438770651351661 -0.022179359570145607
v -0.03167208656668663 0.11438770651351661 -0.024302847683429718
v -0.03001479245722294 0.11438770651351661 -0.026322266086935997
v -0.028228970244526863 0.11438770651351661 -0.028228970244526863
v -0.026322266086935997 0.11438770651351661 -0.03001479245722294
v -0.024302847683429718 0.11438770651351661 -0.03167208656668663
v -0.022179359570145607 0.11438770651351661 -0.03319375589489937
v -0.01996089704334736 0.11438770651351661 -0.03457328677177429
v -0.017656957730650902 0.11438770651351661 -0.03580476716160774
v -0.015277408994734287 0.11438770651351661 -0.036882925778627396
v -0.012832439504563808 0.11438770651351661 -0.03780314698815346
v -0.010332520119845867 0.11438770651351661 -0.038561489433050156
v -0.007788355462253094 0.11438770651351661 -0.03915470838546753
v -0.005210839677602053 0.11438770651351661 -0.03958025574684143
v -0.0026110101025551558 0.11438770651351661 -0.03983631730079651
v -7.333514477196064e-18 0.11438770651351661 -0.03992179408669472
v 0.0026110101025551558 0.11438770651351661 -0.03983631730079651
v 0.005210839677602053 0.11438770651351661 -0.03958025574684143
v 0.007788355462253094 0.11438770651351661 -0.03915470838546753
v 0.010332520119845867 0.11438770651351661 -0.038561489433050156
v 0.012832439504563808 0.11438770651351661 -0.03780314698815346
v 0.015277408994734287 0.11438770651351661 -0.036882925778627396
v 0.017656957730650902 0.11438770651351661 -0.03580476716160774
v 0.01996089704334736 0.11438770651351661 -0.03457328677177429
v 0.022179359570145607 0.11438770651351661 -0.03319375589489937
v 0.024302847683429718 0.11438770651351661 -0.03167208656668663
v 0.026322266086935997 0.11438770651351661 -0.03001479245722294
v 0.028228970244526863 0.11438770651351661 -0.028228970244526863
v 0.03001479245722294 0.11438770651351661 -0.026322266086935997
v 0.03167208656668663 0.11438770651351661 -0.024302847683429718
v 0.03319375589489937 0.11438770651351661 -0.022179359570145607
v 0.03457328677177429 0.11438770651351661 -0.01996089704334736
v 0.03580476716160774 0.11438770651351661 -0.017656957730650902
v 0.036882925778627396 0.11438770651351661 -0.015277408994734287
v 0.03780314698815346 0.11438770651351661 -0.012832439504563808
v 0.038561489433050156 0.11438770651351661 -0.010332520119845867
v 0.03915470838546753 0.11438770651351661 -0.007788355462253094
v 0.03958025574684143 0.11438770651351661 -0.005210839677602053
v 0.03983631730079651 0.11438770651351661 -0.0026110101025551558
v 0.03992179408669472 0.11438770651351661 -9.740527341664119e-18
v 0.039799999445676804 0.115 1.1998077984301157e-35
v 0.03971478343009949 0.115 0.0026030445005744696
v 0.039459504187107086 0.115 0.005194942466914654
v 0.03903525322675705 0.115 0.007764594629406929
v 0.03844384849071503 0.115 0.010300997644662857
v 0.037687819451093674 0.115 0.012793290428817272
v 0.03677040711045265 0.115 0.015230800956487656
v 0.03569553419947624 0.115 0.017603090032935143
v 0.03446781262755394 0.115 0.019899999722838402
v 0.03309249132871628 0.115 0.022111695259809494
v 0.031575463712215424 0.115 0.02422870509326458
v 0.029923224821686745 0.115 0.026241963729262352
v 0.02814284898340702 0.115 0.02814284898340702
v 0.026241963729262352 0.115 0.029923224821686745
v 0.02422870509326458 0.115 0.031575463712215424
v 0.022111695259809494 0.115 0.03309249132871628
v 0.019899999722838402 0.115 0.03446781262755394
v 0.017603090032935143 0.115 0.03569553419947624
v 0.015230800956487656 0.115 0.03677040711045265
v 0.012793290428817272 0.115 0.037687819451093674
v 0.010300997644662857 0.115 0.03844384849071503
v 0.007764594629406929 0.115 0.03903525322675705
v 0.005194942466914654 0.115 0.039459504187107086
v 0.0026030445005744696 0.115 0.03971478343009949
v 2.4370471721243963e-18 0.115 0.039799999445676804
v -0.0026030445005744696 0.115 0.03971478343009949
v -0.005194942466914654 0.115 0.039459504187107086
v -0.007764594629406929 0.115 0.03903525322675705
v -0.010300997644662857 0.115 0.03844384849071503
v -0.012793290428817272 0.115 0.037687819451093674
v -0.015230800956487656 0.115 0.03677040711045265
v -0.017603090032935143 0.115 0.03569553419947624
v -0.019899999722838402 0.115 0.03446781262755394
v -0.022111695259809494 0.115 0.03309249132871628
v -0.02422870509326458 0.115 0.031575463712215424
v -0.026241963729262352 0.115 0.029923224821686745
v -0.02814284898340702 0.115 0.02814284898340702
v -0.029923224821686745 0.115 0.026241963729262352
v -0.031575463712215424 0.115 0.02422870509326458
v -0.03309249132871628 0.115 0.022111695259809494
v -0.03446781262755394 0.115 0.019899999722838402
v -0.03569553419947624 0.115 0.017603090032935143
v -0.03677040711045265 0.115 0.015230800956487656
v -0.037687819451093674 0.115 0.012793290428817272
v -0.03844384849071503 0.115 0.010300997644662857
v -0.03903525322675705 0.115 0.007764594629406929
v -0.039459504187107086 0.115 0.005194942466914654
v -0.03971478343009949 0.115 0.0026030445005744696
v -0.039799999445676804 0.115 4.8740943442487925e-18
v -0.03971478343009949 0.115 -0.0026030445005744696
v -0.039459504187107086 0.115 -0.005194942466914654
v -0.03903525322675705 0.115 -0.007764594629406929
v -0.03844384849071503 0.115 -0.010300997644662857
v -0.037687819451093674 0.115 -0.012793290428817272
v -0.03677040711045265 0.115 -0.015230800956487656
v -0.03569553419947624 0.115 -0.017603090032935143
v -0.03446781262755394 0.115 -0.019899999722838402
v -0.03309249132871628 0.115 -0.022111695259809494
v -0.031575463712215424 0.115 -0.02422870509326458
v -0.029923224821686745 0.115 -0.026241963729262352
v -0.02814284898340702 0.115 -0.02814284898340702
v -0.026241963729262352 0.115 -0.029923224821686745
v -0.02422870509326458 0.115 -0.031575463712215424
v -0.022111695259809494 0.115 -0.03309249132871628
v -0.019899999722838402 0.115 -0.03446781262755394
v -0.017603090032935143 0.115 -0.03569553419947624
v -0.015230800956487656 0.115 -0.03677040711045265
v -0.012793290428817272 0.115 -0.037687819451093674
v -0.010300997644662857 0.115 -0.03844384849071503
v -0.007764594629406929 0.115 -0.03903525322675705
v -0.005194942466914654 0.115 -0.039459504187107086
v -0.0026030445005744696 0.115 -0.03971478343009949
v -7.311141723168342e-18 0.115 -0.039799999445676804
v 0.0026030445005744696 0.115 -0.03971478343009949
v 0.005194942466914654 0.115 -0.039459504187107086
v 0.007764594629406929 0.115 -0.03903525322675705
v 0.010300997644662857 0.115 -0.03844384849071503
v 0.012793290428817272 0.115 -0.037687819451093674
v 0.015230800956487656 0.115 -0.03677040711045265
v 0.017603090032935143 0.115 -0.03569553419947624
v 0.019899999722838402 0.115 -0.03446781262755394
v 0.022111695259809494 0.115 -0.03309249132871628
v 0.02422870509326458 0.115 -0.031575463712215424
v 0.026241963729262352 0.115 -0.029923224821686745
v 0.02814284898340702 0.115 -0.02814284898340702
v 0.029923224821686745 0.115 -0.026241963729262352
v 0.031575463712215424 0.115 -0.02422870509326458
v 0.03309249132871628 0.115 -0.022111695259809494
v 0.03446781262755394 0.115 -0.019899999722838402
v 0.03569553419947624 0.115 -0.017603090032935143
v 0.03677040711045265 0.115 -0.015230800956487656
v 0.037687819451093674 0.115 -0.012793290428817272
v 0.03844384849071503 0.115 -0.010300997644662857
v 0.03903525322675705 0.115 -0.007764594629406929
v 0.039459504187107086 0.115 -0.005194942466914654
v 0.03971478343009949 0.115 -0.0026030445005744696
v 0.039799999445676804 0.115 -9.748188688497585e-18
v 0.03992179408669472 0.1156122934864834 -3.749216159677058e-20
v 0.03983631730079651 0.1156122934864834 0.0026110101025551558
v 0.03958025574684143 0.1156122934864834 0.005210839677602053
v 0.03915470838546753 0.1156122934864834 0.007788355462253094
v 0.038561489433050156 0.1156122934864834 0.010332520119845867
v 0.03780314698815346 0.1156122934864834 0.012832439504563808
v 0.036882925778627396 0.1156122934864834 0.015277408994734287
v 0.03580476716160774 0.1156122934864834 0.017656957730650902
v 0.03457328677177429 0.1156122934864834 0.01996089704334736
v 0.03319375589489937 0.1156122934864834 0.022179359570145607
v 0.03167208656668663 0.1156122934864834 0.024302847683429718
v 0.03001479245722294 0.1156122934864834 0.026322266086935997
v 0.028228970244526863 0.1156122934864834 0.028228970244526863
v 0.026322266086935997 0.1156122934864834 0.03001479245722294
v 0.024302847683429718 0.1156122934864834 0.03167208656668663
v 0.022179359570145607 0.1156122934864834 0.03319375589489937
v 0.01996089704334736 0.1156122934864834 0.03457328677177429
v 0.017656957730650902 0.1156122934864834 0.03580476716160774
v 0.015277408994734287 0.1156122934864834 0.036882925778627396
v 0.012832439504563808 0.1156122934864834 0.03780314698815346
v 0.010332520119845867 0.1156122934864834 0.038561489433050156
v 0.007788355462253094 0.1156122934864834 0.03915470838546753
v 0.005210839677602053 0.1156122934864834 0.03958025574684143
v 0.0026110101025551558 0.1156122934864834 0.03983631730079651
v 2.4445048257320212e-18 0.1156122934864834 0.03992179408669472
v -0.0026110101025551558 0.1156122934864834 0.03983631730079651
v -0.005210839677602053 0.1156122934864834 0.03958025574684143
v -0.007788355462253094 0.1156122934864834 0.03915470838546753
v -0.010332520119845867 0.1156122934864834 0.038561489433050156
v -0.012832439504563808 0.1156122934864834 0.03780314698815346
v -0.015277408994734287 0.1156122934864834 0.036882925778627396
v -0.017656957730650902 0.1156122934864834 0.03580476716160774
v -0.01996089704334736 0.1156122934864834 0.03457328677177429
v -0.022179359570145607 0.1156122934864834 0.03319375589489937
v -0.024302847683429718 0.1156122934864834 0.03167208656668663
v -0.026322266086935997 0.1156122934864834 0.03001479245722294
v -0.028228970244526863 0.1156122934864834 0.028228970244526863
v -0.03001479245722294 0.1156122934864834 0.026322266086935997
v -0.03167208656668663 0.1156122934864834 0.024302847683429718
v -0.03319375589489937 0.1156122934864834 0.022179359570145607
v -0.03457328677177429 0.1156122934864834 0.01996089704334736
v -0.03580476716160774 0.1156122934864834 0.017656957730650902
v -0.036882925778627396 0.1156122934864834 0.015277408994734287
v -0.03780314698815346 0.1156122934864834 0.012832439504563808
v -0.038561489433050156 0.1156122934864834 0.010332520119845867
v -0.03915470838546753 0.1156122934864834 0.007788355462253094
v -0.03958025574684143 0.1156122934864834 0.005210839677602053
v -0.03983631730079651 0.1156122934864834 0.0026110101025551558
v -0.03992179408669472 0.1156122934864834 4.8515176902000764e-18
v -0.03983631730079651 0.1156122934864834 -0.0026110101025551558
v -0.03958025574684143 0.1156122934864834 -0.005210839677602053
v -0.03915470838546753 0.1156122934864834 -0.007788355462253094
v -0.038561489433050156 0.1156122934864834 -0.010332520119845867
v -0.03780314698815346 0.1156122934864834 -0.012832439504563808
v -0.036882925778627396 0.1156122934864834 -0.015277408994734287
v -0.03580476716160774 0.1156122934864834 -0.017656957730650902
v -0.03457328677177429 0.1156122934864834 -0.01996089704334736
v -0.03319375589489937 0.1156122934864834 -0.022179359570145607
v -0.03167208656668663 0.1156122934864834 -0.024302847683429718
v -0.03001479245722294 0.1156122934864834 -0.026322266086935997
v -0.028228970244526863 0.1156122934864834 -0.028228970244526863
v -0.026322266086935997 0.1156122934864834 -0.03001479245722294
v -0.024302847683429718 0.1156122934864834 -0.03167208656668663
v -0.022179359570145607 0.1156122934864834 -0.03319375589489937
v -0.01996089704334736 0.1156122934864834 -0.03457328677177429
v -0.017656957730650902 0.1156122934864834 -0.03580476716160774
v -0.015277408994734287 0.1156122934864834 -0.036882925778627396
v -0.012832439504563808 0.1156122934864834 -0.03780314698815346
v -0.010332520119845867 0.1156122934864834 -0.038561489433050156
v -0.007788355462253094 0.1156122934864834 -0.03915470838546753
v -0.005210839677602053 0.1156122934864834 -0.03958025574684143
v -0.0026110101025551558 0.1156122934864834 -0.03983631730079651
v -7.333514477196064e-18 0.1156122934864834 -0.03992179408669472
v 0.0026110101025551558 0.1156122934864834 -0.03983631730079651
v 0.005210839677602053 0.1156122934864834 -0.03958025574684143
v 0.007788355462253094 0.1156122934864834 -0.03915470838546753
v 0.010332520119845867 0.1156122934864834 -0.038561489433050156
v 0.012832439504563808 0.1156122934864834 -0.03780314698815346
v 0.015277408994734287 0.1156122934864834 -0.036882925778627396
v 0.017656957730650902 0.1156122934864834 -0.03580476716160774
v 0.01996089704334736 0.1156122934864834 -0.03457328677177429
v 0.022179359570145607 0.1156122934864834 -0.03319375589489937
v 0.024302847683429718 0.1156122934864834 -0.03167208656668663
v 0.026322266086935997 0.1156122934864834 -0.03001479245722294
v 0.028228970244526863 0.1156122934864834 -0.028228970244526863
v 0.03001479245722294 0.1156122934864834 -0.026322266086935997
v 0.03167208656668663 0.1156122934864834 -0.024302847683429718
v 0.03319375589489937 0.1156122934864834 -0.022179359570145607
v 0.03457328677177429 0.1156122934864834 -0.01996089704334736
v 0.03580476716160774 0.1156122934864834 -0.017656957730650902
v 0.036882925778627396 0.1156122934864834 -0.015277408994734287
v 0.03780314698815346 0.1156122934864834 -0.012832439504563808
v 0.038561489433050156 0.1156122934864834 -0.010332520119845867
v 0.03915470838546753 0.1156122934864834 -0.007788355462253094
v 0.03958025574684143 0.1156122934864834 -0.005210839677602053
v 0.03983631730079651 0.1156122934864834 -0.0026110101025551558
v 0.03992179408669472 0.1156122934864834 -9.815511264192051e-18
v 0.04026862978935242 0.11613137089647353 -6.927648616124117e-20
v 0.040182411670684814 0.11613137089647353 0.002633694326505065
v 0.039924126118421555 0.11613137089647353 0.005256110802292824
v 0.03949487954378128 0.11613137089647353 0.007856019772589207
v 0.038896508514881134 0.11613137089647353 0.010422288440167904
v 0.038131579756736755 0.11613137089647353 0.012943926267325878
v 0.037203364074230194 0.11613137089647353 0.015410137362778187
v 0.03611583635210991 0.11613137089647353 0.017810359597206116
v 0.034873656928539276 0.11613137089647353 0.02013431489467621
v 0.0334821417927742 0.11613137089647353 0.0223720520734787
v 0.03194725140929222 0.11613137089647353 0.024513987824320793
v 0.030275559052824974 0.11613137089647353 0.026550952345132828
v 0.028474221006035805 0.11613137089647353 0.028474221006035805
v 0.026550952345132828 0.11613137089647353 0.030275559052824974
v 0.024513987824320793 0.11613137089647353 0.03194725140929222
v 0.0223720520734787 0.11613137089647353 0.0334821417927742
v 0.02013431489467621 0.11613137089647353 0.034873656928539276
v 0.017810359597206116 0.11613137089647353 0.03611583635210991
v 0.015410137362778187 0.11613137089647353 0.037203364074230194
v 0.012943926267325878 0.11613137089647353 0.038131579756736755
v 0.010422288440167904 0.11613137089647353 0.038896508514881134
v 0.007856019772589207 0.11613137089647353 0.03949487954378128
v 0.005256110802292824 0.11613137089647353 0.039924126118421555
v 0.002633694326505065 0.11613137089647353 0.040182411670684814
v 2.465742481164167e-18 0.11613137089647353 0.04026862978935242
v -0.002633694326505065 0.11613137089647353 0.040182411670684814
v -0.005256110802292824 0.11613137089647353 0.039924126118421555
v -0.007856019772589207 0.11613137089647353 0.03949487954378128
v -0.010422288440167904 0.11613137089647353 0.038896508514881134
v -0.012943926267325878 0.11613137089647353 0.038131579756736755
v -0.015410137362778187 0.11613137089647353 0.037203364074230194
v -0.017810359597206116 0.11613137089647353 0.03611583635210991
v -0.02013431489467621 0.11613137089647353 0.034873656928539276
v -0.0223720520734787 0.11613137089647353 0.0334821417927742
v -0.024513987824320793 0.11613137089647353 0.03194725140929222
v -0.026550952345132828 0.11613137089647353 0.030275559052824974
v -0.028474221006035805 0.11613137089647353 0.028474221006035805
v -0.030275559052824974 0.11613137089647353 0.026550952345132828
v -0.03194725140929222 0.11613137089647353 0.024513987824320793
v -0.0334821417927742 0.11613137089647353 0.0223720520734787
v -0.034873656928539276 0.11613137089647353 0.02013431489467621
v -0.03611583635210991 0.11613137089647353 0.017810359597206116
v -0.037203364074230194 0.11613137089647353 0.015410137362778187
v -0.038131579756736755 0.11613137089647353 0.012943926267325878
v -0.038896508514881134 0.11613137089647353 0.010422288440167904
v -0.03949487954378128 0.11613137089647353 0.007856019772589207
v -0.039924126118421555 0.11613137089647353 0.005256110802292824
v -0.040182411670684814 0.11613137089647353 0.002633694326505065
v -0.04026862978935242 0.11613137089647353 4.862208586027018e-18
v -0.040182411670684814 0.11613137089647353 -0.002633694326505065
v -0.039924126118421555 0.11613137089647353 -0.005256110802292824
v -0.03949487954378128 0.11613137089647353 -0.007856019772589207
v -0.038896508514881134 0.11613137089647353 -0.010422288440167904
v -0.038131579756736755 0.11613137089647353 -0.012943926267325878
v -0.037203364074230194 0.11613137089647353 -0.015410137362778187
v -0.03611583635210991 0.11613137089647353 -0.017810359597206116
v -0.034873656928539276 0.11613137089647353 -0.02013431489467621
v -0.0334821417927742 0.11613137089647353 -0.0223720520734787
v -0.03194725140929222 0.11613137089647353 -0.024513987824320793
v -0.030275559052824974 0.11613137089647353 -0.026550952345132828
v -0.028474221006035805 0.11613137089647353 -0.028474221006035805
v -0.026550952345132828 0.11613137089647353 -0.030275559052824974
v -0.024513987824320793 0.11613137089647353 -0.03194725140929222
v -0.0223720520734787 0.11613137089647353 -0.0334821417927742
v -0.02013431489467621 0.11613137089647353 -0.034873656928539276
v -0.017810359597206116 0.11613137089647353 -0.03611583635210991
v -0.015410137362778187 0.11613137089647353 -0.037203364074230194
v -0.012943926267325878 0.11613137089647353 -0.038131579756736755
v -0.010422288440167904 0.11613137089647353 -0.038896508514881134
v -0.007856019772589207 0.11613137089647353 -0.03949487954378128
v -0.005256110802292824 0.11613137089647353 -0.039924126118421555
v -0.002633694326505065 0.11613137089647353 -0.040182411670684814
v -7.397227236697348e-18 0.11613137089647353 -0.04026862978935242
v 0.002633694326505065 0.11613137089647353 -0.040182411670684814
v 0.005256110802292824 0.11613137089647353 -0.039924126118421555
v 0.007856019772589207 0.11613137089647353 -0.03949487954378128
v 0.010422288440167904 0.11613137089647353 -0.038896508514881134
v 0.012943926267325878 0.11613137089647353 -0.038131579756736755
v 0.015410137362778187 0.11613137089647353 -0.037203364074230194
v 0.017810359597206116 0.11613137089647353 -0.03611583635210991
v 0.02013431489467621 0.11613137089647353 -0.034873656928539276
v 0.0223720520734787 0.11613137089647353 -0.0334821417927742
v 0.024513987824320793 0.11613137089647353 -0.03194725140929222
v 0.026550952345132828 0.11613137089647353 -0.030275559052824974
v 0.028474221006035805 0.11613137089647353 -0.028474221006035805
v 0.030275559052824974 0.11613137089647353 -0.026550952345132828
v 0.03194725140929222 0.11613137089647353 -0.024513987824320793
v 0.0334821417927742 0.11613137089647353 -0.0223720520734787
v 0.034873656928539276 0.11613137089647353 -0.02013431489467621
v 0.03611583635210991 0.11613137089647353 -0.017810359597206116
v 0.037203364074230194 0.11613137089647353 -0.015410137362778187
v 0.038131579756736755 0.11613137089647353 -0.012943926267325878
v 0.038896508514881134 0.11613137089647353 -0.010422288440167904
v 0.03949487954378128 0.11613137089647353 -0.007856019772589207
v 0.039924126118421555 0.11613137089647353 -0.005256110802292824
v 0.040182411670684814 0.11613137089647353 -0.002633694326505065
v 0.04026862978935242 0.11613137089647353 -9.932246300957984e-18
v 0.0407877080142498 0.11647820729762316 -9.051408989459874e-20
v 0.04070037603378296 0.11647820729762316 0.0026676435954868793
v 0.04043876379728317 0.11647820729762316 0.0053238640539348125
v 0.040003981441259384 0.11647820729762316 0.00795728713274002
v 0.03939789906144142 0.11647820729762316 0.010556635446846485
v 0.038623109459877014 0.11647820729762316 0.013110778294503689
v 0.03768292814493179 0.11647820729762316 0.015608779154717922
v 0.036581382155418396 0.11647820729762316 0.018039941787719727
v 0.035323191434144974 0.11647820729762316 0.0203938540071249
v 0.033913739025592804 0.11647820729762316 0.02266043610870838
v 0.03235906362533569 0.11647820729762316 0.024829981848597527
v 0.030665822327136993 0.11647820729762316 0.02689320407807827
v 0.02884126454591751 0.11647820729762316 0.02884126454591751
v 0.02689320407807827 0.11647820729762316 0.030665822327136993
v 0.024829981848597527 0.11647820729762316 0.03235906362533569
v 0.02266043610870838 0.11647820729762316 0.033913739025592804
v 0.0203938540071249 0.11647820729762316 0.035323191434144974
v 0.018039941787719727 0.11647820729762316 0.036581382155418396
v 0.015608779154717922 0.11647820729762316 0.03768292814493179
v 0.013110778294503689 0.11647820729762316 0.038623109459877014
v 0.010556635446846485 0.11647820729762316 0.03939789906144142
v 0.00795728713274002 0.11647820729762316 0.040003981441259384
v 0.0053238640539348125 0.11647820729762316 0.04043876379728317
v 0.0026676435954868793 0.11647820729762316 0.04070037603378296
v 2.497526689406364e-18 0.11647820729762316 0.0407877080142498
v -0.0026676435954868793 0.11647820729762316 0.04070037603378296
v -0.0053238640539348125 0.11647820729762316 0.04043876379728317
v -0.00795728713274002 0.11647820729762316 0.040003981441259384
v -0.010556635446846485 0.11647820729762316 0.03939789906144142
v -0.013110778294503689 0.11647820729762316 0.038623109459877014
v -0.015608779154717922 0.11647820729762316 0.03768292814493179
v -0.018039941787719727 0.11647820729762316 0.036581382155418396
v -0.0203938540071249 0.11647820729762316 0.035323191434144974
v -0.02266043610870838 0.11647820729762316 0.033913739025592804
v -0.024829981848597527 0.11647820729762316 0.03235906362533569
v -0.02689320407807827 0.11647820729762316 0.030665822327136993
v -0.02884126454591751 0.11647820729762316 0.02884126454591751
v -0.030665822327136993 0.11647820729762316 0.02689320407807827
v -0.03235906362533569 0.11647820729762316 0.024829981848597527
v -0.033913739025592804 0.11647820729762316 0.02266043610870838
v -0.035323191434144974 0.11647820729762316 0.0203938540071249
v -0.036581382155418396 0.11647820729762316 0.018039941787719727
v -0.03768292814493179 0.11647820729762316 0.015608779154717922
v -0.038623109459877014 0.11647820729762316 0.013110778294503689
v -0.03939789906144142 0.11647820729762316 0.010556635446846485
v -0.040003981441259384 0.11647820729762316 0.00795728713274002
v -0.04043876379728317 0.11647820729762316 0.0053238640539348125
v -0.04070037603378296 0.11647820729762316 0.0026676435954868793
v -0.0407877080142498 0.11647820729762316 4.904539140284113e-18
v -0.04070037603378296 0.11647820729762316 -0.0026676435954868793
v -0.04043876379728317 0.11647820729762316 -0.0053238640539348125
v -0.040003981441259384 0.11647820729762316 -0.00795728713274002
v -0.03939789906144142 0.11647820729762316 -0.010556635446846485
v -0.038623109459877014 0.11647820729762316 -0.013110778294503689
v -0.03768292814493179 0.11647820729762316 -0.015608779154717922
v -0.036581382155418396 0.11647820729762316 -0.018039941787719727
v -0.035323191434144974 0.11647820729762316 -0.0203938540071249
v -0.033913739025592804 0.11647820729762316 -0.02266043610870838
v -0.03235906362533569 0.11647820729762316 -0.024829981848597527
v -0.030665822327136993 0.11647820729762316 -0.02689320407807827
v -0.02884126454591751 0.11647820729762316 -0.02884126454591751
v -0.02689320407807827 0.11647820729762316 -0.030665822327136993
v -0.024829981848597527 0.11647820729762316 -0.03235906362533569
v -0.02266043610870838 0.11647820729762316 -0.033913739025592804
v -0.0203938540071249 0.11647820729762316 -0.035323191434144974
v -0.018039941787719727 0.11647820729762316 -0.036581382155418396
v -0.015608779154717922 0.11647820729762316 -0.03768292814493179
v -0.013110778294503689 0.11647820729762316 -0.038623109459877014
v -0.010556635446846485 0.11647820729762316 -0.03939789906144142
v -0.00795728713274002 0.11647820729762316 -0.040003981441259384
v -0.0053238640539348125 0.11647820729762316 -0.04043876379728317
v -0.0026676435954868793 0.11647820729762316 -0.04070037603378296
v -7.492580481809398e-18 0.11647820729762316 -0.0407877080142498
v 0.0026676435954868793 0.11647820729762316 -0.04070037603378296
v 0.0053238640539348125 0.11647820729762316 -0.04043876379728317
v 0.00795728713274002 0.11647820729762316 -0.040003981441259384
v 0.010556635446846485 0.11647820729762316 -0.03939789906144142
v 0.013110778294503689 0.11647820729762316 -0.038623109459877014
v 0.015608779154717922 0.11647820729762316 -0.03768292814493179
v 0.018039941787719727 0.11647820729762316 -0.036581382155418396
v 0.0203938540071249 0.11647820729762316 -0.035323191434144974
v 0.02266043610870838 0.11647820729762316 -0.033913739025592804
v 0.024829981848597527 0.11647820729762316 -0.03235906362533569
v 0.02689320407807827 0.11647820729762316 -0.030665822327136993
v 0.02884126454591751 0.11647820729762316 -0.02884126454591751
v 0.030665822327136993 0.11647820729762316 -0.02689320407807827
v 0.03235906362533569 0.11647820729762316 -0.024829981848597527
v 0.033913739025592804 0.11647820729762316 -0.02266043610870838
v 0.035323191434144974 0.11647820729762316 -0.0203938540071249
v 0.036581382155418396 0.11647820729762316 -0.018039941787719727
v 0.03768292814493179 0.11647820729762316 -0.015608779154717922
v 0.038623109459877014 0.11647820729762316 -0.013110778294503689
v 0.03939789906144142 0.11647820729762316 -0.010556635446846485
v 0.040003981441259384 0.11647820729762316 -0.00795728713274002
v 0.04043876379728317 0.11647820729762316 -0.0053238640539348125
v 0.04070037603378296 0.11647820729762316 -0.0026676435954868793
v 0.0407877080142498 0.11647820729762316 -1.0080620996154071e-17
v 0.0414000004529953 0.1165999999595806 -9.79717435022237e-20
v 0.0413113608956337 0.1165999999595806 0.0027076895348727703
v 0.041045818477869034 0.1165999999595806 0.005403784569352865
v 0.04060450941324234 0.1165999999595806 0.008076739497482777
v 0.03998932987451553 0.1165999999595806 0.01071510836482048
v 0.03920290619134903 0.1165999999595806 0.013307593762874603
v 0.038248613476753235 0.1165999999595806 0.015843093395233154
v 0.037130530923604965 0.1165999999595806 0.018310751765966415
v 0.03585345298051834 0.1165999999595806 0.02070000022649765
v 0.03442284092307091 0.1165999999595806 0.023000607267022133
v 0.03284482657909393 0.1165999999595806 0.02520272321999073
v 0.031126167625188828 0.1165999999595806 0.027296917513012886
v 0.029274221509695053 0.1165999999595806 0.029274221509695053
v 0.027296917513012886 0.1165999999595806 0.031126167625188828
v 0.02520272321999073 0.1165999999595806 0.03284482657909393
v 0.023000607267022133 0.1165999999595806 0.03442284092307091
v 0.02070000022649765 0.1165999999595806 0.03585345298051834
v 0.018310751765966415 0.1165999999595806 0.037130530923604965
v 0.015843093395233154 0.1165999999595806 0.038248613476753235
v 0.013307593762874603 0.1165999999595806 0.03920290619134903
v 0.01071510836482048 0.1165999999595806 0.03998932987451553
v 0.008076739497482777 0.1165999999595806 0.04060450941324234
v 0.005403784569352865 0.1165999999595806 0.041045818477869034
v 0.0027076895348727703 0.1165999999595806 0.0413113608956337
v 2.535018857465483e-18 0.1165999999595806 0.0414000004529953
v -0.0027076895348727703 0.1165999999595806 0.0413113608956337
v -0.005403784569352865 0.1165999999595806 0.041045818477869034
v -0.008076739497482777 0.1165999999595806 0.04060450941324234
v -0.01071510836482048 0.1165999999595806 0.03998932987451553
v -0.013307593762874603 0.1165999999595806 0.03920290619134903
v -0.015843093395233154 0.1165999999595806 0.038248613476753235
v -0.018310751765966415 0.1165999999595806 0.037130530923604965
v -0.02070000022649765 0.1165999999595806 0.03585345298051834
v -0.023000607267022133 0.1165999999595806 0.03442284092307091
v -0.02520272321999073 0.1165999999595806 0.03284482657909393
v -0.027296917513012886 0.1165999999595806 0.031126167625188828
v -0.029274221509695053 0.1165999999595806 0.029274221509695053
v -0.031126167625188828 0.1165999999595806 0.027296917513012886
v -0.03284482657909393 0.1165999999595806 0.02520272321999073
v -0.03442284092307091 0.1165999999595806 0.023000607267022133
v -0.03585345298051834 0.1165999999595806 0.02070000022649765
v -0.037130530923604965 0.1165999999595806 0.018310751765966415
v -0.038248613476753235 0.1165999999595806 0.015843093395233154
v -0.03920290619134903 0.1165999999595806 0.013307593762874603
v -0.03998932987451553 0.1165999999595806 0.01071510836482048
v -0.04060450941324234 0.1165999999595806 0.008076739497482777
v -0.041045818477869034 0.1165999999595806 0.005403784569352865
v -0.0413113608956337 0.1165999999595806 0.0027076895348727703
v -0.0414000004529953 0.1165999999595806 4.972066029589879e-18
v -0.0413113608956337 0.1165999999595806 -0.0027076895348727703
v -0.041045818477869034 0.1165999999595806 -0.005403784569352865
v -0.04060450941324234 0.1165999999595806 -0.008076739497482777
v -0.03998932987451553 0.1165999999595806 -0.01071510836482048
v -0.03920290619134903 0.1165999999595806 -0.013307593762874603
v -0.038248613476753235 0.1165999999595806 -0.015843093395233154
v -0.037130530923604965 0.1165999999595806 -0.018310751765966415
v -0.03585345298051834 0.1165999999595806 -0.02070000022649765
v -0.03442284092307091 0.1165999999595806 -0.023000607267022133
v -0.03284482657909393 0.1165999999595806 -0.02520272321999073
v -0.031126167625188828 0.1165999999595806 -0.027296917513012886
v -0.029274221509695053 0.1165999999595806 -0.029274221509695053
v -0.027296917513012886 0.1165999999595806 -0.031126167625188828
v -0.02520272321999073 0.1165999999595806 -0.03284482657909393
v -0.023000607267022133 0.1165999999595806 -0.03442284092307091
v -0.02070000022649765 0.1165999999595806 -0.03585345298051834
v -0.018310751765966415 0.1165999999595806 -0.037130530923604965
v -0.015843093395233154 0.1165999999595806 -0.038248613476753235
v -0.013307593762874603 0.1165999999595806 -0.03920290619134903
v -0.01071510836482048 0.1165999999595806 -0.03998932987451553
v -0.008076739497482777 0.1165999999595806 -0.04060450941324234
v -0.005403784569352865 0.1165999999595806 -0.041045818477869034
v -0.0027076895348727703 0.1165999999595806 -0.0413113608956337
v -7.605056365601296e-18 0.1165999999595806 -0.0414000004529953
v 0.0027076895348727703 0.1165999999595806 -0.0413113608956337
v 0.005403784569352865 0.1165999999595806 -0.041045818477869034
v 0.008076739497482777 0.1165999999595806 -0.04060450941324234
v 0.01071510836482048 0.1165999999595806 -0.03998932987451553
v 0.013307593762874603 0.1165999999595806 -0.03920290619134903
v 0.015843093395233154 0.1165999999595806 -0.038248613476753235
v 0.018310751765966415 0.1165999999595806 -0.037130530923604965
v 0.02070000022649765 0.1165999999595806 -0.03585345298051834
v 0.023000607267022133 0.1165999999595806 -0.03442284092307091
v 0.02520272321999073 0.1165999999595806 -0.03284482657909393
v 0.027296917513012886 0.1165999999595806 -0.031126167625188828
v 0.029274221509695053 0.1165999999595806 -0.029274221509695053
v 0.031126167625188828 0.1165999999595806 -0.027296917513012886
v 0.03284482657909393 0.1165999999595806 -0.02520272321999073
v 0.03442284092307091 0.1165999999595806 -0.023000607267022133
v 0.03585345298051834 0.1165999999595806 -0.02070000022649765
v 0.037130530923604965 0.1165999999595806 -0.018310751765966415
v 0.038248613476753235 0.1165999999595806 -0.015843093395233154
v 0.03920290619134903 0.1165999999595806 -0.013307593762874603
v 0.03998932987451553 0.1165999999595806 -0.01071510836482048
v 0.04060450941324234 0.1165999999595806 -0.008076739497482777
v 0.041045818477869034 0.1165999999595806 -0.005403784569352865
v 0.0413113608956337 0.1165999999595806 -0.0027076895348727703
v 0.0414000004529953 0.1165999999595806 -1.0238047528793326e-17
v 0.0420122928917408 0.11647820729762316 -9.051408989459874e-20
v 0.04192234203219414 0.11647820729762316 0.0027477354742586613
v 0.041652873158454895 0.11647820729762316 0.005483704619109631
v 0.041205037385225296 0.11647820729762316 0.008196191862225533
v 0.040580760687589645 0.11647820729762316 0.010873581282794476
v 0.03978270664811134 0.11647820729762316 0.013504409231245518
v 0.038814298808574677 0.11647820729762316 0.01607740856707096
v 0.037679679691791534 0.11647820729762316 0.018581561744213104
v 0.03638371452689171 0.11647820729762316 0.0210061464458704
v 0.03493194654583931 0.11647820729762316 0.023340780287981033
v 0.03333059325814247 0.11647820729762316 0.025575464591383934
v 0.03158651292324066 0.11647820729762316 0.027700629085302353
v 0.029707178473472595 0.11647820729762316 0.029707178473472595
v 0.027700629085302353 0.11647820729762316 0.03158651292324066
v 0.025575464591383934 0.11647820729762316 0.03333059325814247
v 0.023340780287981033 0.11647820729762316 0.03493194654583931
v 0.0210061464458704 0.11647820729762316 0.03638371452689171
v 0.018581561744213104 0.11647820729762316 0.037679679691791534
v 0.01607740856707096 0.11647820729762316 0.038814298808574677
v 0.013504409231245518 0.11647820729762316 0.03978270664811134
v 0.010873581282794476 0.11647820729762316 0.040580760687589645
v 0.008196191862225533 0.11647820729762316 0.041205037385225296
v 0.005483704619109631 0.11647820729762316 0.041652873158454895
v 0.0027477354742586613 0.11647820729762316 0.04192234203219414
v 2.5725110255246022e-18 0.11647820729762316 0.0420122928917408
v -0.0027477354742586613 0.11647820729762316 0.04192234203219414
v -0.005483704619109631 0.11647820729762316 0.041652873158454895
v -0.008196191862225533 0.11647820729762316 0.041205037385225296
v -0.010873581282794476 0.11647820729762316 0.040580760687589645
v -0.013504409231245518 0.11647820729762316 0.03978270664811134
v -0.01607740856707096 0.11647820729762316 0.038814298808574677
v -0.018581561744213104 0.11647820729762316 0.037679679691791534
v -0.0210061464458704 0.11647820729762316 0.03638371452689171
v -0.023340780287981033 0.11647820729762316 0.03493194654583931
v -0.025575464591383934 0.11647820729762316 0.03333059325814247
v -0.027700629085302353 0.11647820729762316 0.03158651292324066
v -0.029707178473472595 0.11647820729762316 0.029707178473472595
v -0.03158651292324066 0.11647820729762316 0.027700629085302353
v -0.03333059325814247 0.11647820729762316 0.025575464591383934
v -0.03493194654583931 0.11647820729762316 0.023340780287981033
v -0.03638371452689171 0.11647820729762316 0.0210061464458704
v -0.037679679691791534 0.11647820729762316 0.018581561744213104
v -0.038814298808574677 0.11647820729762316 0.01607740856707096
v -0.03978270664811134 0.11647820729762316 0.013504409231245518
v -0.040580760687589645 0.11647820729762316 0.010873581282794476
v -0.041205037385225296 0.11647820729762316 0.008196191862225533
v -0.041652873158454895 0.11647820729762316 0.005483704619109631
v -0.04192234203219414 0.11647820729762316 0.0027477354742586613
v -0.0420122928917408 0.11647820729762316 5.0545078125205894e-18
v -0.04192234203219414 0.11647820729762316 -0.0027477354742586613
v -0.041652873158454895 0.11647820729762316 -0.005483704619109631
v -0.041205037385225296 0.11647820729762316 -0.008196191862225533
v -0.040580760687589645 0.11647820729762316 -0.010873581282794476
v -0.03978270664811134 0.11647820729762316 -0.013504409231245518
v -0.038814298808574677 0.11647820729762316 -0.01607740856707096
v -0.037679679691791534 0.11647820729762316 -0.018581561744213104
v -0.03638371452689171 0.11647820729762316 -0.0210061464458704
v -0.03493194654583931 0.11647820729762316 -0.023340780287981033
v -0.03333059325814247 0.11647820729762316 -0.025575464591383934
v -0.03158651292324066 0.11647820729762316 -0.027700629085302353
v -0.029707178473472595 0.11647820729762316 -0.029707178473472595
v -0.027700629085302353 0.11647820729762316 -0.03158651292324066
v -0.025575464591383934 0.11647820729762316 -0.03333059325814247
v -0.023340780287981033 0.11647820729762316 -0.03493194654583931
v -0.0210061464458704 0.11647820729762316 -0.03638371452689171
v -0.018581561744213104 0.11647820729762316 -0.037679679691791534
v -0.01607740856707096 0.11647820729762316 -0.038814298808574677
v -0.013504409231245518 0.11647820729762316 -0.03978270664811134
v -0.010873581282794476 0.11647820729762316 -0.040580760687589645
v -0.008196191862225533 0.11647820729762316 -0.041205037385225296
v -0.005483704619109631 0.11647820729762316 -0.041652873158454895
v -0.0027477354742586613 0.11647820729762316 -0.04192234203219414
v -7.717533076573807e-18 0.11647820729762316 -0.0420122928917408
v 0.0027477354742586613 0.11647820729762316 -0.04192234203219414
v 0.005483704619109631 0.11647820729762316 -0.041652873158454895
v 0.008196191862225533 0.11647820729762316 -0.041205037385225296
v 0.010873581282794476 0.11647820729762316 -0.040580760687589645
v 0.013504409231245518 0.11647820729762316 -0.03978270664811134
v 0.01607740856707096 0.11647820729762316 -0.038814298808574677
v 0.018581561744213104 0.11647820729762316 -0.037679679691791534
v 0.0210061464458704 0.11647820729762316 -0.03638371452689171
v 0.023340780287981033 0.11647820729762316 -0.03493194654583931
v 0.025575464591383934 0.11647820729762316 -0.03333059325814247
v 0.027700629085302353 0.11647820729762316 -0.03158651292324066
v 0.029707178473472595 0.11647820729762316 -0.029707178473472595
v 0.03158651292324066 0.11647820729762316 -0.027700629085302353
v 0.03333059325814247 0.11647820729762316 -0.025575464591383934
v 0.03493194654583931 0.11647820729762316 -0.023340780287981033
v 0.03638371452689171 0.11647820729762316 -0.0210061464458704
v 0.037679679691791534 0.11647820729762316 -0.018581561744213104
v 0.038814298808574677 0.11647820729762316 -0.01607740856707096
v 0.03978270664811134 0.11647820729762316 -0.013504409231245518
v 0.040580760687589645 0.11647820729762316 -0.010873581282794476
v 0.041205037385225296 0.11647820729762316 -0.008196191862225533
v 0.041652873158454895 0.11647820729762316 -0.005483704619109631
v 0.04192234203219414 0.11647820729762316 -0.0027477354742586613
v 0.0420122928917408 0.11647820729762316 -1.0380558340627024e-17
v 0.042531371116638184 0.11613137089647353 -6.927648616124117e-20
v 0.04244030639529228 0.11613137089647353 0.0027816847432404757
v 0.04216751083731651 0.11613137089647353 0.005551457870751619
v 0.0417141430079937 0.11613137089647353 0.008297459222376347
v 0.04108215123414993 0.11613137089647353 0.011007929220795631
v 0.0402742363512516 0.11613137089647353 0.013671261258423328
v 0.039293862879276276 0.11613137089647353 0.016276050359010696
v 0.03814522549510002 0.11613137089647353 0.018811143934726715
v 0.036833249032497406 0.11613137089647353 0.021265685558319092
v 0.03536354377865791 0.11613137089647353 0.023629164323210716
v 0.033742405474185944 0.11613137089647353 0.025891458615660667
v 0.03197677806019783 0.11613137089647353 0.028042880818247795
v 0.030074220150709152 0.11613137089647353 0.030074220150709152
v 0.028042880818247795 0.11613137089647353 0.03197677806019783
v 0.025891458615660667 0.11613137089647353 0.033742405474185944
v 0.023629164323210716 0.11613137089647353 0.03536354377865791
v 0.021265685558319092 0.11613137089647353 0.036833249032497406
v 0.018811143934726715 0.11613137089647353 0.03814522549510002
v 0.016276050359010696 0.11613137089647353 0.039293862879276276
v 0.013671261258423328 0.11613137089647353 0.0402742363512516
v 0.011007929220795631 0.11613137089647353 0.04108215123414993
v 0.008297459222376347 0.11613137089647353 0.0417141430079937
v 0.005551457870751619 0.11613137089647353 0.04216751083731651
v 0.0027816847432404757 0.11613137089647353 0.04244030639529228
v 2.6042954405619523e-18 0.11613137089647353 0.042531371116638184
v -0.0027816847432404757 0.11613137089647353 0.04244030639529228
v -0.005551457870751619 0.11613137089647353 0.04216751083731651
v -0.008297459222376347 0.11613137089647353 0.0417141430079937
v -0.011007929220795631 0.11613137089647353 0.04108215123414993
v -0.013671261258423328 0.11613137089647353 0.0402742363512516
v -0.016276050359010696 0.11613137089647353 0.039293862879276276
v -0.018811143934726715 0.11613137089647353 0.03814522549510002
v -0.021265685558319092 0.11613137089647353 0.036833249032497406
v -0.023629164323210716 0.11613137089647353 0.03536354377865791
v -0.025891458615660667 0.11613137089647353 0.033742405474185944
v -0.028042880818247795 0.11613137089647353 0.03197677806019783
v -0.030074220150709152 0.11613137089647353 0.030074220150709152
v -0.03197677806019783 0.11613137089647353 0.028042880818247795
v -0.033742405474185944 0.11613137089647353 0.025891458615660667
v -0.03536354377865791 0.11613137089647353 0.023629164323210716
v -0.036833249032497406 0.11613137089647353 0.021265685558319092
v -0.03814522549510002 0.11613137089647353 0.018811143934726715
v -0.039293862879276276 0.11613137089647353 0.016276050359010696
v -0.0402742363512516 0.11613137089647353 0.013671261258423328
v -0.04108215123414993 0.11613137089647353 0.011007929220795631
v -0.0417141430079937 0.11613137089647353 0.008297459222376347
v -0.04216751083731651 0.11613137089647353 0.005551457870751619
v -0.04244030639529228 0.11613137089647353 0.0027816847432404757
v -0.042531371116638184 0.11613137089647353 5.1393145048225886e-18
v -0.04244030639529228 0.11613137089647353 -0.0027816847432404757
v -0.04216751083731651 0.11613137089647353 -0.005551457870751619
v -0.0417141430079937 0.11613137089647353 -0.008297459222376347
v -0.04108215123414993 0.11613137089647353 -0.011007929220795631
v -0.0402742363512516 0.11613137089647353 -0.013671261258423328
v -0.039293862879276276 0.11613137089647353 -0.016276050359010696
v -0.03814522549510002 0.11613137089647353 -0.018811143934726715
v -0.036833249032497406 0.11613137089647353 -0.021265685558319092
v -0.03536354377865791 0.11613137089647353 -0.023629164323210716
v -0.033742405474185944 0.11613137089647353 -0.025891458615660667
v -0.03197677806019783 0.11613137089647353 -0.028042880818247795
v -0.030074220150709152 0.11613137089647353 -0.030074220150709152
v -0.028042880818247795 0.11613137089647353 -0.03197677806019783
v -0.025891458615660667 0.11613137089647353 -0.033742405474185944
v -0.023629164323210716 0.11613137089647353 -0.03536354377865791
v -0.021265685558319092 0.11613137089647353 -0.036833249032497406
v -0.018811143934726715 0.11613137089647353 -0.03814522549510002
v -0.016276050359010696 0.11613137089647353 -0.039293862879276276
v -0.013671261258423328 0.11613137089647353 -0.0402742363512516
v -0.011007929220795631 0.11613137089647353 -0.04108215123414993
v -0.008297459222376347 0.11613137089647353 -0.0417141430079937
v -0.005551457870751619 0.11613137089647353 -0.04216751083731651
v -0.0027816847432404757 0.11613137089647353 -0.04244030639529228
v -7.812886321685857e-18 0.11613137089647353 -0.042531371116638184
v 0.0027816847432404757 0.11613137089647353 -0.04244030639529228
v 0.005551457870751619 0.11613137089647353 -0.04216751083731651
v 0.008297459222376347 0.11613137089647353 -0.0417141430079937
v 0.011007929220795631 0.11613137089647353 -0.04108215123414993
v 0.013671261258423328 0.11613137089647353 -0.0402742363512516
v 0.016276050359010696 0.11613137089647353 -0.039293862879276276
v 0.018811143934726715 0.11613137089647353 -0.03814522549510002
v 0.021265685558319092 0.11613137089647353 -0.036833249032497406
v 0.023629164323210716 0.11613137089647353 -0.03536354377865791
v 0.025891458615660667 0.11613137089647353 -0.033742405474185944
v 0.028042880818247795 0.11613137089647353 -0.03197677806019783
v 0.030074220150709152 0.11613137089647353 -0.030074220150709152
v 0.03197677806019783 0.11613137089647353 -0.028042880818247795
v 0.033742405474185944 0.11613137089647353 -0.025891458615660667
v 0.03536354377865791 0.11613137089647353 -0.023629164323210716
v 0.036833249032497406 0.11613137089647353 -0.021265685558319092
v 0.03814522549510002 0.11613137089647353 -0.018811143934726715
v 0.039293862879276276 0.11613137089647353 -0.016276050359010696
v 0.0402742363512516 0.11613137089647353 -0.013671261258423328
v 0.04108215123414993 0.11613137089647353 -0.011007929220795631
v 0.0417141430079937 0.11613137089647353 -0.008297459222376347
v 0.04216751083731651 0.11613137089647353 -0.005551457870751619
v 0.04244030639529228 0.11613137089647353 -0.0027816847432404757
v 0.042531371116638184 0.11613137089647353 -1.0486458138549125e-17
v 0.04287820681929588 0.1156122934864834 -3.749216159677058e-20
v 0.04278640076518059 0.1156122934864834 0.002804368967190385
v 0.04251137748360634 0.1156122934864834 0.0055967289954423904
v 0.04205431416630745 0.1156122934864834 0.00836512353271246
v 0.04141716659069061 0.1156122934864834 0.011097696609795094
v 0.0406026653945446 0.1156122934864834 0.013782748021185398
v 0.039614297449588776 0.1156122934864834 0.016408778727054596
v 0.03845629468560219 0.1156122934864834 0.01896454580128193
v 0.03713361546397209 0.1156122934864834 0.02143910340964794
v 0.03565192595124245 0.1156122934864834 0.02382185496389866
v 0.034017570316791534 0.1156122934864834 0.026102598756551743
v 0.032237544655799866 0.1156122934864834 0.028271567076444626
v 0.030319470912218094 0.1156122934864834 0.030319470912218094
v 0.028271567076444626 0.1156122934864834 0.032237544655799866
v 0.026102598756551743 0.1156122934864834 0.034017570316791534
v 0.02382185496389866 0.1156122934864834 0.03565192595124245
v 0.02143910340964794 0.1156122934864834 0.03713361546397209
v 0.01896454580128193 0.1156122934864834 0.03845629468560219
v 0.016408778727054596 0.1156122934864834 0.039614297449588776
v 0.013782748021185398 0.1156122934864834 0.0406026653945446
v 0.011097696609795094 0.1156122934864834 0.04141716659069061
v 0.00836512353271246 0.1156122934864834 0.04205431416630745
v 0.0055967289954423904 0.1156122934864834 0.04251137748360634
v 0.002804368967190385 0.1156122934864834 0.04278640076518059
v 2.625532889198945e-18 0.1156122934864834 0.04287820681929588
v -0.002804368967190385 0.1156122934864834 0.04278640076518059
v -0.0055967289954423904 0.1156122934864834 0.04251137748360634
v -0.00836512353271246 0.1156122934864834 0.04205431416630745
v -0.011097696609795094 0.1156122934864834 0.04141716659069061
v -0.013782748021185398 0.1156122934864834 0.0406026653945446
v -0.016408778727054596 0.1156122934864834 0.039614297449588776
v -0.01896454580128193 0.1156122934864834 0.03845629468560219
v -0.02143910340964794 0.1156122934864834 0.03713361546397209
v -0.02382185496389866 0.1156122934864834 0.03565192595124245
v -0.026102598756551743 0.1156122934864834 0.034017570316791534
v -0.028271567076444626 0.1156122934864834 0.032237544655799866
v -0.030319470912218094 0.1156122934864834 0.030319470912218094
v -0.032237544655799866 0.1156122934864834 0.028271567076444626
v -0.034017570316791534 0.1156122934864834 0.026102598756551743
v -0.03565192595124245 0.1156122934864834 0.02382185496389866
v -0.03713361546397209 0.1156122934864834 0.02143910340964794
v -0.03845629468560219 0.1156122934864834 0.01896454580128193
v -0.039614297449588776 0.1156122934864834 0.016408778727054596
v -0.0406026653945446 0.1156122934864834 0.013782748021185398
v -0.04141716659069061 0.1156122934864834 0.011097696609795094
v -0.04205431416630745 0.1156122934864834 0.00836512353271246
v -0.04251137748360634 0.1156122934864834 0.0055967289954423904
v -0.04278640076518059 0.1156122934864834 0.002804368967190385
v -0.04287820681929588 0.1156122934864834 5.213573817133924e-18
v -0.04278640076518059 0.1156122934864834 -0.002804368967190385
v -0.04251137748360634 0.1156122934864834 -0.0055967289954423904
v -0.04205431416630745 0.1156122934864834 -0.00836512353271246
v -0.04141716659069061 0.1156122934864834 -0.011097696609795094
v -0.0406026653945446 0.1156122934864834 -0.013782748021185398
v -0.039614297449588776 0.1156122934864834 -0.016408778727054596
v -0.03845629468560219 0.1156122934864834 -0.01896454580128193
v -0.03713361546397209 0.1156122934864834 -0.02143910340964794
v -0.03565192595124245 0.1156122934864834 -0.02382185496389866
v -0.034017570316791534 0.1156122934864834 -0.026102598756551743
v -0.032237544655799866 0.1156122934864834 -0.028271567076444626
v -0.030319470912218094 0.1156122934864834 -0.030319470912218094
v -0.028271567076444626 0.1156122934864834 -0.032237544655799866
v -0.026102598756551743 0.1156122934864834 -0.034017570316791534
v -0.02382185496389866 0.1156122934864834 -0.03565192595124245
v -0.02143910340964794 0.1156122934864834 -0.03713361546397209
v -0.01896454580128193 0.1156122934864834 -0.03845629468560219
v -0.016408778727054596 0.1156122934864834 -0.039614297449588776
v -0.013782748021185398 0.1156122934864834 -0.0406026653945446
v -0.011097696609795094 0.1156122934864834 -0.04141716659069061
v -0.00836512353271246 0.1156122934864834 -0.04205431416630745
v -0.0055967289954423904 0.1156122934864834 -0.04251137748360634
v -0.002804368967190385 0.1156122934864834 -0.04278640076518059
v -7.876599081187141e-18 0.1156122934864834 -0.04287820681929588
v 0.002804368967190385 0.1156122934864834 -0.04278640076518059
v 0.0055967289954423904 0.1156122934864834 -0.04251137748360634
v 0.00836512353271246 0.1156122934864834 -0.04205431416630745
v 0.011097696609795094 0.1156122934864834 -0.04141716659069061
v 0.013782748021185398 0.1156122934864834 -0.0406026653945446
v 0.016408778727054596 0.1156122934864834 -0.039614297449588776
v 0.01896454580128193 0.1156122934864834 -0.03845629468560219
v 0.02143910340964794 0.1156122934864834 -0.03713361546397209
v 0.02382185496389866 0.1156122934864834 -0.03565192595124245
v 0.026102598756551743 0.1156122934864834 -0.034017570316791534
v 0.028271567076444626 0.1156122934864834 -0.032237544655799866
v 0.030319470912218094 0.1156122934864834 -0.030319470912218094
v 0.032237544655799866 0.1156122934864834 -0.028271567076444626
v 0.034017570316791534 0.1156122934864834 -0.026102598756551743
v 0.03565192595124245 0.1156122934864834 -0.02382185496389866
v 0.03713361546397209 0.1156122934864834 -0.02143910340964794
v 0.03845629468560219 0.1156122934864834 -0.01896454580128193
v 0.039614297449588776 0.1156122934864834 -0.016408778727054596
v 0.0406026653945446 0.1156122934864834 -0.013782748021185398
v 0.04141716659069061 0.1156122934864834 -0.011097696609795094
v 0.04205431416630745 0.1156122934864834 -0.00836512353271246
v 0.04251137748360634 0.1156122934864834 -0.0055967289954423904
v 0.04278640076518059 0.1156122934864834 -0.002804368967190385
v 0.04287820681929588 0.1156122934864834 -1.0539623518059746e-17
v 0.0430000014603138 0.115 -2.3996155968602314e-35
v 0.04290793463587761 0.115 0.002812334569171071
v 0.04263212904334068 0.115 0.005612626206129789
v 0.04217376559972763 0.115 0.00838888343423605
v 0.04153481125831604 0.115 0.011129219084978104
v 0.040717996656894684 0.115 0.013821897096931934
v 0.03972681984305382 0.115 0.016455387696623802
v 0.03856552764773369 0.115 0.01901841349899769
v 0.03723909333348274 0.115 0.0215000007301569
v 0.035753194242715836 0.115 0.02388951927423477
v 0.03411419317126274 0.115 0.02617674134671688
v 0.03232911229133606 0.115 0.02835186943411827
v 0.030405592173337936 0.115 0.030405592173337936
v 0.02835186943411827 0.115 0.03232911229133606
v 0.02617674134671688 0.115 0.03411419317126274
v 0.02388951927423477 0.115 0.035753194242715836
v 0.0215000007301569 0.115 0.03723909333348274
v 0.01901841349899769 0.115 0.03856552764773369
v 0.016455387696623802 0.115 0.03972681984305382
v 0.013821897096931934 0.115 0.040717996656894684
v 0.011129219084978104 0.115 0.04153481125831604
v 0.00838888343423605 0.115 0.04217376559972763
v 0.005612626206129789 0.115 0.04263212904334068
v 0.002812334569171071 0.115 0.04290793463587761
v 2.63299054280657e-18 0.115 0.0430000014603138
v -0.002812334569171071 0.115 0.04290793463587761
v -0.005612626206129789 0.115 0.04263212904334068
v -0.00838888343423605 0.115 0.04217376559972763
v -0.011129219084978104 0.115 0.04153481125831604
v -0.013821897096931934 0.115 0.040717996656894684
v -0.016455387696623802 0.115 0.03972681984305382
v -0.01901841349899769 0.115 0.03856552764773369
v -0.0215000007301569 0.115 0.03723909333348274
v -0.02388951927423477 0.115 0.035753194242715836
v -0.02617674134671688 0.115 0.03411419317126274
v -0.02835186943411827 0.115 0.03232911229133606
v -0.030405592173337936 0.115 0.030405592173337936
v -0.03232911229133606 0.115 0.02835186943411827
v -0.03411419317126274 0.115 0.02617674134671688
v -0.035753194242715836 0.115 0.02388951927423477
v -0.03723909333348274 0.115 0.0215000007301569
v -0.03856552764773369 0.115 0.01901841349899769
v -0.03972681984305382 0.115 0.016455387696623802
v -0.040717996656894684 0.115 0.013821897096931934
v -0.04153481125831604 0.115 0.011129219084978104
v -0.04217376559972763 0.115 0.00838888343423605
v -0.04263212904334068 0.115 0.005612626206129789
v -0.04290793463587761 0.115 0.002812334569171071
v -0.0430000014603138 0.115 5.26598108561314e-18
v -0.04290793463587761 0.115 -0.002812334569171071
v -0.04263212904334068 0.115 -0.005612626206129789
v -0.04217376559972763 0.115 -0.00838888343423605
v -0.04153481125831604 0.115 -0.011129219084978104
v -0.040717996656894684 0.115 -0.013821897096931934
v -0.03972681984305382 0.115 -0.016455387696623802
v -0.03856552764773369 0.115 -0.01901841349899769
v -0.03723909333348274 0.115 -0.0215000007301569
v -0.035753194242715836 0.115 -0.02388951927423477
v -0.03411419317126274 0.115 -0.02617674134671688
v -0.03232911229133606 0.115 -0.02835186943411827
v -0.030405592173337936 0.115 -0.030405592173337936
v -0.02835186943411827 0.115 -0.03232911229133606
v -0.02617674134671688 0.115 -0.03411419317126274
v -0.02388951927423477 0.115 -0.035753194242715836
v -0.0215000007301569 0.115 -0.03723909333348274
v -0.01901841349899769 0.115 -0.03856552764773369
v -0.016455387696623802 0.115 -0.03972681984305382
v -0.013821897096931934 0.115 -0.040717996656894684
v -0.011129219084978104 0.115 -0.04153481125831604
v -0.00838888343423605 0.115 -0.04217376559972763
v -0.005612626206129789 0.115 -0.04263212904334068
v -0.002812334569171071 0.115 -0.04290793463587761
v -7.898971835214863e-18 0.115 -0.0430000014603138
v 0.002812334569171071 0.115 -0.04290793463587761
v 0.005612626206129789 0.115 -0.04263212904334068
v 0.00838888343423605 0.115 -0.04217376559972763
v 0.011129219084978104 0.115 -0.04153481125831604
v 0.013821897096931934 0.115 -0.040717996656894684
v 0.016455387696623802 0.115 -0.03972681984305382
v 0.01901841349899769 0.115 -0.03856552764773369
v 0.0215000007301569 0.115 -0.03723909333348274
v 0.02388951927423477 0.115 -0.035753194242715836
v 0.02617674134671688 0.115 -0.03411419317126274
v 0.02835186943411827 0.115 -0.03232911229133606
v 0.030405592173337936 0.115 -0.030405592173337936
v 0.03232911229133606 0.115 -0.02835186943411827
v 0.03411419317126274 0.115 -0.02617674134671688
v 0.035753194242715836 0.115 -0.02388951927423477
v 0.03723909333348274 0.115 -0.0215000007301569
v 0.03856552764773369 0.115 -0.01901841349899769
v 0.03972681984305382 0.115 -0.016455387696623802
v 0.040717996656894684 0.115 -0.013821897096931934
v 0.04153481125831604 0.115 -0.011129219084978104
v 0.04217376559972763 0.115 -0.00838888343423605
v 0.04263212904334068 0.115 -0.005612626206129789
v 0.04290793463587761 0.115 -0.002812334569171071
v 0.0430000014603138 0.115 -1.053196217122628e-17
vt 0 0
vt 0.010416666977107525 0
vt 0.02083333395421505 0
vt 0.03125 0
vt 0.0416666679084301 0
vt 0.0520833320915699 0
vt 0.0625 0
vt 0.0729166641831398 0
vt 0.0833333358168602 0
vt 0.09375 0
vt 0.1041666641831398 0
vt 0.1145833358168602 0
vt 0.125 0
vt 0.1354166716337204 0
vt 0.1458333283662796 0
vt 0.15625 0
vt 0.1666666716337204 0
vt 0.1770833283662796 0
vt 0.1875 0
vt 0.1979166716337204 0
vt 0.2083333283662796 0
vt 0.21875 0
vt 0.2291666716337204 0
vt 0.2395833283662796 0
vt 0.25 0
vt 0.2604166567325592 0
vt 0.2708333432674408 0
vt 0.28125 0
vt 0.2916666567325592 0
vt 0.3020833432674408 0
vt 0.3125 0
vt 0.3229166567325592 0
vt 0.3333333432674408 0
vt 0.34375 0
vt 0.3541666567325592 0
vt 0.3645833432674408 0
vt 0.375 0
vt 0.3854166567325592 0
vt 0.3958333432674408 0
vt 0.40625 0
vt 0.4166666567325592 0
vt 0.4270833432674408 0
vt 0.4375 0
vt 0.4479166567325592 0
vt 0.4583333432674408 0
vt 0.46875 0
vt 0.4791666567325592 0
vt 0.4895833432674408 0
vt 0.5 0
vt 0.5104166865348816 0
vt 0.5208333134651184 0
vt 0.53125 0
vt 0.5416666865348816 0
vt 0.5520833134651184 0
vt 0.5625 0
vt 0.5729166865348816 0
vt 0.5833333134651184 0
vt 0.59375 0
vt 0.6041666865348816 0
vt 0.6145833134651184 0
vt 0.625 0
vt 0.6354166865348816 0
vt 0.6458333134651184 0
vt 0.65625 0
vt 0.6666666865348816 0
vt 0.6770833134651184 0
vt 0.6875 0
vt 0.6979166865348816 0
vt 0.7083333134651184 0
vt 0.71875 0
vt 0.7291666865348816 0
vt 0.7395833134651184 0
vt 0.75 0
vt 0.7604166865348816 0
vt 0.7708333134651184 0
vt 0.78125 0
vt 0.7916666865348816 0
vt 0.8020833134651184 0
vt 0.8125 0
vt 0.8229166865348816 0
vt 0.8333333134651184 0
vt 0.84375 0
vt 0.8541666865348816 0
vt 0.8645833134651184 0
vt 0.875 0
vt 0.8854166865348816 0
vt 0.8958333134651184 0
vt 0.90625 0
vt 0.9166666865348816 0
vt 0.9270833134651184 0
vt 0.9375 0
vt 0.9479166865348816 0
vt 0.9583333134651184 0
vt 0.96875 0
vt 0.9791666865348816 0
vt 0.9895833134651184 0
vt 1 0
vt 0 0.0625
vt 0.010416666977107525 0.0625
vt 0.02083333395421505 0.0625
vt 0.03125 0.0625
vt 0.0416666679084301 0.0625
vt 0.0520833320915699 0.0625
vt 0.0625 0.0625
vt 0.0729166641831398 0.0625
vt 0.0833333358168602 0.0625
vt 0.09375 0.0625
vt 0.1041666641831398 0.0625
vt 0.1145833358168602 0.0625
vt 0.125 0.0625
vt 0.1354166716337204 0.0625
vt 0.1458333283662796 0.0625
vt 0.15625 0.0625
vt 0.1666666716337204 0.0625
vt 0.1770833283662796 0.0625
vt 0.1875 0.0625
vt 0.1979166716337204 0.0625
vt 0.2083333283662796 0.0625
vt 0.21875 0.0625
vt 0.2291666716337204 0.0625
vt 0.2395833283662796 0.0625
vt 0.25 0.0625
vt 0.2604166567325592 0.0625
vt 0.2708333432674408 0.0625
vt 0.28125 0.0625
vt 0.2916666567325592 0.0625
vt 0.3020833432674408 0.0625
vt 0.3125 0.0625
vt 0.3229166567325592 0.0625
vt 0.3333333432674408 0.0625
vt 0.34375 0.0625
vt 0.3541666567325592 0.0625
vt 0.3645833432674408 0.0625
vt 0.375 0.0625
vt 0.3854166567325592 0.0625
vt 0.3958333432674408 0.0625
vt 0.40625 0.0625
vt 0.4166666567325592 0.0625
vt 0.4270833432674408 0.0625
vt 0.4375 0.0625
vt 0.4479166567325592 0.0625
vt 0.4583333432674408 0.0625
vt 0.46875 0.0625
vt 0.4791666567325592 0.0625
vt 0.4895833432674408 0.0625
vt 0.5 0.0625
vt 0.5104166865348816 0.0625
vt 0.5208333134651184 0.0625
vt 0.53125 0.0625
vt 0.5416666865348816 0.0625
vt 0.5520833134651184 0.0625
vt 0.5625 0.0625
vt 0.5729166865348816 0.0625
vt 0.5833333134651184 0.0625
vt 0.59375 0.0625
vt 0.6041666865348816 0.0625
vt 0.6145833134651184 0.0625
vt 0.625 0.0625
vt 0.6354166865348816 0.0625
vt 0.6458333134651184 0.0625
vt 0.65625 0.0625
vt 0.6666666865348816 0.0625
vt 0.6770833134651184 0.0625
vt 0.6875 0.0625
vt 0.6979166865348816 0.0625
vt 0.7083333134651184 0.0625
vt 0.71875 0.0625
vt 0.7291666865348816 0.0625
vt 0.7395833134651184 0.0625
vt 0.75 0.0625
vt 0.7604166865348816 0.0625
vt 0.7708333134651184 0.0625
vt 0.78125 0.0625
vt 0.7916666865348816 0.0625
vt 0.8020833134651184 0.0625
vt 0.8125 0.0625
vt 0.8229166865348816 0.0625
vt 0.8333333134651184 0.0625
vt 0.84375 0.0625
vt 0.8541666865348816 0.0625
vt 0.8645833134651184 0.0625
vt 0.875 0.0625
vt 0.8854166865348816 0.0625
vt 0.8958333134651184 0.0625
vt 0.90625 0.0625
vt 0.9166666865348816 0.0625
vt 0.9270833134651184 0.0625
vt 0.9375 0.0625
vt 0.9479166865348816 0.0625
vt 0.9583333134651184 0.0625
vt 0.96875 0.0625
vt 0.9791666865348816 0.0625
vt 0.9895833134651184 0.0625
vt 1 0.0625
vt 0 0.125
vt 0.010416666977107525 0.125
vt 0.02083333395421505 0.125
vt 0.03125 0.125
vt 0.0416666679084301 0.125
vt 0.0520833320915699 0.125
vt 0.0625 0.125
vt 0.0729166641831398 0.125
vt 0.0833333358168602 0.125
vt 0.09375 0.125
vt 0.1041666641831398 0.125
vt 0.1145833358168602 0.125
vt 0.125 0.125
vt 0.1354166716337204 0.125
vt 0.1458333283662796 0.125
vt 0.15625 0.125
vt 0.1666666716337204 0.125
vt 0.1770833283662796 0.125
vt 0.1875 0.125
vt 0.1979166716337204 0.125
vt 0.2083333283662796 0.125
vt 0.21875 0.125
vt 0.2291666716337204 0.125
vt 0.2395833283662796 0.125
vt 0.25 0.125
vt 0.2604166567325592 0.125
vt 0.2708333432674408 0.125
vt 0.28125 0.125
vt 0.2916666567325592 0.125
vt 0.3020833432674408 0.125
vt 0.3125 0.125
vt 0.3229166567325592 0.125
vt 0.3333333432674408 0.125
vt 0.34375 0.125
vt 0.3541666567325592 0.125
vt 0.3645833432674408 0.125
vt 0.375 0.125
vt 0.3854166567325592 0.125
vt 0.3958333432674408 0.125
vt 0.40625 0.125
vt 0.4166666567325592 0.125
vt 0.4270833432674408 0.125
vt 0.4375 0.125
vt 0.4479166567325592 0.125
vt 0.4583333432674408 0.125
vt 0.46875 0.125
vt 0.4791666567325592 0.125
vt 0.4895833432674408 0.125
vt 0.5 0.125
vt 0.5104166865348816 0.125
vt 0.5208333134651184 0.125
vt 0.53125 0.125
vt 0.5416666865348816 0.125
vt 0.5520833134651184 0.125
vt 0.5625 0.125
vt 0.5729166865348816 0.125
vt 0.5833333134651184 0.125
vt 0.59375 0.125
vt 0.6041666865348816 0.125
vt 0.6145833134651184 0.125
vt 0.625 0.125
vt 0.6354166865348816 0.125
vt 0.6458333134651184 0.125
vt 0.65625 0.125
vt 0.6666666865348816 0.125
vt 0.6770833134651184 0.125
vt 0.6875 0.125
vt 0.6979166865348816 0.125
vt 0.7083333134651184 0.125
vt 0.71875 0.125
vt 0.7291666865348816 0.125
vt 0.7395833134651184 0.125
vt 0.75 0.125
vt 0.7604166865348816 0.125
vt 0.7708333134651184 0.125
vt 0.78125 0.125
vt 0.7916666865348816 0.125
vt 0.8020833134651184 0.125
vt 0.8125 0.125
vt 0.8229166865348816 0.125
vt 0.8333333134651184 0.125
vt 0.84375 0.125
vt 0.8541666865348816 0.125
vt 0.8645833134651184 0.125
vt 0.875 0.125
vt 0.8854166865348816 0.125
vt 0.8958333134651184 0.125
vt 0.90625 0.125
vt 0.9166666865348816 0.125
vt 0.9270833134651184 0.125
vt 0.9375 0.125
vt 0.9479166865348816 0.125
vt 0.9583333134651184 0.125
vt 0.96875 0.125
vt 0.9791666865348816 0.125
vt 0.9895833134651184 0.125
vt 1 0.125
vt 0 0.1875
vt 0.010416666977107525 0.1875
vt 0.02083333395421505 0.1875
vt 0.03125 0.1875
vt 0.0416666679084301 0.1875
vt 0.0520833320915699 0.1875
vt 0.0625 0.1875
vt 0.0729166641831398 0.1875
vt 0.0833333358168602 0.1875
vt 0.09375 0.1875
vt 0.1041666641831398 0.1875
vt 0.1145833358168602 0.1875
vt 0.125 0.1875
vt 0.1354166716337204 0.1875
vt 0.1458333283662796 0.1875
vt 0.15625 0.1875
vt 0.1666666716337204 0.1875
vt 0.1770833283662796 0.1875
vt 0.1875 0.1875
vt 0.1979166716337204 0.1875
vt 0.2083333283662796 0.1875
vt 0.21875 0.1875
vt 0.2291666716337204 0.1875
vt 0.2395833283662796 0.1875
vt 0.25 0.1875
vt 0.2604166567325592 0.1875
vt 0.2708333432674408 0.1875
vt 0.28125 0.1875
vt 0.2916666567325592 0.1875
vt 0.3020833432674408 0.1875
vt 0.3125 0.1875
vt 0.3229166567325592 0.1875
vt 0.3333333432674408 0.1875
vt 0.34375 0.1875
vt 0.3541666567325592 0.1875
vt 0.3645833432674408 0.1875
vt 0.375 0.1875
vt 0.3854166567325592 0.1875
vt 0.3958333432674408 0.1875
vt 0.40625 0.1875
vt 0.4166666567325592 0.1875
vt 0.4270833432674408 0.1875
vt 0.4375 0.1875
vt 0.4479166567325592 0.1875
vt 0.4583333432674408 0.1875
vt 0.46875 0.1875
vt 0.4791666567325592 0.1875
vt 0.4895833432674408 0.1875
vt 0.5 0.1875
vt 0.5104166865348816 0.1875
vt 0.5208333134651184 0.1875
vt 0.53125 0.1875
vt 0.5416666865348816 0.1875
vt 0.5520833134651184 0.1875
vt 0.5625 0.1875
vt 0.5729166865348816 0.1875
vt 0.5833333134651184 0.1875
vt 0.59375 0.1875
vt 0.6041666865348816 0.1875
vt 0.6145833134651184 0.1875
vt 0.625 0.1875
vt 0.6354166865348816 0.1875
vt 0.6458333134651184 0.1875
vt 0.65625 0.1875
vt 0.6666666865348816 0.1875
vt 0.6770833134651184 0.1875
vt 0.6875 0.1875
vt 0.6979166865348816 0.1875
vt 0.7083333134651184 0.1875
vt 0.71875 0.1875
vt 0.7291666865348816 0.1875
vt 0.7395833134651184 0.1875
vt 0.75 0.1875
vt 0.7604166865348816 0.1875
vt 0.7708333134651184 0.1875
vt 0.78125 0.1875
vt 0.7916666865348816 0.1875
vt 0.8020833134651184 0.1875
vt 0.8125 0.1875
vt 0.8229166865348816 0.1875
vt 0.8333333134651184 0.1875
vt 0.84375 0.1875
vt 0.8541666865348816 0.1875
vt 0.8645833134651184 0.1875
vt 0.875 0.1875
vt 0.8854166865348816 0.1875
vt 0.8958333134651184 0.1875
vt 0.90625 0.1875
vt 0.9166666865348816 0.1875
vt 0.9270833134651184 0.1875
vt 0.9375 0.1875
vt 0.9479166865348816 0.1875
vt 0.9583333134651184 0.1875
vt 0.96875 0.1875
vt 0.9791666865348816 0.1875
vt 0.9895833134651184 0.1875
vt 1 0.1875
vt 0 0.25
vt 0.010416666977107525 0.25
vt 0.02083333395421505 0.25
vt 0.03125 0.25
vt 0.0416666679084301 0.25
vt 0.0520833320915699 0.25
vt 0.0625 0.25
vt 0.0729166641831398 0.25
vt 0.0833333358168602 0.25
vt 0.09375 0.25
vt 0.1041666641831398 0.25
vt 0.1145833358168602 0.25
vt 0.125 0.25
vt 0.1354166716337204 0.25
vt 0.1458333283662796 0.25
vt 0.15625 0.25
vt 0.1666666716337204 0.25
vt 0.1770833283662796 0.25
vt 0.1875 0.25
vt 0.1979166716337204 0.25
vt 0.2083333283662796 0.25
vt 0.21875 0.25
vt 0.2291666716337204 0.25
vt 0.2395833283662796 0.25
vt 0.25 0.25
vt 0.2604166567325592 0.25
vt 0.2708333432674408 0.25
vt 0.28125 0.25
vt 0.2916666567325592 0.25
vt 0.3020833432674408 0.25
vt 0.3125 0.25
vt 0.3229166567325592 0.25
vt 0.3333333432674408 0.25
vt 0.34375 0.25
vt 0.3541666567325592 0.25
vt 0.3645833432674408 0.25
vt 0.375 0.25
vt 0.3854166567325592 0.25
vt 0.3958333432674408 0.25
vt 0.40625 0.25
vt 0.4166666567325592 0.25
vt 0.4270833432674408 0.25
vt 0.4375 0.25
vt 0.4479166567325592 0.25
vt 0.4583333432674408 0.25
vt 0.46875 0.25
vt 0.4791666567325592 0.25
vt 0.4895833432674408 0.25
vt 0.5 0.25
vt 0.5104166865348816 0.25
vt 0.5208333134651184 0.25
vt 0.53125 0.25
vt 0.5416666865348816 0.25
vt 0.5520833134651184 0.25
vt 0.5625 0.25
vt 0.5729166865348816 0.25
vt 0.5833333134651184 0.25
vt 0.59375 0.25
vt 0.6041666865348816 0.25
vt 0.6145833134651184 0.25
vt 0.625 0.25
vt 0.6354166865348816 0.25
vt 0.6458333134651184 0.25
vt 0.65625 0.25
vt 0.6666666865348816 0.25
vt 0.6770833134651184 0.25
vt 0.6875 0.25
vt 0.6979166865348816 0.25
vt 0.7083333134651184 0.25
vt 0.71875 0.25
vt 0.7291666865348816 0.25
vt 0.7395833134651184 0.25
vt 0.75 0.25
vt 0.7604166865348816 0.25
vt 0.7708333134651184 0.25
vt 0.78125 0.25
vt 0.7916666865348816 0.25
vt 0.8020833134651184 0.25
vt 0.8125 0.25
vt 0.8229166865348816 0.25
vt 0.8333333134651184 0.25
vt 0.84375 0.25
vt 0.8541666865348816 0.25
vt 0.8645833134651184 0.25
vt 0.875 0.25
vt 0.8854166865348816 0.25
vt 0.8958333134651184 0.25
vt 0.90625 0.25
vt 0.9166666865348816 0.25
vt 0.9270833134651184 0.25
vt 0.9375 0.25
vt 0.9479166865348816 0.25
vt 0.9583333134651184 0.25
vt 0.96875 0.25
vt 0.9791666865348816 0.25
vt 0.9895833134651184 0.25
vt 1 0.25
vt 0 0.3125
vt 0.010416666977107525 0.3125
vt 0.02083333395421505 0.3125
vt 0.03125 0.3125
vt 0.0416666679084301 0.3125
vt 0.0520833320915699 0.3125
vt 0.0625 0.3125
vt 0.0729166641831398 0.3125
vt 0.0833333358168602 0.3125
vt 0.09375 0.3125
vt 0.1041666641831398 0.3125
vt 0.1145833358168602 0.3125
vt 0.125 0.3125
vt 0.1354166716337204 0.3125
vt 0.1458333283662796 0.3125
vt 0.15625 0.3125
vt 0.1666666716337204 0.3125
vt 0.1770833283662796 0.3125
vt 0.1875 0.3125
vt 0.1979166716337204 0.3125
vt 0.2083333283662796 0.3125
vt 0.21875 0.3125
vt 0.2291666716337204 0.3125
vt 0.2395833283662796 0.3125
vt 0.25 0.3125
vt 0.2604166567325592 0.3125
vt 0.2708333432674408 0.3125
vt 0.28125 0.3125
vt 0.2916666567325592 0.3125
vt 0.3020833432674408 0.3125
vt 0.3125 0.3125
vt 0.3229166567325592 0.3125
vt 0.3333333432674408 0.3125
vt 0.34375 0.3125
vt 0.3541666567325592 0.3125
vt 0.3645833432674408 0.3125
vt 0.375 0.3125
vt 0.3854166567325592 0.3125
vt 0.3958333432674408 0.3125
vt 0.40625 0.3125
vt 0.4166666567325592 0.3125
vt 0.4270833432674408 0.3125
vt 0.4375 0.3125
vt 0.4479166567325592 0.3125
vt 0.4583333432674408 0.3125
vt 0.46875 0.3125
vt 0.4791666567325592 0.3125
vt 0.4895833432674408 0.3125
vt 0.5 0.3125
vt 0.5104166865348816 0.3125
vt 0.5208333134651184 0.3125
vt 0.53125 0.3125
vt 0.5416666865348816 0.3125
vt 0.5520833134651184 0.3125
vt 0.5625 0.3125
vt 0.5729166865348816 0.3125
vt 0.5833333134651184 0.3125
vt 0.59375 0.3125
vt 0.6041666865348816 0.3125
vt 0.6145833134651184 0.3125
vt 0.625 0.3125
vt 0.6354166865348816 0.3125
vt 0.6458333134651184 0.3125
vt 0.65625 0.3125
vt 0.6666666865348816 0.3125
vt 0.6770833134651184 0.3125
vt 0.6875 0.3125
vt 0.6979166865348816 0.3125
vt 0.7083333134651184 0.3125
vt 0.71875 0.3125
vt 0.7291666865348816 0.3125
vt 0.7395833134651184 0.3125
vt 0.75 0.3125
vt 0.7604166865348816 0.3125
vt 0.7708333134651184 0.3125
vt 0.78125 0.3125
vt 0.7916666865348816 0.3125
vt 0.8020833134651184 0.3125
vt 0.8125 0.3125
vt 0.8229166865348816 0.3125
vt 0.8333333134651184 0.3125
vt 0.84375 0.3125
vt 0.8541666865348816 0.3125
vt 0.8645833134651184 0.3125
vt 0.875 0.3125
vt 0.8854166865348816 0.3125
vt 0.8958333134651184 0.3125
vt 0.90625 0.3125
vt 0.9166666865348816 0.3125
vt 0.9270833134651184 0.3125
vt 0.9375 0.3125
vt 0.9479166865348816 0.3125
vt 0.9583333134651184 0.3125
vt 0.96875 0.3125
vt 0.9791666865348816 0.3125
vt 0.9895833134651184 0.3125
vt 1 0.3125
vt 0 0.375
vt 0.010416666977107525 0.375
vt 0.02083333395421505 0.375
vt 0.03125 0.375
vt 0.0416666679084301 0.375
vt 0.0520833320915699 0.375
vt 0.0625 0.375
vt 0.0729166641831398 0.375
vt 0.0833333358168602 0.375
vt 0.09375 0.375
vt 0.1041666641831398 0.375
vt 0.1145833358168602 0.375
vt 0.125 0.375
vt 0.1354166716337204 0.375
vt 0.1458333283662796 0.375
vt 0.15625 0.375
vt 0.1666666716337204 0.375
vt 0.1770833283662796 0.375
vt 0.1875 0.375
vt 0.1979166716337204 0.375
vt 0.2083333283662796 0.375
vt 0.21875 0.375
vt 0.2291666716337204 0.375
vt 0.2395833283662796 0.375
vt 0.25 0.375
vt 0.2604166567325592 0.375
vt 0.2708333432674408 0.375
vt 0.28125 0.375
vt 0.2916666567325592 0.375
vt 0.3020833432674408 0.375
vt 0.3125 0.375
vt 0.3229166567325592 0.375
vt 0.3333333432674408 0.375
vt 0.34375 0.375
vt 0.3541666567325592 0.375
vt 0.3645833432674408 0.375
vt 0.375 0.375
vt 0.3854166567325592 0.375
vt 0.3958333432674408 0.375
vt 0.40625 0.375
vt 0.4166666567325592 0.375
vt 0.4270833432674408 0.375
vt 0.4375 0.375
vt 0.4479166567325592 0.375
vt 0.4583333432674408 0.375
vt 0.46875 0.375
vt 0.4791666567325592 0.375
vt 0.4895833432674408 0.375
vt 0.5 0.375
vt 0.5104166865348816 0.375
vt 0.5208333134651184 0.375
vt 0.53125 0.375
vt 0.5416666865348816 0.375
vt 0.5520833134651184 0.375
vt 0.5625 0.375
vt 0.5729166865348816 0.375
vt 0.5833333134651184 0.375
vt 0.59375 0.375
vt 0.6041666865348816 0.375
vt 0.6145833134651184 0.375
vt 0.625 0.375
vt 0.6354166865348816 0.375
vt 0.6458333134651184 0.375
vt 0.65625 0.375
vt 0.6666666865348816 0.375
vt 0.6770833134651184 0.375
vt 0.6875 0.375
vt 0.6979166865348816 0.375
vt 0.7083333134651184 0.375
vt 0.71875 0.375
vt 0.7291666865348816 0.375
vt 0.7395833134651184 0.375
vt 0.75 0.375
vt 0.7604166865348816 0.375
vt 0.7708333134651184 0.375
vt 0.78125 0.375
vt 0.7916666865348816 0.375
vt 0.8020833134651184 0.375
vt 0.8125 0.375
vt 0.8229166865348816 0.375
vt 0.8333333134651184 0.375
vt 0.84375 0.375
vt 0.8541666865348816 0.375
vt 0.8645833134651184 0.375
vt 0.875 0.375
vt 0.8854166865348816 0.375
vt 0.8958333134651184 0.375
vt 0.90625 0.375
vt 0.9166666865348816 0.375
vt 0.9270833134651184 0.375
vt 0.9375 0.375
vt 0.9479166865348816 0.375
vt 0.9583333134651184 0.375
vt 0.96875 0.375
vt 0.9791666865348816 0.375
vt 0.9895833134651184 0.375
vt 1 0.375
vt 0 0.4375
vt 0.010416666977107525 0.4375
vt 0.02083333395421505 0.4375
vt 0.03125 0.4375
vt 0.0416666679084301 0.4375
vt 0.0520833320915699 0.4375
vt 0.0625 0.4375
vt 0.0729166641831398 0.4375
vt 0.0833333358168602 0.4375
vt 0.09375 0.4375
vt 0.1041666641831398 0.4375
vt 0.1145833358168602 0.4375
vt 0.125 0.4375
vt 0.1354166716337204 0.4375
vt 0.1458333283662796 0.4375
vt 0.15625 0.4375
vt 0.1666666716337204 0.4375
vt 0.1770833283662796 0.4375
vt 0.1875 0.4375
vt 0.1979166716337204 0.4375
vt 0.2083333283662796 0.4375
vt 0.21875 0.4375
vt 0.2291666716337204 0.4375
vt 0.2395833283662796 0.4375
vt 0.25 0.4375
vt 0.2604166567325592 0.4375
vt 0.2708333432674408 0.4375
vt 0.28125 0.4375
vt 0.2916666567325592 0.4375
vt 0.3020833432674408 0.4375
vt 0.3125 0.4375
vt 0.3229166567325592 0.4375
vt 0.3333333432674408 0.4375
vt 0.34375 0.4375
vt 0.3541666567325592 0.4375
vt 0.3645833432674408 0.4375
vt 0.375 0.4375
vt 0.3854166567325592 0.4375
vt 0.3958333432674408 0.4375
vt 0.40625 0.4375
vt 0.4166666567325592 0.4375
vt 0.4270833432674408 0.4375
vt 0.4375 0.4375
vt 0.4479166567325592 0.4375
vt 0.4583333432674408 0.4375
vt 0.46875 0.4375
vt 0.4791666567325592 0.4375
vt 0.4895833432674408 0.4375
vt 0.5 0.4375
vt 0.5104166865348816 0.4375
vt 0.5208333134651184 0.4375
vt 0.53125 0.4375
vt 0.5416666865348816 0.4375
vt 0.5520833134651184 0.4375
vt 0.5625 0.4375
vt 0.5729166865348816 0.4375
vt 0.5833333134651184 0.4375
vt 0.59375 0.4375
vt 0.6041666865348816 0.4375
vt 0.6145833134651184 0.4375
vt 0.625 0.4375
vt 0.6354166865348816 0.4375
vt 0.6458333134651184 0.4375
vt 0.65625 0.4375
vt 0.6666666865348816 0.4375
vt 0.6770833134651184 0.4375
vt 0.6875 0.4375
vt 0.6979166865348816 0.4375
vt 0.7083333134651184 0.4375
vt 0.71875 0.4375
vt 0.7291666865348816 0.4375
vt 0.7395833134651184 0.4375
vt 0.75 0.4375
vt 0.7604166865348816 0.4375
vt 0.7708333134651184 0.4375
vt 0.78125 0.4375
vt 0.7916666865348816 0.4375
vt 0.8020833134651184 0.4375
vt 0.8125 0.4375
vt 0.8229166865348816 0.4375
vt 0.8333333134651184 0.4375
vt 0.84375 0.4375
vt 0.8541666865348816 0.4375
vt 0.8645833134651184 0.4375
vt 0.875 0.4375
vt 0.8854166865348816 0.4375
vt 0.8958333134651184 0.4375
vt 0.90625 0.4375
vt 0.9166666865348816 0.4375
vt 0.9270833134651184 0.4375
vt 0.9375 0.4375
vt 0.9479166865348816 0.4375
vt 0.9583333134651184 0.4375
vt 0.96875 0.4375
vt 0.9791666865348816 0.4375
vt 0.9895833134651184 0.4375
vt 1 0.4375
vt 0 0.5
vt 0.010416666977107525 0.5
vt 0.02083333395421505 0.5
vt 0.03125 0.5
vt 0.0416666679084301 0.5
vt 0.0520833320915699 0.5
vt 0.0625 0.5
vt 0.0729166641831398 0.5
vt 0.0833333358168602 0.5
vt 0.09375 0.5
vt 0.1041666641831398 0.5
vt 0.1145833358168602 0.5
vt 0.125 0.5
vt 0.1354166716337204 0.5
vt 0.1458333283662796 0.5
vt 0.15625 0.5
vt 0.1666666716337204 0.5
vt 0.1770833283662796 0.5
vt 0.1875 0.5
vt 0.1979166716337204 0.5
vt 0.2083333283662796 0.5
vt 0.21875 0.5
vt 0.2291666716337204 0.5
vt 0.2395833283662796 0.5
vt 0.25 0.5
vt 0.2604166567325592 0.5
vt 0.2708333432674408 0.5
vt 0.28125 0.5
vt 0.2916666567325592 0.5
vt 0.3020833432674408 0.5
vt 0.3125 0.5
vt 0.3229166567325592 0.5
vt 0.3333333432674408 0.5
vt 0.34375 0.5
vt 0.3541666567325592 0.5
vt 0.3645833432674408 0.5
vt 0.375 0.5
vt 0.3854166567325592 0.5
vt 0.3958333432674408 0.5
vt 0.40625 0.5
vt 0.4166666567325592 0.5
vt 0.4270833432674408 0.5
vt 0.4375 0.5
vt 0.4479166567325592 0.5
vt 0.4583333432674408 0.5
vt 0.46875 0.5
vt 0.4791666567325592 0.5
vt 0.4895833432674408 0.5
vt 0.5 0.5
vt 0.5104166865348816 0.5
vt 0.5208333134651184 0.5
vt 0.53125 0.5
vt 0.5416666865348816 0.5
vt 0.5520833134651184 0.5
vt 0.5625 0.5
vt 0.5729166865348816 0.5
vt 0.5833333134651184 0.5
vt 0.59375 0.5
vt 0.6041666865348816 0.5
vt 0.6145833134651184 0.5
vt 0.625 0.5
vt 0.6354166865348816 0.5
vt 0.6458333134651184 0.5
vt 0.65625 0.5
vt 0.6666666865348816 0.5
vt 0.6770833134651184 0.5
vt 0.6875 0.5
vt 0.6979166865348816 0.5
vt 0.7083333134651184 0.5
vt 0.71875 0.5
vt 0.7291666865348816 0.5
vt 0.7395833134651184 0.5
vt 0.75 0.5
vt 0.7604166865348816 0.5
vt 0.7708333134651184 0.5
vt 0.78125 0.5
vt 0.7916666865348816 0.5
vt 0.8020833134651184 0.5
vt 0.8125 0.5
vt 0.8229166865348816 0.5
vt 0.8333333134651184 0.5
vt 0.84375 0.5
vt 0.8541666865348816 0.5
vt 0.8645833134651184 0.5
vt 0.875 0.5
vt 0.8854166865348816 0.5
vt 0.8958333134651184 0.5
vt 0.90625 0.5
vt 0.9166666865348816 0.5
vt 0.9270833134651184 0.5
vt 0.9375 0.5
vt 0.9479166865348816 0.5
vt 0.9583333134651184 0.5
vt 0.96875 0.5
vt 0.9791666865348816 0.5
vt 0.9895833134651184 0.5
vt 1 0.5
vt 0 0.5625
vt 0.010416666977107525 0.5625
vt 0.02083333395421505 0.5625
vt 0.03125 0.5625
vt 0.0416666679084301 0.5625
vt 0.0520833320915699 0.5625
vt 0.0625 0.5625
vt 0.0729166641831398 0.5625
vt 0.0833333358168602 0.5625
vt 0.09375 0.5625
vt 0.1041666641831398 0.5625
vt 0.1145833358168602 0.5625
vt 0.125 0.5625
vt 0.1354166716337204 0.5625
vt 0.1458333283662796 0.5625
vt 0.15625 0.5625
vt 0.1666666716337204 0.5625
vt 0.1770833283662796 0.5625
vt 0.1875 0.5625
vt 0.1979166716337204 0.5625
vt 0.2083333283662796 0.5625
vt 0.21875 0.5625
vt 0.2291666716337204 0.5625
vt 0.2395833283662796 0.5625
vt 0.25 0.5625
vt 0.2604166567325592 0.5625
vt 0.2708333432674408 0.5625
vt 0.28125 0.5625
vt 0.2916666567325592 0.5625
vt 0.3020833432674408 0.5625
vt 0.3125 0.5625
vt 0.3229166567325592 0.5625
vt 0.3333333432674408 0.5625
vt 0.34375 0.5625
vt 0.3541666567325592 0.5625
vt 0.3645833432674408 0.5625
vt 0.375 0.5625
vt 0.3854166567325592 0.5625
vt 0.3958333432674408 0.5625
vt 0.40625 0.5625
vt 0.4166666567325592 0.5625
vt 0.4270833432674408 0.5625
vt 0.4375 0.5625
vt 0.4479166567325592 0.5625
vt 0.4583333432674408 0.5625
vt 0.46875 0.5625
vt 0.4791666567325592 0.5625
vt 0.4895833432674408 0.5625
vt 0.5 0.5625
vt 0.5104166865348816 0.5625
vt 0.5208333134651184 0.5625
vt 0.53125 0.5625
vt 0.5416666865348816 0.5625
vt 0.5520833134651184 0.5625
vt 0.5625 0.5625
vt 0.5729166865348816 0.5625
vt 0.5833333134651184 0.5625
vt 0.59375 0.5625
vt 0.6041666865348816 0.5625
vt 0.6145833134651184 0.5625
vt 0.625 0.5625
vt 0.6354166865348816 0.5625
vt 0.6458333134651184 0.5625
vt 0.65625 0.5625
vt 0.6666666865348816 0.5625
vt 0.6770833134651184 0.5625
vt 0.6875 0.5625
vt 0.6979166865348816 0.5625
vt 0.7083333134651184 0.5625
vt 0.71875 0.5625
vt 0.7291666865348816 0.5625
vt 0.7395833134651184 0.5625
vt 0.75 0.5625
vt 0.7604166865348816 0.5625
vt 0.7708333134651184 0.5625
vt 0.78125 0.5625
vt 0.7916666865348816 0.5625
vt 0.8020833134651184 0.5625
vt 0.8125 0.5625
vt 0.8229166865348816 0.5625
vt 0.8333333134651184 0.5625
vt 0.84375 0.5625
vt 0.8541666865348816 0.5625
vt 0.8645833134651184 0.5625
vt 0.875 0.5625
vt 0.8854166865348816 0.5625
vt 0.8958333134651184 0.5625
vt 0.90625 0.5625
vt 0.9166666865348816 0.5625
vt 0.9270833134651184 0.5625
vt 0.9375 0.5625
vt 0.9479166865348816 0.5625
vt 0.9583333134651184 0.5625
vt 0.96875 0.5625
vt 0.9791666865348816 0.5625
vt 0.9895833134651184 0.5625
vt 1 0.5625
vt 0 0.625
vt 0.010416666977107525 0.625
vt 0.02083333395421505 0.625
vt 0.03125 0.625
vt 0.0416666679084301 0.625
vt 0.0520833320915699 0.625
vt 0.0625 0.625
vt 0.0729166641831398 0.625
vt 0.0833333358168602 0.625
vt 0.09375 0.625
vt 0.1041666641831398 0.625
vt 0.1145833358168602 0.625
vt 0.125 0.625
vt 0.1354166716337204 0.625
vt 0.1458333283662796 0.625
vt 0.15625 0.625
vt 0.1666666716337204 0.625
vt 0.1770833283662796 0.625
vt 0.1875 0.625
vt 0.1979166716337204 0.625
vt 0.2083333283662796 0.625
vt 0.21875 0.625
vt 0.2291666716337204 0.625
vt 0.2395833283662796 0.625
vt 0.25 0.625
vt 0.2604166567325592 0.625
vt 0.2708333432674408 0.625
vt 0.28125 0.625
vt 0.2916666567325592 0.625
vt 0.3020833432674408 0.625
vt 0.3125 0.625
vt 0.3229166567325592 0.625
vt 0.3333333432674408 0.625
vt 0.34375 0.625
vt 0.3541666567325592 0.625
vt 0.3645833432674408 0.625
vt 0.375 0.625
vt 0.3854166567325592 0.625
vt 0.3958333432674408 0.625
vt 0.40625 0.625
vt 0.4166666567325592 0.625
vt 0.4270833432674408 0.625
vt 0.4375 0.625
vt 0.4479166567325592 0.625
vt 0.4583333432674408 0.625
vt 0.46875 0.625
vt 0.4791666567325592 0.625
vt 0.4895833432674408 0.625
vt 0.5 0.625
vt 0.5104166865348816 0.625
vt 0.5208333134651184 0.625
vt 0.53125 0.625
vt 0.5416666865348816 0.625
vt 0.5520833134651184 0.625
vt 0.5625 0.625
vt 0.5729166865348816 0.625
vt 0.5833333134651184 0.625
vt 0.59375 0.625
vt 0.6041666865348816 0.625
vt 0.6145833134651184 0.625
vt 0.625 0.625
vt 0.6354166865348816 0.625
vt 0.6458333134651184 0.625
vt 0.65625 0.625
vt 0.6666666865348816 0.625
vt 0.6770833134651184 0.625
vt 0.6875 0.625
vt 0.6979166865348816 0.625
vt 0.7083333134651184 0.625
vt 0.71875 0.625
vt 0.7291666865348816 0.625
vt 0.7395833134651184 0.625
vt 0.75 0.625
vt 0.7604166865348816 0.625
vt 0.7708333134651184 0.625
vt 0.78125 0.625
vt 0.7916666865348816 0.625
vt 0.8020833134651184 0.625
vt 0.8125 0.625
vt 0.8229166865348816 0.625
vt 0.8333333134651184 0.625
vt 0.84375 0.625
vt 0.8541666865348816 0.625
vt 0.8645833134651184 0.625
vt 0.875 0.625
vt 0.8854166865348816 0.625
vt 0.8958333134651184 0.625
vt 0.90625 0.625
vt 0.9166666865348816 0.625
vt 0.9270833134651184 0.625
vt 0.9375 0.625
vt 0.9479166865348816 0.625
vt 0.9583333134651184 0.625
vt 0.96875 0.625
vt 0.9791666865348816 0.625
vt 0.9895833134651184 0.625
vt 1 0.625
vt 0 0.6875
vt 0.010416666977107525 0.6875
vt 0.02083333395421505 0.6875
vt 0.03125 0.6875
vt 0.0416666679084301 0.6875
vt 0.0520833320915699 0.6875
vt 0.0625 0.6875
vt 0.0729166641831398 0.6875
vt 0.0833333358168602 0.6875
vt 0.09375 0.6875
vt 0.1041666641831398 0.6875
vt 0.1145833358168602 0.6875
vt 0.125 0.6875
vt 0.1354166716337204 0.6875
vt 0.1458333283662796 0.6875
vt 0.15625 0.6875
vt 0.1666666716337204 0.6875
vt 0.1770833283662796 0.6875
vt 0.1875 0.6875
vt 0.1979166716337204 0.6875
vt 0.2083333283662796 0.6875
vt 0.21875 0.6875
vt 0.2291666716337204 0.6875
vt 0.2395833283662796 0.6875
vt 0.25 0.6875
vt 0.2604166567325592 0.6875
vt 0.2708333432674408 0.6875
vt 0.28125 0.6875
vt 0.2916666567325592 0.6875
vt 0.3020833432674408 0.6875
vt 0.3125 0.6875
vt 0.3229166567325592 0.6875
vt 0.3333333432674408 0.6875
vt 0.34375 0.6875
vt 0.3541666567325592 0.6875
vt 0.3645833432674408 0.6875
vt 0.375 0.6875
vt 0.3854166567325592 0.6875
vt 0.3958333432674408 0.6875
vt 0.40625 0.6875
vt 0.4166666567325592 0.6875
vt 0.4270833432674408 0.6875
vt 0.4375 0.6875
vt 0.4479166567325592 0.6875
vt 0.4583333432674408 0.6875
vt 0.46875 0.6875
vt 0.4791666567325592 0.6875
vt 0.4895833432674408 0.6875
vt 0.5 0.6875
vt 0.5104166865348816 0.6875
vt 0.5208333134651184 0.6875
vt 0.53125 0.6875
vt 0.5416666865348816 0.6875
vt 0.5520833134651184 0.6875
vt 0.5625 0.6875
vt 0.5729166865348816 0.6875
vt 0.5833333134651184 0.6875
vt 0.59375 0.6875
vt 0.6041666865348816 0.6875
vt 0.6145833134651184 0.6875
vt 0.625 0.6875
vt 0.6354166865348816 0.6875
vt 0.6458333134651184 0.6875
vt 0.65625 0.6875
vt 0.6666666865348816 0.6875
vt 0.6770833134651184 0.6875
vt 0.6875 0.6875
vt 0.6979166865348816 0.6875
vt 0.7083333134651184 0.6875
vt 0.71875 0.6875
vt 0.7291666865348816 0.6875
vt 0.7395833134651184 0.6875
vt 0.75 0.6875
vt 0.7604166865348816 0.6875
vt 0.7708333134651184 0.6875
vt 0.78125 0.6875
vt 0.7916666865348816 0.6875
vt 0.8020833134651184 0.6875
vt 0.8125 0.6875
vt 0.8229166865348816 0.6875
vt 0.8333333134651184 0.6875
vt 0.84375 0.6875
vt 0.8541666865348816 0.6875
vt 0.8645833134651184 0.6875
vt 0.875 0.6875
vt 0.8854166865348816 0.6875
vt 0.8958333134651184 0.6875
vt 0.90625 0.6875
vt 0.9166666865348816 0.6875
vt 0.9270833134651184 0.6875
vt 0.9375 0.6875
vt 0.9479166865348816 0.6875
vt 0.9583333134651184 0.6875
vt 0.96875 0.6875
vt 0.9791666865348816 0.6875
vt 0.9895833134651184 0.6875
vt 1 0.6875
vt 0 0.75
vt 0.010416666977107525 0.75
vt 0.02083333395421505 0.75
vt 0.03125 0.75
vt 0.0416666679084301 0.75
vt 0.0520833320915699 0.75
vt 0.0625 0.75
vt 0.0729166641831398 0.75
vt 0.0833333358168602 0.75
vt 0.09375 0.75
vt 0.1041666641831398 0.75
vt 0.1145833358168602 0.75
vt 0.125 0.75
vt 0.1354166716337204 0.75
vt 0.1458333283662796 0.75
vt 0.15625 0.75
vt 0.1666666716337204 0.75
vt 0.1770833283662796 0.75
vt 0.1875 0.75
vt 0.1979166716337204 0.75
vt 0.2083333283662796 0.75
vt 0.21875 0.75
vt 0.2291666716337204 0.75
vt 0.2395833283662796 0.75
vt 0.25 0.75
vt 0.2604166567325592 0.75
vt 0.2708333432674408 0.75
vt 0.28125 0.75
vt 0.2916666567325592 0.75
vt 0.3020833432674408 0.75
vt 0.3125 0.75
vt 0.3229166567325592 0.75
vt 0.3333333432674408 0.75
vt 0.34375 0.75
vt 0.3541666567325592 0.75
vt 0.3645833432674408 0.75
vt 0.375 0.75
vt 0.3854166567325592 0.75
vt 0.3958333432674408 0.75
vt 0.40625 0.75
vt 0.4166666567325592 0.75
vt 0.4270833432674408 0.75
vt 0.4375 0.75
vt 0.4479166567325592 0.75
vt 0.4583333432674408 0.75
vt 0.46875 0.75
vt 0.4791666567325592 0.75
vt 0.4895833432674408 0.75
vt 0.5 0.75
vt 0.5104166865348816 0.75
vt 0.5208333134651184 0.75
vt 0.53125 0.75
vt 0.5416666865348816 0.75
vt 0.5520833134651184 0.75
vt 0.5625 0.75
vt 0.5729166865348816 0.75
vt 0.5833333134651184 0.75
vt 0.59375 0.75
vt 0.6041666865348816 0.75
vt 0.6145833134651184 0.75
vt 0.625 0.75
vt 0.6354166865348816 0.75
vt 0.6458333134651184 0.75
vt 0.65625 0.75
vt 0.6666666865348816 0.75
vt 0.6770833134651184 0.75
vt 0.6875 0.75
vt 0.6979166865348816 0.75
vt 0.7083333134651184 0.75
vt 0.71875 0.75
vt 0.7291666865348816 0.75
vt 0.7395833134651184 0.75
vt 0.75 0.75
vt 0.7604166865348816 0.75
vt 0.7708333134651184 0.75
vt 0.78125 0.75
vt 0.7916666865348816 0.75
vt 0.8020833134651184 0.75
vt 0.8125 0.75
vt 0.8229166865348816 0.75
vt 0.8333333134651184 0.75
vt 0.84375 0.75
vt 0.8541666865348816 0.75
vt 0.8645833134651184 0.75
vt 0.875 0.75
vt 0.8854166865348816 0.75
vt 0.8958333134651184 0.75
vt 0.90625 0.75
vt 0.9166666865348816 0.75
vt 0.9270833134651184 0.75
vt 0.9375 0.75
vt 0.9479166865348816 0.75
vt 0.9583333134651184 0.75
vt 0.96875 0.75
vt 0.9791666865348816 0.75
vt 0.9895833134651184 0.75
vt 1 0.75
vt 0 0.8125
vt 0.010416666977107525 0.8125
vt 0.02083333395421505 0.8125
vt 0.03125 0.8125
vt 0.0416666679084301 0.8125
vt 0.0520833320915699 0.8125
vt 0.0625 0.8125
vt 0.0729166641831398 0.8125
vt 0.0833333358168602 0.8125
vt 0.09375 0.8125
vt 0.1041666641831398 0.8125
vt 0.1145833358168602 0.8125
vt 0.125 0.8125
vt 0.1354166716337204 0.8125
vt 0.1458333283662796 0.8125
vt 0.15625 0.8125
vt 0.1666666716337204 0.8125
vt 0.1770833283662796 0.8125
vt 0.1875 0.8125
vt 0.1979166716337204 0.8125
vt 0.2083333283662796 0.8125
vt 0.21875 0.8125
vt 0.2291666716337204 0.8125
vt 0.2395833283662796 0.8125
vt 0.25 0.8125
vt 0.2604166567325592 0.8125
vt 0.2708333432674408 0.8125
vt 0.28125 0.8125
vt 0.2916666567325592 0.8125
vt 0.3020833432674408 0.8125
vt 0.3125 0.8125
vt 0.3229166567325592 0.8125
vt 0.3333333432674408 0.8125
vt 0.34375 0.8125
vt 0.3541666567325592 0.8125
vt 0.3645833432674408 0.8125
vt 0.375 0.8125
vt 0.3854166567325592 0.8125
vt 0.3958333432674408 0.8125
vt 0.40625 0.8125
vt 0.4166666567325592 0.8125
vt 0.4270833432674408 0.8125
vt 0.4375 0.8125
vt 0.4479166567325592 0.8125
vt 0.4583333432674408 0.8125
vt 0.46875 0.8125
vt 0.4791666567325592 0.8125
vt 0.4895833432674408 0.8125
vt 0.5 0.8125
vt 0.5104166865348816 0.8125
vt 0.5208333134651184 0.8125
vt 0.53125 0.8125
vt 0.5416666865348816 0.8125
vt 0.5520833134651184 0.8125
vt 0.5625 0.8125
vt 0.5729166865348816 0.8125
vt 0.5833333134651184 0.8125
vt 0.59375 0.8125
vt 0.6041666865348816 0.8125
vt 0.6145833134651184 0.8125
vt 0.625 0.8125
vt 0.6354166865348816 0.8125
vt 0.6458333134651184 0.8125
vt 0.65625 0.8125
vt 0.6666666865348816 0.8125
vt 0.6770833134651184 0.8125
vt 0.6875 0.8125
vt 0.6979166865348816 0.8125
vt 0.7083333134651184 0.8125
vt 0.71875 0.8125
vt 0.7291666865348816 0.8125
vt 0.7395833134651184 0.8125
vt 0.75 0.8125
vt 0.7604166865348816 0.8125
vt 0.7708333134651184 0.8125
vt 0.78125 0.8125
vt 0.7916666865348816 0.8125
vt 0.8020833134651184 0.8125
vt 0.8125 0.8125
vt 0.8229166865348816 0.8125
vt 0.8333333134651184 0.8125
vt 0.84375 0.8125
vt 0.8541666865348816 0.8125
vt 0.8645833134651184 0.8125
vt 0.875 0.8125
vt 0.8854166865348816 0.8125
vt 0.8958333134651184 0.8125
vt 0.90625 0.8125
vt 0.9166666865348816 0.8125
vt 0.9270833134651184 0.8125
vt 0.9375 0.8125
vt 0.9479166865348816 0.8125
vt 0.9583333134651184 0.8125
vt 0.96875 0.8125
vt 0.9791666865348816 0.8125
vt 0.9895833134651184 0.8125
vt 1 0.8125
vt 0 0.875
vt 0.010416666977107525 0.875
vt 0.02083333395421505 0.875
vt 0.03125 0.875
vt 0.0416666679084301 0.875
vt 0.0520833320915699 0.875
vt 0.0625 0.875
vt 0.0729166641831398 0.875
vt 0.0833333358168602 0.875
vt 0.09375 0.875
vt 0.1041666641831398 0.875
vt 0.1145833358168602 0.875
vt 0.125 0.875
vt 0.1354166716337204 0.875
vt 0.1458333283662796 0.875
vt 0.15625 0.875
vt 0.1666666716337204 0.875
vt 0.1770833283662796 0.875
vt 0.1875 0.875
vt 0.1979166716337204 0.875
vt 0.2083333283662796 0.875
vt 0.21875 0.875
vt 0.2291666716337204 0.875
vt 0.2395833283662796 0.875
vt 0.25 0.875
vt 0.2604166567325592 0.875
vt 0.2708333432674408 0.875
vt 0.28125 0.875
vt 0.2916666567325592 0.875
vt 0.3020833432674408 0.875
vt 0.3125 0.875
vt 0.3229166567325592 0.875
vt 0.3333333432674408 0.875
vt 0.34375 0.875
vt 0.3541666567325592 0.875
vt 0.3645833432674408 0.875
vt 0.375 0.875
vt 0.3854166567325592 0.875
vt 0.3958333432674408 0.875
vt 0.40625 0.875
vt 0.4166666567325592 0.875
vt 0.4270833432674408 0.875
vt 0.4375 0.875
vt 0.4479166567325592 0.875
vt 0.4583333432674408 0.875
vt 0.46875 0.875
vt 0.4791666567325592 0.875
vt 0.4895833432674408 0.875
vt 0.5 0.875
vt 0.5104166865348816 0.875
vt 0.5208333134651184 0.875
vt 0.53125 0.875
vt 0.5416666865348816 0.875
vt 0.5520833134651184 0.875
vt 0.5625 0.875
vt 0.5729166865348816 0.875
vt 0.5833333134651184 0.875
vt 0.59375 0.875
vt 0.6041666865348816 0.875
vt 0.6145833134651184 0.875
vt 0.625 0.875
vt 0.6354166865348816 0.875
vt 0.6458333134651184 0.875
vt 0.65625 0.875
vt 0.6666666865348816 0.875
vt 0.6770833134651184 0.875
vt 0.6875 0.875
vt 0.6979166865348816 0.875
vt 0.7083333134651184 0.875
vt 0.71875 0.875
vt 0.7291666865348816 0.875
vt 0.7395833134651184 0.875
vt 0.75 0.875
vt 0.7604166865348816 0.875
vt 0.7708333134651184 0.875
vt 0.78125 0.875
vt 0.7916666865348816 0.875
vt 0.8020833134651184 0.875
vt 0.8125 0.875
vt 0.8229166865348816 0.875
vt 0.8333333134651184 0.875
vt 0.84375 0.875
vt 0.8541666865348816 0.875
vt 0.8645833134651184 0.875
vt 0.875 0.875
vt 0.8854166865348816 0.875
vt 0.8958333134651184 0.875
vt 0.90625 0.875
vt 0.9166666865348816 0.875
vt 0.9270833134651184 0.875
vt 0.9375 0.875
vt 0.9479166865348816 0.875
vt 0.9583333134651184 0.875
vt 0.96875 0.875
vt 0.9791666865348816 0.875
vt 0.9895833134651184 0.875
vt 1 0.875
vt 0 0.9375
vt 0.010416666977107525 0.9375
vt 0.02083333395421505 0.9375
vt 0.03125 0.9375
vt 0.0416666679084301 0.9375
vt 0.0520833320915699 0.9375
vt 0.0625 0.9375
vt 0.0729166641831398 0.9375
vt 0.0833333358168602 0.9375
vt 0.09375 0.9375
vt 0.1041666641831398 0.9375
vt 0.1145833358168602 0.9375
vt 0.125 0.9375
vt 0.1354166716337204 0.9375
vt 0.1458333283662796 0.9375
vt 0.15625 0.9375
vt 0.1666666716337204 0.9375
vt 0.1770833283662796 0.9375
vt 0.1875 0.9375
vt 0.1979166716337204 0.9375
vt 0.2083333283662796 0.9375
vt 0.21875 0.9375
vt 0.2291666716337204 0.9375
vt 0.2395833283662796 0.9375
vt 0.25 0.9375
vt 0.2604166567325592 0.9375
vt 0.2708333432674408 0.9375
vt 0.28125 0.9375
vt 0.2916666567325592 0.9375
vt 0.3020833432674408 0.9375
vt 0.3125 0.9375
vt 0.3229166567325592 0.9375
vt 0.3333333432674408 0.9375
vt 0.34375 0.9375
vt 0.3541666567325592 0.9375
vt 0.3645833432674408 0.9375
vt 0.375 0.9375
vt 0.3854166567325592 0.9375
vt 0.3958333432674408 0.9375
vt 0.40625 0.9375
vt 0.4166666567325592 0.9375
vt 0.4270833432674408 0.9375
vt 0.4375 0.9375
vt 0.4479166567325592 0.9375
vt 0.4583333432674408 0.9375
vt 0.46875 0.9375
vt 0.4791666567325592 0.9375
vt 0.4895833432674408 0.9375
vt 0.5 0.9375
vt 0.5104166865348816 0.9375
vt 0.5208333134651184 0.9375
vt 0.53125 0.9375
vt 0.5416666865348816 0.9375
vt 0.5520833134651184 0.9375
vt 0.5625 0.9375
vt 0.5729166865348816 0.9375
vt 0.5833333134651184 0.9375
vt 0.59375 0.9375
vt 0.6041666865348816 0.9375
vt 0.6145833134651184 0.9375
vt 0.625 0.9375
vt 0.6354166865348816 0.9375
vt 0.6458333134651184 0.9375
vt 0.65625 0.9375
vt 0.6666666865348816 0.9375
vt 0.6770833134651184 0.9375
vt 0.6875 0.9375
vt 0.6979166865348816 0.9375
vt 0.7083333134651184 0.9375
vt 0.71875 0.9375
vt 0.7291666865348816 0.9375
vt 0.7395833134651184 0.9375
vt 0.75 0.9375
vt 0.7604166865348816 0.9375
vt 0.7708333134651184 0.9375
vt 0.78125 0.9375
vt 0.7916666865348816 0.9375
vt 0.8020833134651184 0.9375
vt 0.8125 0.9375
vt 0.8229166865348816 0.9375
vt 0.8333333134651184 0.9375
vt 0.84375 0.9375
vt 0.8541666865348816 0.9375
vt 0.8645833134651184 0.9375
vt 0.875 0.9375
vt 0.8854166865348816 0.9375
vt 0.8958333134651184 0.9375
vt 0.90625 0.9375
vt 0.9166666865348816 0.9375
vt 0.9270833134651184 0.9375
vt 0.9375 0.9375
vt 0.9479166865348816 0.9375
vt 0.9583333134651184 0.9375
vt 0.96875 0.9375
vt 0.9791666865348816 0.9375
vt 0.9895833134651184 0.9375
vt 1 0.9375
vt 0 1
vt 0.010416666977107525 1
vt 0.02083333395421505 1
vt 0.03125 1
vt 0.0416666679084301 1
vt 0.0520833320915699 1
vt 0.0625 1
vt 0.0729166641831398 1
vt 0.0833333358168602 1
vt 0.09375 1
vt 0.1041666641831398 1
vt 0.1145833358168602 1
vt 0.125 1
vt 0.1354166716337204 1
vt 0.1458333283662796 1
vt 0.15625 1
vt 0.1666666716337204 1
vt 0.1770833283662796 1
vt 0.1875 1
vt 0.1979166716337204 1
vt 0.2083333283662796 1
vt 0.21875 1
vt 0.2291666716337204 1
vt 0.2395833283662796 1
vt 0.25 1
vt 0.2604166567325592 1
vt 0.2708333432674408 1
vt 0.28125 1
vt 0.2916666567325592 1
vt 0.3020833432674408 1
vt 0.3125 1
vt 0.3229166567325592 1
vt 0.3333333432674408 1
vt 0.34375 1
vt 0.3541666567325592 1
vt 0.3645833432674408 1
vt 0.375 1
vt 0.3854166567325592 1
vt 0.3958333432674408 1
vt 0.40625 1
vt 0.4166666567325592 1
vt 0.4270833432674408 1
vt 0.4375 1
vt 0.4479166567325592 1
vt 0.4583333432674408 1
vt 0.46875 1
vt 0.4791666567325592 1
vt 0.4895833432674408 1
vt 0.5 1
vt 0.5104166865348816 1
vt 0.5208333134651184 1
vt 0.53125 1
vt 0.5416666865348816 1
vt 0.5520833134651184 1
vt 0.5625 1
vt 0.5729166865348816 1
vt 0.5833333134651184 1
vt 0.59375 1
vt 0.6041666865348816 1
vt 0.6145833134651184 1
vt 0.625 1
vt 0.6354166865348816 1
vt 0.6458333134651184 1
vt 0.65625 1
vt 0.6666666865348816 1
vt 0.6770833134651184 1
vt 0.6875 1
vt 0.6979166865348816 1
vt 0.7083333134651184 1
vt 0.71875 1
vt 0.7291666865348816 1
vt 0.7395833134651184 1
vt 0.75 1
vt 0.7604166865348816 1
vt 0.7708333134651184 1
vt 0.78125 1
vt 0.7916666865348816 1
vt 0.8020833134651184 1
vt 0.8125 1
vt 0.8229166865348816 1
vt 0.8333333134651184 1
vt 0.84375 1
vt 0.8541666865348816 1
vt 0.8645833134651184 1
vt 0.875 1
vt 0.8854166865348816 1
vt 0.8958333134651184 1
vt 0.90625 1
vt 0.9166666865348816 1
vt 0.9270833134651184 1
vt 0.9375 1
vt 0.9479166865348816 1
vt 0.9583333134651184 1
vt 0.96875 1
vt 0.9791666865348816 1
vt 0.9895833134651184 1
vt 1 1
vn 1 0 0
vn 0.9978589235160039 4.004786177881628e-18 0.06540312499783225
vn 0.9914448627185043 7.992423206588031e-18 0.13052618200608704
vn 0.9807852789517083 1.1945837521388368e-17 0.19509032931342324
vn 0.9659258257467466 1.5848095844680132e-17 0.2588190471264927
vn 0.9469301246306989 1.9682491655117655e-17 0.3214394796332419
vn 0.9238795305660377 2.3432603017245014e-17 0.3826834370613369
vn 0.8968727423262907 2.7082370865959147e-17 0.442288688609735
vn 0.8660253998985324 3.06161717267588e-17 0.5000000067305869
vn 0.8314696016585884 3.401886504589378e-17 0.555570248949409
vn 0.7933533320874723 3.7275889060097443e-17 0.6087614397000725
vn 0.7518398161183981 4.0373286084850987e-17 0.6593458052486975
vn 0.7071067811865476 4.329780375814312e-17 0.7071067811865476
vn 0.6593458052486975 4.603691232625871e-17 0.7518398161183981
vn 0.6087614397000725 4.85788821807799e-17 0.7933533320874723
vn 0.555570248949409 5.0912828117547274e-17 0.8314696016585884
vn 0.5000000067305869 5.302876307448087e-17 0.8660253998985324
vn 0.442288688609735 5.4917615041800857e-17 0.8968727423262907
vn 0.3826834370613369 5.657130722319695e-17 0.9238795305660377
vn 0.3214394796332419 5.798274791726978e-17 0.9469301246306989
vn 0.2588190471264927 5.914589613696059e-17 0.9659258257467466
vn 0.19509032931342324 6.005578251043524e-17 0.9807852789517083
vn 0.13052618200608704 6.070848442951297e-17 0.9914448627185043
vn 0.06540312499783225 6.110123670631983e-17 0.9978589235160039
vn 6.123234262925839e-17 6.123234262925839e-17 1
vn -0.06540312499783225 6.110123670631983e-17 0.9978589235160039
vn -0.13052618200608704 6.070848442951297e-17 0.9914448627185043
vn -0.19509032931342324 6.005578251043524e-17 0.9807852789517083
vn -0.2588190471264927 5.914589613696059e-17 0.9659258257467466
vn -0.3214394796332419 5.798274791726978e-17 0.9469301246306989
vn -0.3826834370613369 5.657130722319695e-17 0.9238795305660377
vn -0.442288688609735 5.4917615041800857e-17 0.8968727423262907
vn -0.5000000067305869 5.302876307448087e-17 0.8660253998985324
vn -0.555570248949409 5.0912828117547274e-17 0.8314696016585884
vn -0.6087614397000725 4.85788821807799e-17 0.7933533320874723
vn -0.6593458052486975 4.603691232625871e-17 0.7518398161183981
vn -0.7071067811865476 4.329780375814312e-17 0.7071067811865476
vn -0.7518398161183981 4.0373286084850987e-17 0.6593458052486975
vn -0.7933533320874723 3.7275889060097443e-17 0.6087614397000725
vn -0.8314696016585884 3.401886504589378e-17 0.555570248949409
vn -0.8660253998985324 3.06161717267588e-17 0.5000000067305869
vn -0.8968727423262907 2.7082370865959147e-17 0.442288688609735
vn -0.9238795305660377 2.3432603017245014e-17 0.3826834370613369
vn -0.9469301246306989 1.9682491655117655e-17 0.3214394796332419
vn -0.9659258257467466 1.5848095844680132e-17 0.2588190471264927
vn -0.9807852789517083 1.1945837521388368e-17 0.19509032931342324
vn -0.9914448627185043 7.992423206588031e-18 0.13052618200608704
vn -0.9978589235160039 4.004786177881628e-18 0.06540312499783225
vn -1 7.49879952078994e-33 1.2246468525851679e-16
vn -0.9978589235160039 -4.004786177881628e-18 -0.06540312499783225
vn -0.9914448627185043 -7.992423206588031e-18 -0.13052618200608704
vn -0.9807852789517083 -1.1945837521388368e-17 -0.19509032931342324
vn -0.9659258257467466 -1.5848095844680132e-17 -0.2588190471264927
vn -0.9469301246306989 -1.9682491655117655e-17 -0.3214394796332419
vn -0.9238795305660377 -2.3432603017245014e-17 -0.3826834370613369
vn -0.8968727423262907 -2.7082370865959147e-17 -0.442288688609735
vn -0.8660253998985324 -3.06161717267588e-17 -0.5000000067305869
vn -0.8314696016585884 -3.401886504589378e-17 -0.555570248949409
vn -0.7933533320874723 -3.7275889060097443e-17 -0.6087614397000725
vn -0.7518398161183981 -4.0373286084850987e-17 -0.6593458052486975
vn -0.7071067811865476 -4.329780375814312e-17 -0.7071067811865476
vn -0.6593458052486975 -4.603691232625871e-17 -0.7518398161183981
vn -0.6087614397000725 -4.85788821807799e-17 -0.7933533320874723
vn -0.555570248949409 -5.0912828117547274e-17 -0.8314696016585884
vn -0.5000000067305869 -5.302876307448087e-17 -0.8660253998985324
vn -0.442288688609735 -5.4917615041800857e-17 -0.8968727423262907
vn -0.3826834370613369 -5.657130722319695e-17 -0.9238795305660377
vn -0.3214394796332419 -5.798274791726978e-17 -0.9469301246306989
vn -0.2588190471264927 -5.914589613696059e-17 -0.9659258257467466
vn -0.19509032931342324 -6.005578251043524e-17 -0.9807852789517083
vn -0.13052618200608704 -6.070848442951297e-17 -0.9914448627185043
vn -0.06540312499783225 -6.110123670631983e-17 -0.9978589235160039
vn -1.8369701465288538e-16 -6.123234262925839e-17 -1
vn 0.06540312499783225 -6.110123670631983e-17 -0.9978589235160039
vn 0.13052618200608704 -6.070848442951297e-17 -0.9914448627185043
vn 0.19509032931342324 -6.005578251043524e-17 -0.9807852789517083
vn 0.2588190471264927 -5.914589613696059e-17 -0.9659258257467466
vn 0.3214394796332419 -5.798274791726978e-17 -0.9469301246306989
vn 0.3826834370613369 -5.657130722319695e-17 -0.9238795305660377
vn 0.442288688609735 -5.4917615041800857e-17 -0.8968727423262907
vn 0.5000000067305869 -5.302876307448087e-17 -0.8660253998985324
vn 0.555570248949409 -5.0912828117547274e-17 -0.8314696016585884
vn 0.6087614397000725 -4.85788821807799e-17 -0.7933533320874723
vn 0.6593458052486975 -4.603691232625871e-17 -0.7518398161183981
vn 0.7071067811865476 -4.329780375814312e-17 -0.7071067811865476
vn 0.7518398161183981 -4.0373286084850987e-17 -0.6593458052486975
vn 0.7933533320874723 -3.7275889060097443e-17 -0.6087614397000725
vn 0.8314696016585884 -3.401886504589378e-17 -0.555570248949409
vn 0.8660253998985324 -3.06161717267588e-17 -0.5000000067305869
vn 0.8968727423262907 -2.7082370865959147e-17 -0.442288688609735
vn 0.9238795305660377 -2.3432603017245014e-17 -0.3826834370613369
vn 0.9469301246306989 -1.9682491655117655e-17 -0.3214394796332419
vn 0.9659258257467466 -1.5848095844680132e-17 -0.2588190471264927
vn 0.9807852789517083 -1.1945837521388368e-17 -0.19509032931342324
vn 0.9914448627185043 -7.992423206588031e-18 -0.13052618200608704
vn 0.9978589235160039 -4.004786177881628e-18 -0.06540312499783225
vn 1 -1.499759904157988e-32 -2.4492937051703357e-16
vn 0.9238795305660377 -0.3826834370613369 2.3432603017245014e-17
vn 0.921901442137311 -0.38268341687459256 0.06042460950914876
vn 0.9159756195917699 -0.382683421674925 0.12059047677426503
vn 0.9061274488488158 -0.3826834244517805 0.18023995975530888
vn 0.8923990963690794 -0.38268343631432944 0.23911762873177525
vn 0.874849368586254 -0.38268342155907104 0.29697134735202124
vn 0.8535534008993343 -0.3826834201135841 0.35355337897317635
vn 0.8286023752925931 -0.38268342692344676 0.4086214610340476
vn 0.8001031461262758 -0.3826834348322611 0.4619397625922863
vn 0.7681777519791022 -0.38268342826028917 0.5132799773021396
vn 0.7329629152568005 -0.3826834307864739 0.5624222227648427
vn 0.6946093962928249 -0.3826834221103373 0.6091561253271928
vn 0.653281488012237 -0.38268341333409667 0.653281488012237
vn 0.6091561253271928 -0.3826834221103373 0.6946093962928249
vn 0.5624222227648427 -0.3826834307864739 0.7329629152568005
vn 0.5132799773021396 -0.38268342826028917 0.7681777519791022
vn 0.4619397625922863 -0.3826834348322611 0.8001031461262758
vn 0.4086214610340476 -0.38268342692344676 0.8286023752925931
vn 0.35355337897317635 -0.3826834201135841 0.8535534008993343
vn 0.29697134735202124 -0.38268342155907104 0.874849368586254
vn 0.23911762873177525 -0.38268343631432944 0.8923990963690794
vn 0.18023995975530888 -0.3826834244517805 0.9061274488488158
vn 0.12059047677426503 -0.382683421674925 0.9159756195917699
vn 0.06042460950914876 -0.38268341687459256 0.921901442137311
vn 5.657130722319695e-17 -0.3826834370613369 0.9238795305660377
vn -0.06042460950914876 -0.38268341687459256 0.921901442137311
vn -0.12059047677426503 -0.382683421674925 0.9159756195917699
vn -0.18023995975530888 -0.3826834244517805 0.9061274488488158
vn -0.23911762873177525 -0.38268343631432944 0.8923990963690794
vn -0.29697134735202124 -0.38268342155907104 0.874849368586254
vn -0.35355337897317635 -0.3826834201135841 0.8535534008993343
vn -0.4086214610340476 -0.38268342692344676 0.8286023752925931
vn -0.4619397625922863 -0.3826834348322611 0.8001031461262758
vn -0.5132799773021396 -0.38268342826028917 0.7681777519791022
vn -0.5624222227648427 -0.3826834307864739 0.7329629152568005
vn -0.6091561253271928 -0.3826834221103373 0.6946093962928249
vn -0.653281488012237 -0.38268341333409667 0.653281488012237
vn -0.6946093962928249 -0.3826834221103373 0.6091561253271928
vn -0.7329629152568005 -0.3826834307864739 0.5624222227648427
vn -0.7681777519791022 -0.38268342826028917 0.5132799773021396
vn -0.8001031461262758 -0.3826834348322611 0.4619397625922863
vn -0.8286023752925931 -0.38268342692344676 0.4086214610340476
vn -0.8535534008993343 -0.3826834201135841 0.35355337897317635
vn -0.874849368586254 -0.38268342155907104 0.29697134735202124
vn -0.8923990963690794 -0.38268343631432944 0.23911762873177525
vn -0.9061274488488158 -0.3826834244517805 0.18023995975530888
vn -0.9159756195917699 -0.382683421674925 0.12059047677426503
vn -0.921901442137311 -0.38268341687459256 0.06042460950914876
vn -0.9238795305660377 -0.3826834370613369 1.365752257354453e-16
vn -0.921901442137311 -0.38268341687459256 -0.06042460950914876
vn -0.9159756195917699 -0.382683421674925 -0.12059047677426503
vn -0.9061274488488158 -0.3826834244517805 -0.18023995975530888
vn -0.8923990963690794 -0.38268343631432944 -0.23911762873177525
vn -0.874849368586254 -0.38268342155907104 -0.29697134735202124
vn -0.8535534008993343 -0.3826834201135841 -0.35355337897317635
vn -0.8286023752925931 -0.38268342692344676 -0.4086214610340476
vn -0.8001031461262758 -0.3826834348322611 -0.4619397625922863
vn -0.7681777519791022 -0.38268342826028917 -0.5132799773021396
vn -0.7329629152568005 -0.3826834307864739 -0.5624222227648427
vn -0.6946093962928249 -0.3826834221103373 -0.6091561253271928
vn -0.653281488012237 -0.38268341333409667 -0.653281488012237
vn -0.6091561253271928 -0.3826834221103373 -0.6946093962928249
vn -0.5624222227648427 -0.3826834307864739 -0.7329629152568005
vn -0.5132799773021396 -0.38268342826028917 -0.7681777519791022
vn -0.4619397625922863 -0.3826834348322611 -0.8001031461262758
vn -0.4086214610340476 -0.38268342692344676 -0.8286023752925931
vn -0.35355337897317635 -0.3826834201135841 -0.8535534008993343
vn -0.29697134735202124 -0.38268342155907104 -0.874849368586254
vn -0.23911762873177525 -0.38268343631432944 -0.8923990963690794
vn -0.18023995975530888 -0.3826834244517805 -0.9061274488488158
vn -0.12059047677426503 -0.382683421674925 -0.9159756195917699
vn -0.06042460950914876 -0.38268341687459256 -0.921901442137311
vn -1.6971392166959086e-16 -0.3826834370613369 -0.9238795305660377
vn 0.06042460950914876 -0.38268341687459256 -0.921901442137311
vn 0.12059047677426503 -0.382683421674925 -0.9159756195917699
vn 0.18023995975530888 -0.3826834244517805 -0.9061274488488158
vn 0.23911762873177525 -0.38268343631432944 -0.8923990963690794
vn 0.29697134735202124 -0.38268342155907104 -0.874849368586254
vn 0.35355337897317635 -0.3826834201135841 -0.8535534008993343
vn 0.4086214610340476 -0.38268342692344676 -0.8286023752925931
vn 0.4619397625922863 -0.3826834348322611 -0.8001031461262758
vn 0.5132799773021396 -0.38268342826028917 -0.7681777519791022
vn 0.5624222227648427 -0.3826834307864739 -0.7329629152568005
vn 0.6091561253271928 -0.3826834221103373 -0.6946093962928249
vn 0.653281488012237 -0.38268341333409667 -0.653281488012237
vn 0.6946093962928249 -0.3826834221103373 -0.6091561253271928
vn 0.7329629152568005 -0.3826834307864739 -0.5624222227648427
vn 0.7681777519791022 -0.38268342826028917 -0.5132799773021396
vn 0.8001031461262758 -0.3826834348322611 -0.4619397625922863
vn 0.8286023752925931 -0.38268342692344676 -0.4086214610340476
vn 0.8535534008993343 -0.3826834201135841 -0.35355337897317635
vn 0.874849368586254 -0.38268342155907104 -0.29697134735202124
vn 0.8923990963690794 -0.38268343631432944 -0.23911762873177525
vn 0.9061274488488158 -0.3826834244517805 -0.18023995975530888
vn 0.9159756195917699 -0.382683421674925 -0.12059047677426503
vn 0.921901442137311 -0.38268341687459256 -0.06042460950914876
vn 0.9238795305660377 -0.3826834370613369 -2.0285263083862662e-16
vn 0.7071067811865476 -0.7071067811865476 4.329780375814312e-17
vn 0.705592817176569 -0.7071067751668857 0.046246998409844815
vn 0.7010573857025345 -0.7071067804069397 0.09229595361910369
vn 0.6935199426845902 -0.7071067617148827 0.13794968878491518
vn 0.68301271859882 -0.707106763573214 0.18301270759503102
vn 0.6695807109307145 -0.7071067827262842 0.22729203543459806
vn 0.6532815030743456 -0.7071067617226012 0.2705980511147485
vn 0.6341847909481734 -0.7071067838155708 0.3127453392330912
vn 0.6123724561743086 -0.7071067669986164 0.3535533834993082
vn 0.5879377874929517 -0.7071067873885877 0.39284748855870727
vn 0.5609855204465076 -0.7071067878226165 0.43045933195197694
vn 0.5316310515902998 -0.7071067678828802 0.46622788826840733
vn 0.5000000042785677 -0.7071067751357388 0.5000000042785677
vn 0.46622788826840733 -0.7071067678828802 0.5316310515902998
vn 0.43045933195197694 -0.7071067878226165 0.5609855204465076
vn 0.39284748855870727 -0.7071067873885877 0.5879377874929517
vn 0.3535533834993082 -0.7071067669986164 0.6123724561743086
vn 0.3127453392330912 -0.7071067838155708 0.6341847909481734
vn 0.2705980511147485 -0.7071067617226012 0.6532815030743456
vn 0.22729203543459806 -0.7071067827262842 0.6695807109307145
vn 0.18301270759503102 -0.707106763573214 0.68301271859882
vn 0.13794968878491518 -0.7071067617148827 0.6935199426845902
vn 0.09229595361910369 -0.7071067804069397 0.7010573857025345
vn 0.046246998409844815 -0.7071067751668857 0.705592817176569
vn 4.329780375814312e-17 -0.7071067811865476 0.7071067811865476
vn -0.046246998409844815 -0.7071067751668857 0.705592817176569
vn -0.09229595361910369 -0.7071067804069397 0.7010573857025345
vn -0.13794968878491518 -0.7071067617148827 0.6935199426845902
vn -0.18301270759503102 -0.707106763573214 0.68301271859882
vn -0.22729203543459806 -0.7071067827262842 0.6695807109307145
vn -0.2705980511147485 -0.7071067617226012 0.6532815030743456
vn -0.3127453392330912 -0.7071067838155708 0.6341847909481734
vn -0.3535533834993082 -0.7071067669986164 0.6123724561743086
vn -0.39284748855870727 -0.7071067873885877 0.5879377874929517
vn -0.43045933195197694 -0.7071067878226165 0.5609855204465076
vn -0.46622788826840733 -0.7071067678828802 0.5316310515902998
vn -0.5000000042785677 -0.7071067751357388 0.5000000042785677
vn -0.5316310515902998 -0.7071067678828802 0.46622788826840733
vn -0.5609855204465076 -0.7071067878226165 0.43045933195197694
vn -0.5879377874929517 -0.7071067873885877 0.39284748855870727
vn -0.6123724561743086 -0.7071067669986164 0.3535533834993082
vn -0.6341847909481734 -0.7071067838155708 0.3127453392330912
vn -0.6532815030743456 -0.7071067617226012 0.2705980511147485
vn -0.6695807109307145 -0.7071067827262842 0.22729203543459806
vn -0.68301271859882 -0.707106763573214 0.18301270759503102
vn -0.6935199426845902 -0.7071067617148827 0.13794968878491518
vn -0.7010573857025345 -0.7071067804069397 0.09229595361910369
vn -0.705592817176569 -0.7071067751668857 0.046246998409844815
vn -0.7071067811865476 -0.7071067811865476 1.2989341789187437e-16
vn -0.705592817176569 -0.7071067751668857 -0.046246998409844815
vn -0.7010573857025345 -0.7071067804069397 -0.09229595361910369
vn -0.6935199426845902 -0.7071067617148827 -0.13794968878491518
vn -0.68301271859882 -0.707106763573214 -0.18301270759503102
vn -0.6695807109307145 -0.7071067827262842 -0.22729203543459806
vn -0.6532815030743456 -0.7071067617226012 -0.2705980511147485
vn -0.6341847909481734 -0.7071067838155708 -0.3127453392330912
vn -0.6123724561743086 -0.7071067669986164 -0.3535533834993082
vn -0.5879377874929517 -0.7071067873885877 -0.39284748855870727
vn -0.5609855204465076 -0.7071067878226165 -0.43045933195197694
vn -0.5316310515902998 -0.7071067678828802 -0.46622788826840733
vn -0.5000000042785677 -0.7071067751357388 -0.5000000042785677
vn -0.46622788826840733 -0.7071067678828802 -0.5316310515902998
vn -0.43045933195197694 -0.7071067878226165 -0.5609855204465076
vn -0.39284748855870727 -0.7071067873885877 -0.5879377874929517
vn -0.3535533834993082 -0.7071067669986164 -0.6123724561743086
vn -0.3127453392330912 -0.7071067838155708 -0.6341847909481734
vn -0.2705980511147485 -0.7071067617226012 -0.6532815030743456
vn -0.22729203543459806 -0.7071067827262842 -0.6695807109307145
vn -0.18301270759503102 -0.707106763573214 -0.68301271859882
vn -0.13794968878491518 -0.7071067617148827 -0.6935199426845902
vn -0.09229595361910369 -0.7071067804069397 -0.7010573857025345
vn -0.046246998409844815 -0.7071067751668857 -0.705592817176569
vn -1.2989340465698435e-16 -0.7071067811865476 -0.7071067811865476
vn 0.046246998409844815 -0.7071067751668857 -0.705592817176569
vn 0.09229595361910369 -0.7071067804069397 -0.7010573857025345
vn 0.13794968878491518 -0.7071067617148827 -0.6935199426845902
vn 0.18301270759503102 -0.707106763573214 -0.68301271859882
vn 0.22729203543459806 -0.7071067827262842 -0.6695807109307145
vn 0.2705980511147485 -0.7071067617226012 -0.6532815030743456
vn 0.3127453392330912 -0.7071067838155708 -0.6341847909481734
vn 0.3535533834993082 -0.7071067669986164 -0.6123724561743086
vn 0.39284748855870727 -0.7071067873885877 -0.5879377874929517
vn 0.43045933195197694 -0.7071067878226165 -0.5609855204465076
vn 0.46622788826840733 -0.7071067678828802 -0.5316310515902998
vn 0.5000000042785677 -0.7071067751357388 -0.5000000042785677
vn 0.5316310515902998 -0.7071067678828802 -0.46622788826840733
vn 0.5609855204465076 -0.7071067878226165 -0.43045933195197694
vn 0.5879377874929517 -0.7071067873885877 -0.39284748855870727
vn 0.6123724561743086 -0.7071067669986164 -0.3535533834993082
vn 0.6341847909481734 -0.7071067838155708 -0.3127453392330912
vn 0.6532815030743456 -0.7071067617226012 -0.2705980511147485
vn 0.6695807109307145 -0.7071067827262842 -0.22729203543459806
vn 0.68301271859882 -0.707106763573214 -0.18301270759503102
vn 0.6935199426845902 -0.7071067617148827 -0.13794968878491518
vn 0.7010573857025345 -0.7071067804069397 -0.09229595361910369
vn 0.705592817176569 -0.7071067751668857 -0.046246998409844815
vn 0.7071067811865476 -0.7071067811865476 -1.2989341789187437e-16
vn 0.3826834370613369 -0.9238795305660377 5.657130722319695e-17
vn 0.38186408187651305 -0.9238795307788493 0.025028695140994088
vn 0.3794095318275573 -0.9238795285771333 0.04995021355798117
vn 0.37533028027663956 -0.9238795311325744 0.07465783724240778
vn 0.3696438175018387 -0.9238795294241295 0.09904576363336468
vn 0.36237449251772824 -0.9238795245456092 0.12300955775019227
vn 0.3535533942319051 -0.9238795295235227 0.14644661947103244
vn 0.34321833708274085 -0.9238795325058865 0.1692565582388548
vn 0.3314135766963612 -0.9238795310497564 0.1913417186308499
vn 0.3181896589214118 -0.9238795278602066 0.21260752328240298
vn 0.3036031813708991 -0.923879531800157 0.23296291331924837
vn 0.2877166206405626 -0.9238795429993638 0.2523207011611637
vn 0.2705980604439119 -0.9238795264362049 0.2705980604439119
vn 0.2523207011611637 -0.9238795429993638 0.2877166206405626
vn 0.23296291331924837 -0.923879531800157 0.3036031813708991
vn 0.21260752328240298 -0.9238795278602066 0.3181896589214118
vn 0.1913417186308499 -0.9238795310497564 0.3314135766963612
vn 0.1692565582388548 -0.9238795325058865 0.34321833708274085
vn 0.14644661947103244 -0.9238795295235227 0.3535533942319051
vn 0.12300955775019227 -0.9238795245456092 0.36237449251772824
vn 0.09904576363336468 -0.9238795294241295 0.3696438175018387
vn 0.07465783724240778 -0.9238795311325744 0.37533028027663956
vn 0.04995021355798117 -0.9238795285771333 0.3794095318275573
vn 0.025028695140994088 -0.9238795307788493 0.38186408187651305
vn 2.3432603017245014e-17 -0.9238795305660377 0.3826834370613369
vn -0.025028695140994088 -0.9238795307788493 0.38186408187651305
vn -0.04995021355798117 -0.9238795285771333 0.3794095318275573
vn -0.07465783724240778 -0.9238795311325744 0.37533028027663956
vn -0.09904576363336468 -0.9238795294241295 0.3696438175018387
vn -0.12300955775019227 -0.9238795245456092 0.36237449251772824
vn -0.14644661947103244 -0.9238795295235227 0.3535533942319051
vn -0.1692565582388548 -0.9238795325058865 0.34321833708274085
vn -0.1913417186308499 -0.9238795310497564 0.3314135766963612
vn -0.21260752328240298 -0.9238795278602066 0.3181896589214118
vn -0.23296291331924837 -0.923879531800157 0.3036031813708991
vn -0.2523207011611637 -0.9238795429993638 0.2877166206405626
vn -0.2705980604439119 -0.9238795264362049 0.2705980604439119
vn -0.2877166206405626 -0.9238795429993638 0.2523207011611637
vn -0.3036031813708991 -0.923879531800157 0.23296291331924837
vn -0.3181896589214118 -0.9238795278602066 0.21260752328240298
vn -0.3314135766963612 -0.9238795310497564 0.1913417186308499
vn -0.34321833708274085 -0.9238795325058865 0.1692565582388548
vn -0.3535533942319051 -0.9238795295235227 0.14644661947103244
vn -0.36237449251772824 -0.9238795245456092 0.12300955775019227
vn -0.3696438175018387 -0.9238795294241295 0.09904576363336468
vn -0.37533028027663956 -0.9238795311325744 0.07465783724240778
vn -0.3794095318275573 -0.9238795285771333 0.04995021355798117
vn -0.38186408187651305 -0.9238795307788493 0.025028695140994088
vn -0.3826834370613369 -0.9238795305660377 1.0343651656640953e-16
vn -0.38186408187651305 -0.9238795307788493 -0.025028695140994088
vn -0.3794095318275573 -0.9238795285771333 -0.04995021355798117
vn -0.37533028027663956 -0.9238795311325744 -0.07465783724240778
vn -0.3696438175018387 -0.9238795294241295 -0.09904576363336468
vn -0.36237449251772824 -0.9238795245456092 -0.12300955775019227
vn -0.3535533942319051 -0.9238795295235227 -0.14644661947103244
vn -0.34321833708274085 -0.9238795325058865 -0.1692565582388548
vn -0.3314135766963612 -0.9238795310497564 -0.1913417186308499
vn -0.3181896589214118 -0.9238795278602066 -0.21260752328240298
vn -0.3036031813708991 -0.923879531800157 -0.23296291331924837
vn -0.2877166206405626 -0.9238795429993638 -0.2523207011611637
vn -0.2705980604439119 -0.9238795264362049 -0.2705980604439119
vn -0.2523207011611637 -0.9238795429993638 -0.2877166206405626
vn -0.23296291331924837 -0.923879531800157 -0.3036031813708991
vn -0.21260752328240298 -0.9238795278602066 -0.3181896589214118
vn -0.1913417186308499 -0.9238795310497564 -0.3314135766963612
vn -0.1692565582388548 -0.9238795325058865 -0.34321833708274085
vn -0.14644661947103244 -0.9238795295235227 -0.3535533942319051
vn -0.12300955775019227 -0.9238795245456092 -0.36237449251772824
vn -0.09904576363336468 -0.9238795294241295 -0.3696438175018387
vn -0.07465783724240778 -0.9238795311325744 -0.37533028027663956
vn -0.04995021355798117 -0.9238795285771333 -0.3794095318275573
vn -0.025028695140994088 -0.9238795307788493 -0.38186408187651305
vn -7.029780739737377e-17 -0.9238795305660377 -0.3826834370613369
vn 0.025028695140994088 -0.9238795307788493 -0.38186408187651305
vn 0.04995021355798117 -0.9238795285771333 -0.3794095318275573
vn 0.07465783724240778 -0.9238795311325744 -0.37533028027663956
vn 0.09904576363336468 -0.9238795294241295 -0.3696438175018387
vn 0.12300955775019227 -0.9238795245456092 -0.36237449251772824
vn 0.14644661947103244 -0.9238795295235227 -0.3535533942319051
vn 0.1692565582388548 -0.9238795325058865 -0.34321833708274085
vn 0.1913417186308499 -0.9238795310497564 -0.3314135766963612
vn 0.21260752328240298 -0.9238795278602066 -0.3181896589214118
vn 0.23296291331924837 -0.923879531800157 -0.3036031813708991
vn 0.2523207011611637 -0.9238795429993638 -0.2877166206405626
vn 0.2705980604439119 -0.9238795264362049 -0.2705980604439119
vn 0.2877166206405626 -0.9238795429993638 -0.2523207011611637
vn 0.3036031813708991 -0.923879531800157 -0.23296291331924837
vn 0.3181896589214118 -0.9238795278602066 -0.21260752328240298
vn 0.3314135766963612 -0.9238795310497564 -0.1913417186308499
vn 0.34321833708274085 -0.9238795325058865 -0.1692565582388548
vn 0.3535533942319051 -0.9238795295235227 -0.14644661947103244
vn 0.36237449251772824 -0.9238795245456092 -0.12300955775019227
vn 0.3696438175018387 -0.9238795294241295 -0.09904576363336468
vn 0.37533028027663956 -0.9238795311325744 -0.07465783724240778
vn 0.3794095318275573 -0.9238795285771333 -0.04995021355798117
vn 0.38186408187651305 -0.9238795307788493 -0.025028695140994088
vn 0.3826834370613369 -0.9238795305660377 -3.715910815450565e-17
vn 0 -1 6.123234262925839e-17
vn 0 -1 6.123234262925839e-17
vn 0 -1 6.123234262925839e-17
vn 0 -1 6.123234262925839e-17
vn 0 -1 6.123234262925839e-17
vn 0 -1 6.123234262925839e-17
vn 0 -1 6.123234262925839e-17
vn 0 -1 6.123234262925839e-17
vn 0 -1 6.123234262925839e-17
vn 0 -1 6.123234262925839e-17
vn 0 -1 6.123234262925839e-17
vn 0 -1 6.123234262925839e-17
vn 0 -1 6.123234262925839e-17
vn 0 -1 6.123234262925839e-17
vn 0 -1 6.123234262925839e-17
vn 0 -1 6.123234262925839e-17
vn 0 -1 6.123234262925839e-17
vn 0 -1 6.123234262925839e-17
vn 0 -1 6.123234262925839e-17
vn 0 -1 6.123234262925839e-17
vn 0 -1 6.123234262925839e-17
vn 0 -1 6.123234262925839e-17
vn 0 -1 6.123234262925839e-17
vn 0 -1 6.123234262925839e-17
vn 0 -1 6.123234262925839e-17
vn 0 -1 6.123234262925839e-17
vn 0 -1 6.123234262925839e-17
vn 0 -1 6.123234262925839e-17
vn 0 -1 6.123234262925839e-17
vn 0 -1 6.123234262925839e-17
vn 0 -1 6.123234262925839e-17
vn 0 -1 6.123234262925839e-17
vn 0 -1 6.123234262925839e-17
vn 0 -1 6.123234262925839e-17
vn 0 -1 6.123234262925839e-17
vn 0 -1 6.123234262925839e-17
vn 0 -1 6.123234262925839e-17
vn 0 -1 6.123234262925839e-17
vn 0 -1 6.123234262925839e-17
vn 0 -1 6.123234262925839e-17
vn 0 -1 6.123234262925839e-17
vn 0 -1 6.123234262925839e-17
vn 0 -1 6.123234262925839e-17
vn 0 -1 6.123234262925839e-17
vn 0 -1 6.123234262925839e-17
vn 0 -1 6.123234262925839e-17
vn 0 -1 6.123234262925839e-17
vn 0 -1 6.123234262925839e-17
vn 0 -1 6.123234262925839e-17
vn 0 -1 6.123234262925839e-17
vn 0 -1 6.123234262925839e-17
vn 0 -1 6.123234262925839e-17
vn 0 -1 6.123234262925839e-17
vn 0 -1 6.123234262925839e-17
vn 0 -1 6.123234262925839e-17
vn 0 -1 6.123234262925839e-17
vn 0 -1 6.123234262925839e-17
vn 0 -1 6.123234262925839e-17
vn 0 -1 6.123234262925839e-17
vn 0 -1 6.123234262925839e-17
vn 0 -1 6.123234262925839e-17
vn 0 -1 6.123234262925839e-17
vn 0 -1 6.123234262925839e-17
vn 0 -1 6.123234262925839e-17
vn 0 -1 6.123234262925839e-17
vn 0 -1 6.123234262925839e-17
vn 0 -1 6.123234262925839e-17
vn 0 -1 6.123234262925839e-17
vn 0 -1 6.123234262925839e-17
vn 0 -1 6.123234262925839e-17
vn 0 -1 6.123234262925839e-17
vn 0 -1 6.123234262925839e-17
vn 0 -1 6.123234262925839e-17
vn 0 -1 6.123234262925839e-17
vn 0 -1 6.123234262925839e-17
vn 0 -1 6.123234262925839e-17
vn 0 -1 6.123234262925839e-17
vn 0 -1 6.123234262925839e-17
vn 0 -1 6.123234262925839e-17
vn 0 -1 6.123234262925839e-17
vn 0 -1 6.123234262925839e-17
vn 0 -1 6.123234262925839e-17
vn 0 -1 6.123234262925839e-17
vn 0 -1 6.123234262925839e-17
vn 0 -1 6.123234262925839e-17
vn 0 -1 6.123234262925839e-17
vn 0 -1 6.123234262925839e-17
vn 0 -1 6.123234262925839e-17
vn 0 -1 6.123234262925839e-17
vn 0 -1 6.123234262925839e-17
vn 0 -1 6.123234262925839e-17
vn 0 -1 6.123234262925839e-17
vn 0 -1 6.123234262925839e-17
vn 0 -1 6.123234262925839e-17
vn 0 -1 6.123234262925839e-17
vn 0 -1 6.123234262925839e-17
vn 0 -1 6.123234262925839e-17
vn -0.3826834370613369 -0.9238795305660377 5.657130722319695e-17
vn -0.38186408187651305 -0.9238795307788493 -0.025028695140994088
vn -0.3794095318275573 -0.9238795285771333 -0.04995021355798117
vn -0.37533028027663956 -0.9238795311325744 -0.07465783724240778
vn -0.3696438175018387 -0.9238795294241295 -0.09904576363336468
vn -0.36237449251772824 -0.9238795245456092 -0.12300955775019227
vn -0.3535533942319051 -0.9238795295235227 -0.14644661947103244
vn -0.34321833708274085 -0.9238795325058865 -0.1692565582388548
vn -0.3314135766963612 -0.9238795310497564 -0.1913417186308499
vn -0.3181896589214118 -0.9238795278602066 -0.21260752328240298
vn -0.3036031813708991 -0.923879531800157 -0.23296291331924837
vn -0.2877166206405626 -0.9238795429993638 -0.2523207011611637
vn -0.2705980604439119 -0.9238795264362049 -0.2705980604439119
vn -0.2523207011611637 -0.9238795429993638 -0.2877166206405626
vn -0.23296291331924837 -0.923879531800157 -0.3036031813708991
vn -0.21260752328240298 -0.9238795278602066 -0.3181896589214118
vn -0.1913417186308499 -0.9238795310497564 -0.3314135766963612
vn -0.1692565582388548 -0.9238795325058865 -0.34321833708274085
vn -0.14644661947103244 -0.9238795295235227 -0.3535533942319051
vn -0.12300955775019227 -0.9238795245456092 -0.36237449251772824
vn -0.09904576363336468 -0.9238795294241295 -0.3696438175018387
vn -0.07465783724240778 -0.9238795311325744 -0.37533028027663956
vn -0.04995021355798117 -0.9238795285771333 -0.3794095318275573
vn -0.025028695140994088 -0.9238795307788493 -0.38186408187651305
vn -2.3432603017245014e-17 -0.9238795305660377 -0.3826834370613369
vn 0.025028695140994088 -0.9238795307788493 -0.38186408187651305
vn 0.04995021355798117 -0.9238795285771333 -0.3794095318275573
vn 0.07465783724240778 -0.9238795311325744 -0.37533028027663956
vn 0.09904576363336468 -0.9238795294241295 -0.3696438175018387
vn 0.12300955775019227 -0.9238795245456092 -0.36237449251772824
vn 0.14644661947103244 -0.9238795295235227 -0.3535533942319051
vn 0.1692565582388548 -0.9238795325058865 -0.34321833708274085
vn 0.1913417186308499 -0.9238795310497564 -0.3314135766963612
vn 0.21260752328240298 -0.9238795278602066 -0.3181896589214118
vn 0.23296291331924837 -0.923879531800157 -0.3036031813708991
vn 0.2523207011611637 -0.9238795429993638 -0.2877166206405626
vn 0.2705980604439119 -0.9238795264362049 -0.2705980604439119
vn 0.2877166206405626 -0.9238795429993638 -0.2523207011611637
vn 0.3036031813708991 -0.923879531800157 -0.23296291331924837
vn 0.3181896589214118 -0.9238795278602066 -0.21260752328240298
vn 0.3314135766963612 -0.9238795310497564 -0.1913417186308499
vn 0.34321833708274085 -0.9238795325058865 -0.1692565582388548
vn 0.3535533942319051 -0.9238795295235227 -0.14644661947103244
vn 0.36237449251772824 -0.9238795245456092 -0.12300955775019227
vn 0.3696438175018387 -0.9238795294241295 -0.09904576363336468
vn 0.37533028027663956 -0.9238795311325744 -0.07465783724240778
vn 0.3794095318275573 -0.9238795285771333 -0.04995021355798117
vn 0.38186408187651305 -0.9238795307788493 -0.025028695140994088
vn 0.3826834370613369 -0.9238795305660377 9.706099534345653e-18
vn 0.38186408187651305 -0.9238795307788493 0.025028695140994088
vn 0.3794095318275573 -0.9238795285771333 0.04995021355798117
vn 0.37533028027663956 -0.9238795311325744 0.07465783724240778
vn 0.3696438175018387 -0.9238795294241295 0.09904576363336468
vn 0.36237449251772824 -0.9238795245456092 0.12300955775019227
vn 0.3535533942319051 -0.9238795295235227 0.14644661947103244
vn 0.34321833708274085 -0.9238795325058865 0.1692565582388548
vn 0.3314135766963612 -0.9238795310497564 0.1913417186308499
vn 0.3181896589214118 -0.9238795278602066 0.21260752328240298
vn 0.3036031813708991 -0.923879531800157 0.23296291331924837
vn 0.2877166206405626 -0.9238795429993638 0.2523207011611637
vn 0.2705980604439119 -0.9238795264362049 0.2705980604439119
vn 0.2523207011611637 -0.9238795429993638 0.2877166206405626
vn 0.23296291331924837 -0.923879531800157 0.3036031813708991
vn 0.21260752328240298 -0.9238795278602066 0.3181896589214118
vn 0.1913417186308499 -0.9238795310497564 0.3314135766963612
vn 0.1692565582388548 -0.9238795325058865 0.34321833708274085
vn 0.14644661947103244 -0.9238795295235227 0.3535533942319051
vn 0.12300955775019227 -0.9238795245456092 0.36237449251772824
vn 0.09904576363336468 -0.9238795294241295 0.3696438175018387
vn 0.07465783724240778 -0.9238795311325744 0.37533028027663956
vn 0.04995021355798117 -0.9238795285771333 0.3794095318275573
vn 0.025028695140994088 -0.9238795307788493 0.38186408187651305
vn 7.029780739737377e-17 -0.9238795305660377 0.3826834370613369
vn -0.025028695140994088 -0.9238795307788493 0.38186408187651305
vn -0.04995021355798117 -0.9238795285771333 0.3794095318275573
vn -0.07465783724240778 -0.9238795311325744 0.37533028027663956
vn -0.09904576363336468 -0.9238795294241295 0.3696438175018387
vn -0.12300955775019227 -0.9238795245456092 0.36237449251772824
vn -0.14644661947103244 -0.9238795295235227 0.3535533942319051
vn -0.1692565582388548 -0.9238795325058865 0.34321833708274085
vn -0.1913417186308499 -0.9238795310497564 0.3314135766963612
vn -0.21260752328240298 -0.9238795278602066 0.3181896589214118
vn -0.23296291331924837 -0.923879531800157 0.3036031813708991
vn -0.2523207011611637 -0.9238795429993638 0.2877166206405626
vn -0.2705980604439119 -0.9238795264362049 0.2705980604439119
vn -0.2877166206405626 -0.9238795429993638 0.2523207011611637
vn -0.3036031813708991 -0.923879531800157 0.23296291331924837
vn -0.3181896589214118 -0.9238795278602066 0.21260752328240298
vn -0.3314135766963612 -0.9238795310497564 0.1913417186308499
vn -0.34321833708274085 -0.9238795325058865 0.1692565582388548
vn -0.3535533942319051 -0.9238795295235227 0.14644661947103244
vn -0.36237449251772824 -0.9238795245456092 0.12300955775019227
vn -0.3696438175018387 -0.9238795294241295 0.09904576363336468
vn -0.37533028027663956 -0.9238795311325744 0.07465783724240778
vn -0.3794095318275573 -0.9238795285771333 0.04995021355798117
vn -0.38186408187651305 -0.9238795307788493 0.025028695140994088
vn -0.3826834370613369 -0.9238795305660377 1.503017259096221e-16
vn -0.7071067811865476 -0.7071067811865476 4.329780375814312e-17
vn -0.705592817176569 -0.7071067751668857 -0.046246998409844815
vn -0.7010573857025345 -0.7071067804069397 -0.09229595361910369
vn -0.6935199426845902 -0.7071067617148827 -0.13794968878491518
vn -0.68301271859882 -0.707106763573214 -0.18301270759503102
vn -0.6695807109307145 -0.7071067827262842 -0.22729203543459806
vn -0.6532815030743456 -0.7071067617226012 -0.2705980511147485
vn -0.6341847909481734 -0.7071067838155708 -0.3127453392330912
vn -0.6123724561743086 -0.7071067669986164 -0.3535533834993082
vn -0.5879377874929517 -0.7071067873885877 -0.39284748855870727
vn -0.5609855204465076 -0.7071067878226165 -0.43045933195197694
vn -0.5316310515902998 -0.7071067678828802 -0.46622788826840733
vn -0.5000000042785677 -0.7071067751357388 -0.5000000042785677
vn -0.46622788826840733 -0.7071067678828802 -0.5316310515902998
vn -0.43045933195197694 -0.7071067878226165 -0.5609855204465076
vn -0.39284748855870727 -0.7071067873885877 -0.5879377874929517
vn -0.3535533834993082 -0.7071067669986164 -0.6123724561743086
vn -0.3127453392330912 -0.7071067838155708 -0.6341847909481734
vn -0.2705980511147485 -0.7071067617226012 -0.6532815030743456
vn -0.22729203543459806 -0.7071067827262842 -0.6695807109307145
vn -0.18301270759503102 -0.707106763573214 -0.68301271859882
vn -0.13794968878491518 -0.7071067617148827 -0.6935199426845902
vn -0.09229595361910369 -0.7071067804069397 -0.7010573857025345
vn -0.046246998409844815 -0.7071067751668857 -0.705592817176569
vn -4.329780375814312e-17 -0.7071067811865476 -0.7071067811865476
vn 0.046246998409844815 -0.7071067751668857 -0.705592817176569
vn 0.09229595361910369 -0.7071067804069397 -0.7010573857025345
vn 0.13794968878491518 -0.7071067617148827 -0.6935199426845902
vn 0.18301270759503102 -0.707106763573214 -0.68301271859882
vn 0.22729203543459806 -0.7071067827262842 -0.6695807109307145
vn 0.2705980511147485 -0.7071067617226012 -0.6532815030743456
vn 0.3127453392330912 -0.7071067838155708 -0.6341847909481734
vn 0.3535533834993082 -0.7071067669986164 -0.6123724561743086
vn 0.39284748855870727 -0.7071067873885877 -0.5879377874929517
vn 0.43045933195197694 -0.7071067878226165 -0.5609855204465076
vn 0.46622788826840733 -0.7071067678828802 -0.5316310515902998
vn 0.5000000042785677 -0.7071067751357388 -0.5000000042785677
vn 0.5316310515902998 -0.7071067678828802 -0.46622788826840733
vn 0.5609855204465076 -0.7071067878226165 -0.43045933195197694
vn 0.5879377874929517 -0.7071067873885877 -0.39284748855870727
vn 0.6123724561743086 -0.7071067669986164 -0.3535533834993082
vn 0.6341847909481734 -0.7071067838155708 -0.3127453392330912
vn 0.6532815030743456 -0.7071067617226012 -0.2705980511147485
vn 0.6695807109307145 -0.7071067827262842 -0.22729203543459806
vn 0.68301271859882 -0.707106763573214 -0.18301270759503102
vn 0.6935199426845902 -0.7071067617148827 -0.13794968878491518
vn 0.7010573857025345 -0.7071067804069397 -0.09229595361910369
vn 0.705592817176569 -0.7071067751668857 -0.046246998409844815
vn 0.7071067811865476 -0.7071067811865476 -4.329780706686563e-17
vn 0.705592817176569 -0.7071067751668857 0.046246998409844815
vn 0.7010573857025345 -0.7071067804069397 0.09229595361910369
vn 0.6935199426845902 -0.7071067617148827 0.13794968878491518
vn 0.68301271859882 -0.707106763573214 0.18301270759503102
vn 0.6695807109307145 -0.7071067827262842 0.22729203543459806
vn 0.6532815030743456 -0.7071067617226012 0.2705980511147485
vn 0.6341847909481734 -0.7071067838155708 0.3127453392330912
vn 0.6123724561743086 -0.7071067669986164 0.3535533834993082
vn 0.5879377874929517 -0.7071067873885877 0.39284748855870727
vn 0.5609855204465076 -0.7071067878226165 0.43045933195197694
vn 0.5316310515902998 -0.7071067678828802 0.46622788826840733
vn 0.5000000042785677 -0.7071067751357388 0.5000000042785677
vn 0.46622788826840733 -0.7071067678828802 0.5316310515902998
vn 0.43045933195197694 -0.7071067878226165 0.5609855204465076
vn 0.39284748855870727 -0.7071067873885877 0.5879377874929517
vn 0.3535533834993082 -0.7071067669986164 0.6123724561743086
vn 0.3127453392330912 -0.7071067838155708 0.6341847909481734
vn 0.2705980511147485 -0.7071067617226012 0.6532815030743456
vn 0.22729203543459806 -0.7071067827262842 0.6695807109307145
vn 0.18301270759503102 -0.707106763573214 0.68301271859882
vn 0.13794968878491518 -0.7071067617148827 0.6935199426845902
vn 0.09229595361910369 -0.7071067804069397 0.7010573857025345
vn 0.046246998409844815 -0.7071067751668857 0.705592817176569
vn 1.2989340465698435e-16 -0.7071067811865476 0.7071067811865476
vn -0.046246998409844815 -0.7071067751668857 0.705592817176569
vn -0.09229595361910369 -0.7071067804069397 0.7010573857025345
vn -0.13794968878491518 -0.7071067617148827 0.6935199426845902
vn -0.18301270759503102 -0.707106763573214 0.68301271859882
vn -0.22729203543459806 -0.7071067827262842 0.6695807109307145
vn -0.2705980511147485 -0.7071067617226012 0.6532815030743456
vn -0.3127453392330912 -0.7071067838155708 0.6341847909481734
vn -0.3535533834993082 -0.7071067669986164 0.6123724561743086
vn -0.39284748855870727 -0.7071067873885877 0.5879377874929517
vn -0.43045933195197694 -0.7071067878226165 0.5609855204465076
vn -0.46622788826840733 -0.7071067678828802 0.5316310515902998
vn -0.5000000042785677 -0.7071067751357388 0.5000000042785677
vn -0.5316310515902998 -0.7071067678828802 0.46622788826840733
vn -0.5609855204465076 -0.7071067878226165 0.43045933195197694
vn -0.5879377874929517 -0.7071067873885877 0.39284748855870727
vn -0.6123724561743086 -0.7071067669986164 0.3535533834993082
vn -0.6341847909481734 -0.7071067838155708 0.3127453392330912
vn -0.6532815030743456 -0.7071067617226012 0.2705980511147485
vn -0.6695807109307145 -0.7071067827262842 0.22729203543459806
vn -0.68301271859882 -0.707106763573214 0.18301270759503102
vn -0.6935199426845902 -0.7071067617148827 0.13794968878491518
vn -0.7010573857025345 -0.7071067804069397 0.09229595361910369
vn -0.705592817176569 -0.7071067751668857 0.046246998409844815
vn -0.7071067811865476 -0.7071067811865476 2.1648902540816062e-16
vn -0.9238795305660377 -0.3826834370613369 2.3432603017245014e-17
vn -0.921901442137311 -0.38268341687459256 -0.06042460950914876
vn -0.9159756195917699 -0.382683421674925 -0.12059047677426503
vn -0.9061274488488158 -0.3826834244517805 -0.18023995975530888
vn -0.8923990963690794 -0.38268343631432944 -0.23911762873177525
vn -0.874849368586254 -0.38268342155907104 -0.29697134735202124
vn -0.8535534008993343 -0.3826834201135841 -0.35355337897317635
vn -0.8286023752925931 -0.38268342692344676 -0.4086214610340476
vn -0.8001031461262758 -0.3826834348322611 -0.4619397625922863
vn -0.7681777519791022 -0.38268342826028917 -0.5132799773021396
vn -0.7329629152568005 -0.3826834307864739 -0.5624222227648427
vn -0.6946093962928249 -0.3826834221103373 -0.6091561253271928
vn -0.653281488012237 -0.38268341333409667 -0.653281488012237
vn -0.6091561253271928 -0.3826834221103373 -0.6946093962928249
vn -0.5624222227648427 -0.3826834307864739 -0.7329629152568005
vn -0.5132799773021396 -0.38268342826028917 -0.7681777519791022
vn -0.4619397625922863 -0.3826834348322611 -0.8001031461262758
vn -0.4086214610340476 -0.38268342692344676 -0.8286023752925931
vn -0.35355337897317635 -0.3826834201135841 -0.8535534008993343
vn -0.29697134735202124 -0.38268342155907104 -0.874849368586254
vn -0.23911762873177525 -0.38268343631432944 -0.8923990963690794
vn -0.18023995975530888 -0.3826834244517805 -0.9061274488488158
vn -0.12059047677426503 -0.382683421674925 -0.9159756195917699
vn -0.06042460950914876 -0.38268341687459256 -0.921901442137311
vn -5.657130722319695e-17 -0.3826834370613369 -0.9238795305660377
vn 0.06042460950914876 -0.38268341687459256 -0.921901442137311
vn 0.12059047677426503 -0.382683421674925 -0.9159756195917699
vn 0.18023995975530888 -0.3826834244517805 -0.9061274488488158
vn 0.23911762873177525 -0.38268343631432944 -0.8923990963690794
vn 0.29697134735202124 -0.38268342155907104 -0.874849368586254
vn 0.35355337897317635 -0.3826834201135841 -0.8535534008993343
vn 0.4086214610340476 -0.38268342692344676 -0.8286023752925931
vn 0.4619397625922863 -0.3826834348322611 -0.8001031461262758
vn 0.5132799773021396 -0.38268342826028917 -0.7681777519791022
vn 0.5624222227648427 -0.3826834307864739 -0.7329629152568005
vn 0.6091561253271928 -0.3826834221103373 -0.6946093962928249
vn 0.653281488012237 -0.38268341333409667 -0.653281488012237
vn 0.6946093962928249 -0.3826834221103373 -0.6091561253271928
vn 0.7329629152568005 -0.3826834307864739 -0.5624222227648427
vn 0.7681777519791022 -0.38268342826028917 -0.5132799773021396
vn 0.8001031461262758 -0.3826834348322611 -0.4619397625922863
vn 0.8286023752925931 -0.38268342692344676 -0.4086214610340476
vn 0.8535534008993343 -0.3826834201135841 -0.35355337897317635
vn 0.874849368586254 -0.38268342155907104 -0.29697134735202124
vn 0.8923990963690794 -0.38268343631432944 -0.23911762873177525
vn 0.9061274488488158 -0.3826834244517805 -0.18023995975530888
vn 0.9159756195917699 -0.382683421674925 -0.12059047677426503
vn 0.921901442137311 -0.38268341687459256 -0.06042460950914876
vn 0.9238795305660377 -0.3826834370613369 -8.971001639223271e-17
vn 0.921901442137311 -0.38268341687459256 0.06042460950914876
vn 0.9159756195917699 -0.382683421674925 0.12059047677426503
vn 0.9061274488488158 -0.3826834244517805 0.18023995975530888
vn 0.8923990963690794 -0.38268343631432944 0.23911762873177525
vn 0.874849368586254 -0.38268342155907104 0.29697134735202124
vn 0.8535534008993343 -0.3826834201135841 0.35355337897317635
vn 0.8286023752925931 -0.38268342692344676 0.4086214610340476
vn 0.8001031461262758 -0.3826834348322611 0.4619397625922863
vn 0.7681777519791022 -0.38268342826028917 0.5132799773021396
vn 0.7329629152568005 -0.3826834307864739 0.5624222227648427
vn 0.6946093962928249 -0.3826834221103373 0.6091561253271928
vn 0.653281488012237 -0.38268341333409667 0.653281488012237
vn 0.6091561253271928 -0.3826834221103373 0.6946093962928249
vn 0.5624222227648427 -0.3826834307864739 0.7329629152568005
vn 0.5132799773021396 -0.38268342826028917 0.7681777519791022
vn 0.4619397625922863 -0.3826834348322611 0.8001031461262758
vn 0.4086214610340476 -0.38268342692344676 0.8286023752925931
vn 0.35355337897317635 -0.3826834201135841 0.8535534008993343
vn 0.29697134735202124 -0.38268342155907104 0.874849368586254
vn 0.23911762873177525 -0.38268343631432944 0.8923990963690794
vn 0.18023995975530888 -0.3826834244517805 0.9061274488488158
vn 0.12059047677426503 -0.382683421674925 0.9159756195917699
vn 0.06042460950914876 -0.38268341687459256 0.921901442137311
vn 1.6971392166959086e-16 -0.3826834370613369 0.9238795305660377
vn -0.06042460950914876 -0.38268341687459256 0.921901442137311
vn -0.12059047677426503 -0.382683421674925 0.9159756195917699
vn -0.18023995975530888 -0.3826834244517805 0.9061274488488158
vn -0.23911762873177525 -0.38268343631432944 0.8923990963690794
vn -0.29697134735202124 -0.38268342155907104 0.874849368586254
vn -0.35355337897317635 -0.3826834201135841 0.8535534008993343
vn -0.4086214610340476 -0.38268342692344676 0.8286023752925931
vn -0.4619397625922863 -0.3826834348322611 0.8001031461262758
vn -0.5132799773021396 -0.38268342826028917 0.7681777519791022
vn -0.5624222227648427 -0.3826834307864739 0.7329629152568005
vn -0.6091561253271928 -0.3826834221103373 0.6946093962928249
vn -0.653281488012237 -0.38268341333409667 0.653281488012237
vn -0.6946093962928249 -0.3826834221103373 0.6091561253271928
vn -0.7329629152568005 -0.3826834307864739 0.5624222227648427
vn -0.7681777519791022 -0.38268342826028917 0.5132799773021396
vn -0.8001031461262758 -0.3826834348322611 0.4619397625922863
vn -0.8286023752925931 -0.38268342692344676 0.4086214610340476
vn -0.8535534008993343 -0.3826834201135841 0.35355337897317635
vn -0.874849368586254 -0.38268342155907104 0.29697134735202124
vn -0.8923990963690794 -0.38268343631432944 0.23911762873177525
vn -0.9061274488488158 -0.3826834244517805 0.18023995975530888
vn -0.9159756195917699 -0.382683421674925 0.12059047677426503
vn -0.921901442137311 -0.38268341687459256 0.06042460950914876
vn -0.9238795305660377 -0.3826834370613369 2.497178401818392e-16
vn -1 -1.2246468525851679e-16 7.49879952078994e-33
vn -0.9978589235160039 -1.2646946798174464e-16 -0.06540312499783225
vn -0.9914448627185043 -1.3045709983233608e-16 -0.13052618200608704
vn -0.9807852789517083 -1.3441052713923007e-16 -0.19509032931342324
vn -0.9659258257467466 -1.3831277944590875e-16 -0.2588190471264927
vn -0.9469301246306989 -1.4214717874700784e-16 -0.3214394796332419
vn -0.9238795305660377 -1.4589730004201042e-16 -0.3826834370613369
vn -0.8968727423262907 -1.4954705221176598e-16 -0.442288688609735
vn -0.8660253998985324 -1.5308086525123897e-16 -0.5000000067305869
vn -0.8314696016585884 -1.5648355453018726e-16 -0.555570248949409
vn -0.7933533320874723 -1.597405829303384e-16 -0.6087614397000725
vn -0.7518398161183981 -1.6283796796103947e-16 -0.6593458052486975
vn -0.7071067811865476 -1.6576249772999878e-16 -0.7071067811865476
vn -0.6593458052486975 -1.685016008198921e-16 -0.7518398161183981
vn -0.6087614397000725 -1.7104357605102084e-16 -0.7933533320874723
vn -0.555570248949409 -1.7337752091056323e-16 -0.8314696016585884
vn -0.5000000067305869 -1.7549344998151606e-16 -0.8660253998985324
vn -0.442288688609735 -1.7738230135069126e-16 -0.8968727423262907
vn -0.3826834370613369 -1.7903599597615599e-16 -0.9238795305660377
vn -0.3214394796332419 -1.8044744162660495e-16 -0.9469301246306989
vn -0.2588190471264927 -1.816105896643567e-16 -0.9659258257467466
vn -0.19509032931342324 -1.825204779185414e-16 -0.9807852789517083
vn -0.13052618200608704 -1.8317317346296992e-16 -0.9914448627185043
vn -0.06540312499783225 -1.8356591975095374e-16 -0.9978589235160039
vn -6.123234262925839e-17 -1.8369702788777518e-16 -1
vn 0.06540312499783225 -1.8356591975095374e-16 -0.9978589235160039
vn 0.13052618200608704 -1.8317317346296992e-16 -0.9914448627185043
vn 0.19509032931342324 -1.825204779185414e-16 -0.9807852789517083
vn 0.2588190471264927 -1.816105896643567e-16 -0.9659258257467466
vn 0.3214394796332419 -1.8044744162660495e-16 -0.9469301246306989
vn 0.3826834370613369 -1.7903599597615599e-16 -0.9238795305660377
vn 0.442288688609735 -1.7738230135069126e-16 -0.8968727423262907
vn 0.5000000067305869 -1.7549344998151606e-16 -0.8660253998985324
vn 0.555570248949409 -1.7337752091056323e-16 -0.8314696016585884
vn 0.6087614397000725 -1.7104357605102084e-16 -0.7933533320874723
vn 0.6593458052486975 -1.685016008198921e-16 -0.7518398161183981
vn 0.7071067811865476 -1.6576249772999878e-16 -0.7071067811865476
vn 0.7518398161183981 -1.6283796796103947e-16 -0.6593458052486975
vn 0.7933533320874723 -1.597405829303384e-16 -0.6087614397000725
vn 0.8314696016585884 -1.5648355453018726e-16 -0.555570248949409
vn 0.8660253998985324 -1.5308086525123897e-16 -0.5000000067305869
vn 0.8968727423262907 -1.4954705221176598e-16 -0.442288688609735
vn 0.9238795305660377 -1.4589730004201042e-16 -0.3826834370613369
vn 0.9469301246306989 -1.4214717874700784e-16 -0.3214394796332419
vn 0.9659258257467466 -1.3831277944590875e-16 -0.2588190471264927
vn 0.9807852789517083 -1.3441052713923007e-16 -0.19509032931342324
vn 0.9914448627185043 -1.3045709983233608e-16 -0.13052618200608704
vn 0.9978589235160039 -1.2646946798174464e-16 -0.06540312499783225
vn 1 -1.2246468525851679e-16 -1.2246468525851679e-16
vn 0.9978589235160039 -1.1845989810752318e-16 0.06540312499783225
vn 0.9914448627185043 -1.1447225176479885e-16 0.13052618200608704
vn 0.9807852789517083 -1.1051885705953715e-16 0.19509032931342324
vn 0.9659258257467466 -1.0661659437399347e-16 0.2588190471264927
vn 0.9469301246306989 -1.0278219543677251e-16 0.3214394796332419
vn 0.9238795305660377 -9.903209069879784e-17 0.3826834370613369
vn 0.8968727423262907 -9.538230717112529e-17 0.442288688609735
vn 0.8660253998985324 -9.18485151802764e-17 0.5000000067305869
vn 0.8314696016585884 -8.844581782095475e-17 0.555570248949409
vn 0.7933533320874723 -8.51887981926985e-17 0.6087614397000725
vn 0.7518398161183981 -8.209139579133749e-17 0.6593458052486975
vn 0.7071067811865476 -7.916688359626752e-17 0.7071067811865476
vn 0.6593458052486975 -7.642777616737467e-17 0.7518398161183981
vn 0.6087614397000725 -7.388580507201604e-17 0.7933533320874723
vn 0.555570248949409 -7.155185805802375e-17 0.8314696016585884
vn 0.5000000067305869 -6.943592383255431e-17 0.8660253998985324
vn 0.442288688609735 -6.754706464964478e-17 0.8968727423262907
vn 0.3826834370613369 -6.589338814720716e-17 0.9238795305660377
vn 0.3214394796332419 -6.44819391746204e-17 0.9469301246306989
vn 0.2588190471264927 -6.331879077299052e-17 0.9659258257467466
vn 0.19509032931342324 -6.240891289767092e-17 0.9807852789517083
vn 0.13052618200608704 -6.17561913690545e-17 0.9914448627185043
vn 0.06540312499783225 -6.136344633831408e-17 0.9978589235160039
vn 1.8369701465288538e-16 -6.123234262925839e-17 1
vn -0.06540312499783225 -6.136344633831408e-17 0.9978589235160039
vn -0.13052618200608704 -6.17561913690545e-17 0.9914448627185043
vn -0.19509032931342324 -6.240891289767092e-17 0.9807852789517083
vn -0.2588190471264927 -6.331879077299052e-17 0.9659258257467466
vn -0.3214394796332419 -6.44819391746204e-17 0.9469301246306989
vn -0.3826834370613369 -6.589338814720716e-17 0.9238795305660377
vn -0.442288688609735 -6.754706464964478e-17 0.8968727423262907
vn -0.5000000067305869 -6.943592383255431e-17 0.8660253998985324
vn -0.555570248949409 -7.155185805802375e-17 0.8314696016585884
vn -0.6087614397000725 -7.388580507201604e-17 0.7933533320874723
vn -0.6593458052486975 -7.642777616737467e-17 0.7518398161183981
vn -0.7071067811865476 -7.916688359626752e-17 0.7071067811865476
vn -0.7518398161183981 -8.209139579133749e-17 0.6593458052486975
vn -0.7933533320874723 -8.51887981926985e-17 0.6087614397000725
vn -0.8314696016585884 -8.844581782095475e-17 0.555570248949409
vn -0.8660253998985324 -9.18485151802764e-17 0.5000000067305869
vn -0.8968727423262907 -9.538230717112529e-17 0.442288688609735
vn -0.9238795305660377 -9.903209069879784e-17 0.3826834370613369
vn -0.9469301246306989 -1.0278219543677251e-16 0.3214394796332419
vn -0.9659258257467466 -1.0661659437399347e-16 0.2588190471264927
vn -0.9807852789517083 -1.1051885705953715e-16 0.19509032931342324
vn -0.9914448627185043 -1.1447225176479885e-16 0.13052618200608704
vn -0.9978589235160039 -1.1845989810752318e-16 0.06540312499783225
vn -1 -1.2246468525851679e-16 2.4492937051703357e-16
vn -0.9238795305660377 0.3826834370613369 -2.3432603017245014e-17
vn -0.921901442137311 0.38268341687459256 -0.06042460950914876
vn -0.9159756195917699 0.382683421674925 -0.12059047677426503
vn -0.9061274488488158 0.3826834244517805 -0.18023995975530888
vn -0.8923990963690794 0.38268343631432944 -0.23911762873177525
vn -0.874849368586254 0.38268342155907104 -0.29697134735202124
vn -0.8535534008993343 0.3826834201135841 -0.35355337897317635
vn -0.8286023752925931 0.38268342692344676 -0.4086214610340476
vn -0.8001031461262758 0.3826834348322611 -0.4619397625922863
vn -0.7681777519791022 0.38268342826028917 -0.5132799773021396
vn -0.7329629152568005 0.3826834307864739 -0.5624222227648427
vn -0.6946093962928249 0.3826834221103373 -0.6091561253271928
vn -0.653281488012237 0.38268341333409667 -0.653281488012237
vn -0.6091561253271928 0.3826834221103373 -0.6946093962928249
vn -0.5624222227648427 0.3826834307864739 -0.7329629152568005
vn -0.5132799773021396 0.38268342826028917 -0.7681777519791022
vn -0.4619397625922863 0.3826834348322611 -0.8001031461262758
vn -0.4086214610340476 0.38268342692344676 -0.8286023752925931
vn -0.35355337897317635 0.3826834201135841 -0.8535534008993343
vn -0.29697134735202124 0.38268342155907104 -0.874849368586254
vn -0.23911762873177525 0.38268343631432944 -0.8923990963690794
vn -0.18023995975530888 0.3826834244517805 -0.9061274488488158
vn -0.12059047677426503 0.382683421674925 -0.9159756195917699
vn -0.06042460950914876 0.38268341687459256 -0.921901442137311
vn -5.657130722319695e-17 0.3826834370613369 -0.9238795305660377
vn 0.06042460950914876 0.38268341687459256 -0.921901442137311
vn 0.12059047677426503 0.382683421674925 -0.9159756195917699
vn 0.18023995975530888 0.3826834244517805 -0.9061274488488158
vn 0.23911762873177525 0.38268343631432944 -0.8923990963690794
vn 0.29697134735202124 0.38268342155907104 -0.874849368586254
vn 0.35355337897317635 0.3826834201135841 -0.8535534008993343
vn 0.4086214610340476 0.38268342692344676 -0.8286023752925931
vn 0.4619397625922863 0.3826834348322611 -0.8001031461262758
vn 0.5132799773021396 0.38268342826028917 -0.7681777519791022
vn 0.5624222227648427 0.3826834307864739 -0.7329629152568005
vn 0.6091561253271928 0.3826834221103373 -0.6946093962928249
vn 0.653281488012237 0.38268341333409667 -0.653281488012237
vn 0.6946093962928249 0.3826834221103373 -0.6091561253271928
vn 0.7329629152568005 0.3826834307864739 -0.5624222227648427
vn 0.7681777519791022 0.38268342826028917 -0.5132799773021396
vn 0.8001031461262758 0.3826834348322611 -0.4619397625922863
vn 0.8286023752925931 0.38268342692344676 -0.4086214610340476
vn 0.8535534008993343 0.3826834201135841 -0.35355337897317635
vn 0.874849368586254 0.38268342155907104 -0.29697134735202124
vn 0.8923990963690794 0.38268343631432944 -0.23911762873177525
vn 0.9061274488488158 0.3826834244517805 -0.18023995975530888
vn 0.9159756195917699 0.382683421674925 -0.12059047677426503
vn 0.921901442137311 0.38268341687459256 -0.06042460950914876
vn 0.9238795305660377 0.3826834370613369 -1.365752257354453e-16
vn 0.921901442137311 0.38268341687459256 0.06042460950914876
vn 0.9159756195917699 0.382683421674925 0.12059047677426503
vn 0.9061274488488158 0.3826834244517805 0.18023995975530888
vn 0.8923990963690794 0.38268343631432944 0.23911762873177525
vn 0.874849368586254 0.38268342155907104 0.29697134735202124
vn 0.8535534008993343 0.3826834201135841 0.35355337897317635
vn 0.8286023752925931 0.38268342692344676 0.4086214610340476
vn 0.8001031461262758 0.3826834348322611 0.4619397625922863
vn 0.7681777519791022 0.38268342826028917 0.5132799773021396
vn 0.7329629152568005 0.3826834307864739 0.5624222227648427
vn 0.6946093962928249 0.3826834221103373 0.6091561253271928
vn 0.653281488012237 0.38268341333409667 0.653281488012237
vn 0.6091561253271928 0.3826834221103373 0.6946093962928249
vn 0.5624222227648427 0.3826834307864739 0.7329629152568005
vn 0.5132799773021396 0.38268342826028917 0.7681777519791022
vn 0.4619397625922863 0.3826834348322611 0.8001031461262758
vn 0.4086214610340476 0.38268342692344676 0.8286023752925931
vn 0.35355337897317635 0.3826834201135841 0.8535534008993343
vn 0.29697134735202124 0.38268342155907104 0.874849368586254
vn 0.23911762873177525 0.38268343631432944 0.8923990963690794
vn 0.18023995975530888 0.3826834244517805 0.9061274488488158
vn 0.12059047677426503 0.382683421674925 0.9159756195917699
vn 0.06042460950914876 0.38268341687459256 0.921901442137311
vn 1.6971392166959086e-16 0.3826834370613369 0.9238795305660377
vn -0.06042460950914876 0.38268341687459256 0.921901442137311
vn -0.12059047677426503 0.382683421674925 0.9159756195917699
vn -0.18023995975530888 0.3826834244517805 0.9061274488488158
vn -0.23911762873177525 0.38268343631432944 0.8923990963690794
vn -0.29697134735202124 0.38268342155907104 0.874849368586254
vn -0.35355337897317635 0.3826834201135841 0.8535534008993343
vn -0.4086214610340476 0.38268342692344676 0.8286023752925931
vn -0.4619397625922863 0.3826834348322611 0.8001031461262758
vn -0.5132799773021396 0.38268342826028917 0.7681777519791022
vn -0.5624222227648427 0.3826834307864739 0.7329629152568005
vn -0.6091561253271928 0.3826834221103373 0.6946093962928249
vn -0.653281488012237 0.38268341333409667 0.653281488012237
vn -0.6946093962928249 0.3826834221103373 0.6091561253271928
vn -0.7329629152568005 0.3826834307864739 0.5624222227648427
vn -0.7681777519791022 0.38268342826028917 0.5132799773021396
vn -0.8001031461262758 0.3826834348322611 0.4619397625922863
vn -0.8286023752925931 0.38268342692344676 0.4086214610340476
vn -0.8535534008993343 0.3826834201135841 0.35355337897317635
vn -0.874849368586254 0.38268342155907104 0.29697134735202124
vn -0.8923990963690794 0.38268343631432944 0.23911762873177525
vn -0.9061274488488158 0.3826834244517805 0.18023995975530888
vn -0.9159756195917699 0.382683421674925 0.12059047677426503
vn -0.921901442137311 0.38268341687459256 0.06042460950914876
vn -0.9238795305660377 0.3826834370613369 2.0285263083862662e-16
vn -0.7071067811865476 0.7071067811865476 -4.329780375814312e-17
vn -0.705592817176569 0.7071067751668857 -0.046246998409844815
vn -0.7010573857025345 0.7071067804069397 -0.09229595361910369
vn -0.6935199426845902 0.7071067617148827 -0.13794968878491518
vn -0.68301271859882 0.707106763573214 -0.18301270759503102
vn -0.6695807109307145 0.7071067827262842 -0.22729203543459806
vn -0.6532815030743456 0.7071067617226012 -0.2705980511147485
vn -0.6341847909481734 0.7071067838155708 -0.3127453392330912
vn -0.6123724561743086 0.7071067669986164 -0.3535533834993082
vn -0.5879377874929517 0.7071067873885877 -0.39284748855870727
vn -0.5609855204465076 0.7071067878226165 -0.43045933195197694
vn -0.5316310515902998 0.7071067678828802 -0.46622788826840733
vn -0.5000000042785677 0.7071067751357388 -0.5000000042785677
vn -0.46622788826840733 0.7071067678828802 -0.5316310515902998
vn -0.43045933195197694 0.7071067878226165 -0.5609855204465076
vn -0.39284748855870727 0.7071067873885877 -0.5879377874929517
vn -0.3535533834993082 0.7071067669986164 -0.6123724561743086
vn -0.3127453392330912 0.7071067838155708 -0.6341847909481734
vn -0.2705980511147485 0.7071067617226012 -0.6532815030743456
vn -0.22729203543459806 0.7071067827262842 -0.6695807109307145
vn -0.18301270759503102 0.707106763573214 -0.68301271859882
vn -0.13794968878491518 0.7071067617148827 -0.6935199426845902
vn -0.09229595361910369 0.7071067804069397 -0.7010573857025345
vn -0.046246998409844815 0.7071067751668857 -0.705592817176569
vn -4.329780375814312e-17 0.7071067811865476 -0.7071067811865476
vn 0.046246998409844815 0.7071067751668857 -0.705592817176569
vn 0.09229595361910369 0.7071067804069397 -0.7010573857025345
vn 0.13794968878491518 0.7071067617148827 -0.6935199426845902
vn 0.18301270759503102 0.707106763573214 -0.68301271859882
vn 0.22729203543459806 0.7071067827262842 -0.6695807109307145
vn 0.2705980511147485 0.7071067617226012 -0.6532815030743456
vn 0.3127453392330912 0.7071067838155708 -0.6341847909481734
vn 0.3535533834993082 0.7071067669986164 -0.6123724561743086
vn 0.39284748855870727 0.7071067873885877 -0.5879377874929517
vn 0.43045933195197694 0.7071067878226165 -0.5609855204465076
vn 0.46622788826840733 0.7071067678828802 -0.5316310515902998
vn 0.5000000042785677 0.7071067751357388 -0.5000000042785677
vn 0.5316310515902998 0.7071067678828802 -0.46622788826840733
vn 0.5609855204465076 0.7071067878226165 -0.43045933195197694
vn 0.5879377874929517 0.7071067873885877 -0.39284748855870727
vn 0.6123724561743086 0.7071067669986164 -0.3535533834993082
vn 0.6341847909481734 0.7071067838155708 -0.3127453392330912
vn 0.6532815030743456 0.7071067617226012 -0.2705980511147485
vn 0.6695807109307145 0.7071067827262842 -0.22729203543459806
vn 0.68301271859882 0.707106763573214 -0.18301270759503102
vn 0.6935199426845902 0.7071067617148827 -0.13794968878491518
vn 0.7010573857025345 0.7071067804069397 -0.09229595361910369
vn 0.705592817176569 0.7071067751668857 -0.046246998409844815
vn 0.7071067811865476 0.7071067811865476 -1.2989341789187437e-16
vn 0.705592817176569 0.7071067751668857 0.046246998409844815
vn 0.7010573857025345 0.7071067804069397 0.09229595361910369
vn 0.6935199426845902 0.7071067617148827 0.13794968878491518
vn 0.68301271859882 0.707106763573214 0.18301270759503102
vn 0.6695807109307145 0.7071067827262842 0.22729203543459806
vn 0.6532815030743456 0.7071067617226012 0.2705980511147485
vn 0.6341847909481734 0.7071067838155708 0.3127453392330912
vn 0.6123724561743086 0.7071067669986164 0.3535533834993082
vn 0.5879377874929517 0.7071067873885877 0.39284748855870727
vn 0.5609855204465076 0.7071067878226165 0.43045933195197694
vn 0.5316310515902998 0.7071067678828802 0.46622788826840733
vn 0.5000000042785677 0.7071067751357388 0.5000000042785677
vn 0.46622788826840733 0.7071067678828802 0.5316310515902998
vn 0.43045933195197694 0.7071067878226165 0.5609855204465076
vn 0.39284748855870727 0.7071067873885877 0.5879377874929517
vn 0.3535533834993082 0.7071067669986164 0.6123724561743086
vn 0.3127453392330912 0.7071067838155708 0.6341847909481734
vn 0.2705980511147485 0.7071067617226012 0.6532815030743456
vn 0.22729203543459806 0.7071067827262842 0.6695807109307145
vn 0.18301270759503102 0.707106763573214 0.68301271859882
vn 0.13794968878491518 0.7071067617148827 0.6935199426845902
vn 0.09229595361910369 0.7071067804069397 0.7010573857025345
vn 0.046246998409844815 0.7071067751668857 0.705592817176569
vn 1.2989340465698435e-16 0.7071067811865476 0.7071067811865476
vn -0.046246998409844815 0.7071067751668857 0.705592817176569
vn -0.09229595361910369 0.7071067804069397 0.7010573857025345
vn -0.13794968878491518 0.7071067617148827 0.6935199426845902
vn -0.18301270759503102 0.707106763573214 0.68301271859882
vn -0.22729203543459806 0.7071067827262842 0.6695807109307145
vn -0.2705980511147485 0.7071067617226012 0.6532815030743456
vn -0.3127453392330912 0.7071067838155708 0.6341847909481734
vn -0.3535533834993082 0.7071067669986164 0.6123724561743086
vn -0.39284748855870727 0.7071067873885877 0.5879377874929517
vn -0.43045933195197694 0.7071067878226165 0.5609855204465076
vn -0.46622788826840733 0.7071067678828802 0.5316310515902998
vn -0.5000000042785677 0.7071067751357388 0.5000000042785677
vn -0.5316310515902998 0.7071067678828802 0.46622788826840733
vn -0.5609855204465076 0.7071067878226165 0.43045933195197694
vn -0.5879377874929517 0.7071067873885877 0.39284748855870727
vn -0.6123724561743086 0.7071067669986164 0.3535533834993082
vn -0.6341847909481734 0.7071067838155708 0.3127453392330912
vn -0.6532815030743456 0.7071067617226012 0.2705980511147485
vn -0.6695807109307145 0.7071067827262842 0.22729203543459806
vn -0.68301271859882 0.707106763573214 0.18301270759503102
vn -0.6935199426845902 0.7071067617148827 0.13794968878491518
vn -0.7010573857025345 0.7071067804069397 0.09229595361910369
vn -0.705592817176569 0.7071067751668857 0.046246998409844815
vn -0.7071067811865476 0.7071067811865476 1.2989341789187437e-16
vn -0.3826834370613369 0.9238795305660377 -5.657130722319695e-17
vn -0.38186408187651305 0.9238795307788493 -0.025028695140994088
vn -0.3794095318275573 0.9238795285771333 -0.04995021355798117
vn -0.37533028027663956 0.9238795311325744 -0.07465783724240778
vn -0.3696438175018387 0.9238795294241295 -0.09904576363336468
vn -0.36237449251772824 0.9238795245456092 -0.12300955775019227
vn -0.3535533942319051 0.9238795295235227 -0.14644661947103244
vn -0.34321833708274085 0.9238795325058865 -0.1692565582388548
vn -0.3314135766963612 0.9238795310497564 -0.1913417186308499
vn -0.3181896589214118 0.9238795278602066 -0.21260752328240298
vn -0.3036031813708991 0.923879531800157 -0.23296291331924837
vn -0.2877166206405626 0.9238795429993638 -0.2523207011611637
vn -0.2705980604439119 0.9238795264362049 -0.2705980604439119
vn -0.2523207011611637 0.9238795429993638 -0.2877166206405626
vn -0.23296291331924837 0.923879531800157 -0.3036031813708991
vn -0.21260752328240298 0.9238795278602066 -0.3181896589214118
vn -0.1913417186308499 0.9238795310497564 -0.3314135766963612
vn -0.1692565582388548 0.9238795325058865 -0.34321833708274085
vn -0.14644661947103244 0.9238795295235227 -0.3535533942319051
vn -0.12300955775019227 0.9238795245456092 -0.36237449251772824
vn -0.09904576363336468 0.9238795294241295 -0.3696438175018387
vn -0.07465783724240778 0.9238795311325744 -0.37533028027663956
vn -0.04995021355798117 0.9238795285771333 -0.3794095318275573
vn -0.025028695140994088 0.9238795307788493 -0.38186408187651305
vn -2.3432603017245014e-17 0.9238795305660377 -0.3826834370613369
vn 0.025028695140994088 0.9238795307788493 -0.38186408187651305
vn 0.04995021355798117 0.9238795285771333 -0.3794095318275573
vn 0.07465783724240778 0.9238795311325744 -0.37533028027663956
vn 0.09904576363336468 0.9238795294241295 -0.3696438175018387
vn 0.12300955775019227 0.9238795245456092 -0.36237449251772824
vn 0.14644661947103244 0.9238795295235227 -0.3535533942319051
vn 0.1692565582388548 0.9238795325058865 -0.34321833708274085
vn 0.1913417186308499 0.9238795310497564 -0.3314135766963612
vn 0.21260752328240298 0.9238795278602066 -0.3181896589214118
vn 0.23296291331924837 0.923879531800157 -0.3036031813708991
vn 0.2523207011611637 0.9238795429993638 -0.2877166206405626
vn 0.2705980604439119 0.9238795264362049 -0.2705980604439119
vn 0.2877166206405626 0.9238795429993638 -0.2523207011611637
vn 0.3036031813708991 0.923879531800157 -0.23296291331924837
vn 0.3181896589214118 0.9238795278602066 -0.21260752328240298
vn 0.3314135766963612 0.9238795310497564 -0.1913417186308499
vn 0.34321833708274085 0.9238795325058865 -0.1692565582388548
vn 0.3535533942319051 0.9238795295235227 -0.14644661947103244
vn 0.36237449251772824 0.9238795245456092 -0.12300955775019227
vn 0.3696438175018387 0.9238795294241295 -0.09904576363336468
vn 0.37533028027663956 0.9238795311325744 -0.07465783724240778
vn 0.3794095318275573 0.9238795285771333 -0.04995021355798117
vn 0.38186408187651305 0.9238795307788493 -0.025028695140994088
vn 0.3826834370613369 0.9238795305660377 -1.0343651656640953e-16
vn 0.38186408187651305 0.9238795307788493 0.025028695140994088
vn 0.3794095318275573 0.9238795285771333 0.04995021355798117
vn 0.37533028027663956 0.9238795311325744 0.07465783724240778
vn 0.3696438175018387 0.9238795294241295 0.09904576363336468
vn 0.36237449251772824 0.9238795245456092 0.12300955775019227
vn 0.3535533942319051 0.9238795295235227 0.14644661947103244
vn 0.34321833708274085 0.9238795325058865 0.1692565582388548
vn 0.3314135766963612 0.9238795310497564 0.1913417186308499
vn 0.3181896589214118 0.9238795278602066 0.21260752328240298
vn 0.3036031813708991 0.923879531800157 0.23296291331924837
vn 0.2877166206405626 0.9238795429993638 0.2523207011611637
vn 0.2705980604439119 0.9238795264362049 0.2705980604439119
vn 0.2523207011611637 0.9238795429993638 0.2877166206405626
vn 0.23296291331924837 0.923879531800157 0.3036031813708991
vn 0.21260752328240298 0.9238795278602066 0.3181896589214118
vn 0.1913417186308499 0.9238795310497564 0.3314135766963612
vn 0.1692565582388548 0.9238795325058865 0.34321833708274085
vn 0.14644661947103244 0.9238795295235227 0.3535533942319051
vn 0.12300955775019227 0.9238795245456092 0.36237449251772824
vn 0.09904576363336468 0.9238795294241295 0.3696438175018387
vn 0.07465783724240778 0.9238795311325744 0.37533028027663956
vn 0.04995021355798117 0.9238795285771333 0.3794095318275573
vn 0.025028695140994088 0.9238795307788493 0.38186408187651305
vn 7.029780739737377e-17 0.9238795305660377 0.3826834370613369
vn -0.025028695140994088 0.9238795307788493 0.38186408187651305
vn -0.04995021355798117 0.9238795285771333 0.3794095318275573
vn -0.07465783724240778 0.9238795311325744 0.37533028027663956
vn -0.09904576363336468 0.9238795294241295 0.3696438175018387
vn -0.12300955775019227 0.9238795245456092 0.36237449251772824
vn -0.14644661947103244 0.9238795295235227 0.3535533942319051
vn -0.1692565582388548 0.9238795325058865 0.34321833708274085
vn -0.1913417186308499 0.9238795310497564 0.3314135766963612
vn -0.21260752328240298 0.9238795278602066 0.3181896589214118
vn -0.23296291331924837 0.923879531800157 0.3036031813708991
vn -0.2523207011611637 0.9238795429993638 0.2877166206405626
vn -0.2705980604439119 0.9238795264362049 0.2705980604439119
vn -0.2877166206405626 0.9238795429993638 0.2523207011611637
vn -0.3036031813708991 0.923879531800157 0.23296291331924837
vn -0.3181896589214118 0.9238795278602066 0.21260752328240298
vn -0.3314135766963612 0.9238795310497564 0.1913417186308499
vn -0.34321833708274085 0.9238795325058865 0.1692565582388548
vn -0.3535533942319051 0.9238795295235227 0.14644661947103244
vn -0.36237449251772824 0.9238795245456092 0.12300955775019227
vn -0.3696438175018387 0.9238795294241295 0.09904576363336468
vn -0.37533028027663956 0.9238795311325744 0.07465783724240778
vn -0.3794095318275573 0.9238795285771333 0.04995021355798117
vn -0.38186408187651305 0.9238795307788493 0.025028695140994088
vn -0.3826834370613369 0.9238795305660377 3.715910815450565e-17
vn 0 1 -6.123234262925839e-17
vn 0 1 -6.123234262925839e-17
vn 0 1 -6.123234262925839e-17
vn 0 1 -6.123234262925839e-17
vn 0 1 -6.123234262925839e-17
vn 0 1 -6.123234262925839e-17
vn 0 1 -6.123234262925839e-17
vn 0 1 -6.123234262925839e-17
vn 0 1 -6.123234262925839e-17
vn 0 1 -6.123234262925839e-17
vn 0 1 -6.123234262925839e-17
vn 0 1 -6.123234262925839e-17
vn 0 1 -6.123234262925839e-17
vn 0 1 -6.123234262925839e-17
vn 0 1 -6.123234262925839e-17
vn 0 1 -6.123234262925839e-17
vn 0 1 -6.123234262925839e-17
vn 0 1 -6.123234262925839e-17
vn 0 1 -6.123234262925839e-17
vn 0 1 -6.123234262925839e-17
vn 0 1 -6.123234262925839e-17
vn 0 1 -6.123234262925839e-17
vn 0 1 -6.123234262925839e-17
vn 0 1 -6.123234262925839e-17
vn 0 1 -6.123234262925839e-17
vn 0 1 -6.123234262925839e-17
vn 0 1 -6.123234262925839e-17
vn 0 1 -6.123234262925839e-17
vn 0 1 -6.123234262925839e-17
vn 0 1 -6.123234262925839e-17
vn 0 1 -6.123234262925839e-17
vn 0 1 -6.123234262925839e-17
vn 0 1 -6.123234262925839e-17
vn 0 1 -6.123234262925839e-17
vn 0 1 -6.123234262925839e-17
vn 0 1 -6.123234262925839e-17
vn 0 1 -6.123234262925839e-17
vn 0 1 -6.123234262925839e-17
vn 0 1 -6.123234262925839e-17
vn 0 1 -6.123234262925839e-17
vn 0 1 -6.123234262925839e-17
vn 0 1 -6.123234262925839e-17
vn 0 1 -6.123234262925839e-17
vn 0 1 -6.123234262925839e-17
vn 0 1 -6.123234262925839e-17
vn 0 1 -6.123234262925839e-17
vn 0 1 -6.123234262925839e-17
vn 0 1 -6.123234262925839e-17
vn 0 1 -6.123234262925839e-17
vn 0 1 -6.123234262925839e-17
vn 0 1 -6.123234262925839e-17
vn 0 1 -6.123234262925839e-17
vn 0 1 -6.123234262925839e-17
vn 0 1 -6.123234262925839e-17
vn 0 1 -6.123234262925839e-17
vn 0 1 -6.123234262925839e-17
vn 0 1 -6.123234262925839e-17
vn 0 1 -6.123234262925839e-17
vn 0 1 -6.123234262925839e-17
vn 0 1 -6.123234262925839e-17
vn 0 1 -6.123234262925839e-17
vn 0 1 -6.123234262925839e-17
vn 0 1 -6.123234262925839e-17
vn 0 1 -6.123234262925839e-17
vn 0 1 -6.123234262925839e-17
vn 0 1 -6.123234262925839e-17
vn 0 1 -6.123234262925839e-17
vn 0 1 -6.123234262925839e-17
vn 0 1 -6.123234262925839e-17
vn 0 1 -6.123234262925839e-17
vn 0 1 -6.123234262925839e-17
vn 0 1 -6.123234262925839e-17
vn 0 1 -6.123234262925839e-17
vn 0 1 -6.123234262925839e-17
vn 0 1 -6.123234262925839e-17
vn 0 1 -6.123234262925839e-17
vn 0 1 -6.123234262925839e-17
vn 0 1 -6.123234262925839e-17
vn 0 1 -6.123234262925839e-17
vn 0 1 -6.123234262925839e-17
vn 0 1 -6.123234262925839e-17
vn 0 1 -6.123234262925839e-17
vn 0 1 -6.123234262925839e-17
vn 0 1 -6.123234262925839e-17
vn 0 1 -6.123234262925839e-17
vn 0 1 -6.123234262925839e-17
vn 0 1 -6.123234262925839e-17
vn 0 1 -6.123234262925839e-17
vn 0 1 -6.123234262925839e-17
vn 0 1 -6.123234262925839e-17
vn 0 1 -6.123234262925839e-17
vn 0 1 -6.123234262925839e-17
vn 0 1 -6.123234262925839e-17
vn 0 1 -6.123234262925839e-17
vn 0 1 -6.123234262925839e-17
vn 0 1 -6.123234262925839e-17
vn 0 1 -6.123234262925839e-17
vn 0.3826834370613369 0.9238795305660377 -5.657130722319695e-17
vn 0.38186408187651305 0.9238795307788493 0.025028695140994088
vn 0.3794095318275573 0.9238795285771333 0.04995021355798117
vn 0.37533028027663956 0.9238795311325744 0.07465783724240778
vn 0.3696438175018387 0.9238795294241295 0.09904576363336468
vn 0.36237449251772824 0.9238795245456092 0.12300955775019227
vn 0.3535533942319051 0.9238795295235227 0.14644661947103244
vn 0.34321833708274085 0.9238795325058865 0.1692565582388548
vn 0.3314135766963612 0.9238795310497564 0.1913417186308499
vn 0.3181896589214118 0.9238795278602066 0.21260752328240298
vn 0.3036031813708991 0.923879531800157 0.23296291331924837
vn 0.2877166206405626 0.9238795429993638 0.2523207011611637
vn 0.2705980604439119 0.9238795264362049 0.2705980604439119
vn 0.2523207011611637 0.9238795429993638 0.2877166206405626
vn 0.23296291331924837 0.923879531800157 0.3036031813708991
vn 0.21260752328240298 0.9238795278602066 0.3181896589214118
vn 0.1913417186308499 0.9238795310497564 0.3314135766963612
vn 0.1692565582388548 0.9238795325058865 0.34321833708274085
vn 0.14644661947103244 0.9238795295235227 0.3535533942319051
vn 0.12300955775019227 0.9238795245456092 0.36237449251772824
vn 0.09904576363336468 0.9238795294241295 0.3696438175018387
vn 0.07465783724240778 0.9238795311325744 0.37533028027663956
vn 0.04995021355798117 0.9238795285771333 0.3794095318275573
vn 0.025028695140994088 0.9238795307788493 0.38186408187651305
vn 2.3432603017245014e-17 0.9238795305660377 0.3826834370613369
vn -0.025028695140994088 0.9238795307788493 0.38186408187651305
vn -0.04995021355798117 0.9238795285771333 0.3794095318275573
vn -0.07465783724240778 0.9238795311325744 0.37533028027663956
vn -0.09904576363336468 0.9238795294241295 0.3696438175018387
vn -0.12300955775019227 0.9238795245456092 0.36237449251772824
vn -0.14644661947103244 0.9238795295235227 0.3535533942319051
vn -0.1692565582388548 0.9238795325058865 0.34321833708274085
vn -0.1913417186308499 0.9238795310497564 0.3314135766963612
vn -0.21260752328240298 0.9238795278602066 0.3181896589214118
vn -0.23296291331924837 0.923879531800157 0.3036031813708991
vn -0.2523207011611637 0.9238795429993638 0.2877166206405626
vn -0.2705980604439119 0.9238795264362049 0.2705980604439119
vn -0.2877166206405626 0.9238795429993638 0.2523207011611637
vn -0.3036031813708991 0.923879531800157 0.23296291331924837
vn -0.3181896589214118 0.9238795278602066 0.21260752328240298
vn -0.3314135766963612 0.9238795310497564 0.1913417186308499
vn -0.34321833708274085 0.9238795325058865 0.1692565582388548
vn -0.3535533942319051 0.9238795295235227 0.14644661947103244
vn -0.36237449251772824 0.9238795245456092 0.12300955775019227
vn -0.3696438175018387 0.9238795294241295 0.09904576363336468
vn -0.37533028027663956 0.9238795311325744 0.07465783724240778
vn -0.3794095318275573 0.9238795285771333 0.04995021355798117
vn -0.38186408187651305 0.9238795307788493 0.025028695140994088
vn -0.3826834370613369 0.9238795305660377 -9.706099534345653e-18
vn -0.38186408187651305 0.9238795307788493 -0.025028695140994088
vn -0.3794095318275573 0.9238795285771333 -0.04995021355798117
vn -0.37533028027663956 0.9238795311325744 -0.07465783724240778
vn -0.3696438175018387 0.9238795294241295 -0.09904576363336468
vn -0.36237449251772824 0.9238795245456092 -0.12300955775019227
vn -0.3535533942319051 0.9238795295235227 -0.14644661947103244
vn -0.34321833708274085 0.9238795325058865 -0.1692565582388548
vn -0.3314135766963612 0.9238795310497564 -0.1913417186308499
vn -0.3181896589214118 0.9238795278602066 -0.21260752328240298
vn -0.3036031813708991 0.923879531800157 -0.23296291331924837
vn -0.2877166206405626 0.9238795429993638 -0.2523207011611637
vn -0.2705980604439119 0.9238795264362049 -0.2705980604439119
vn -0.2523207011611637 0.9238795429993638 -0.2877166206405626
vn -0.23296291331924837 0.923879531800157 -0.3036031813708991
vn -0.21260752328240298 0.9238795278602066 -0.3181896589214118
vn -0.1913417186308499 0.9238795310497564 -0.3314135766963612
vn -0.1692565582388548 0.9238795325058865 -0.34321833708274085
vn -0.14644661947103244 0.9238795295235227 -0.3535533942319051
vn -0.12300955775019227 0.9238795245456092 -0.36237449251772824
vn -0.09904576363336468 0.9238795294241295 -0.3696438175018387
vn -0.07465783724240778 0.9238795311325744 -0.37533028027663956
vn -0.04995021355798117 0.9238795285771333 -0.3794095318275573
vn -0.025028695140994088 0.9238795307788493 -0.38186408187651305
vn -7.029780739737377e-17 0.9238795305660377 -0.3826834370613369
vn 0.025028695140994088 0.9238795307788493 -0.38186408187651305
vn 0.04995021355798117 0.9238795285771333 -0.3794095318275573
vn 0.07465783724240778 0.9238795311325744 -0.37533028027663956
vn 0.09904576363336468 0.9238795294241295 -0.3696438175018387
vn 0.12300955775019227 0.9238795245456092 -0.36237449251772824
vn 0.14644661947103244 0.9238795295235227 -0.3535533942319051
vn 0.1692565582388548 0.9238795325058865 -0.34321833708274085
vn 0.1913417186308499 0.9238795310497564 -0.3314135766963612
vn 0.21260752328240298 0.9238795278602066 -0.3181896589214118
vn 0.23296291331924837 0.923879531800157 -0.3036031813708991
vn 0.2523207011611637 0.9238795429993638 -0.2877166206405626
vn 0.2705980604439119 0.9238795264362049 -0.2705980604439119
vn 0.2877166206405626 0.9238795429993638 -0.2523207011611637
vn 0.3036031813708991 0.923879531800157 -0.23296291331924837
vn 0.3181896589214118 0.9238795278602066 -0.21260752328240298
vn 0.3314135766963612 0.9238795310497564 -0.1913417186308499
vn 0.34321833708274085 0.9238795325058865 -0.1692565582388548
vn 0.3535533942319051 0.9238795295235227 -0.14644661947103244
vn 0.36237449251772824 0.9238795245456092 -0.12300955775019227
vn 0.3696438175018387 0.9238795294241295 -0.09904576363336468
vn 0.37533028027663956 0.9238795311325744 -0.07465783724240778
vn 0.3794095318275573 0.9238795285771333 -0.04995021355798117
vn 0.38186408187651305 0.9238795307788493 -0.025028695140994088
vn 0.3826834370613369 0.9238795305660377 -1.503017259096221e-16
vn 0.7071067811865476 0.7071067811865476 -4.329780375814312e-17
vn 0.705592817176569 0.7071067751668857 0.046246998409844815
vn 0.7010573857025345 0.7071067804069397 0.09229595361910369
vn 0.6935199426845902 0.7071067617148827 0.13794968878491518
vn 0.68301271859882 0.707106763573214 0.18301270759503102
vn 0.6695807109307145 0.7071067827262842 0.22729203543459806
vn 0.6532815030743456 0.7071067617226012 0.2705980511147485
vn 0.6341847909481734 0.7071067838155708 0.3127453392330912
vn 0.6123724561743086 0.7071067669986164 0.3535533834993082
vn 0.5879377874929517 0.7071067873885877 0.39284748855870727
vn 0.5609855204465076 0.7071067878226165 0.43045933195197694
vn 0.5316310515902998 0.7071067678828802 0.46622788826840733
vn 0.5000000042785677 0.7071067751357388 0.5000000042785677
vn 0.46622788826840733 0.7071067678828802 0.5316310515902998
vn 0.43045933195197694 0.7071067878226165 0.5609855204465076
vn 0.39284748855870727 0.7071067873885877 0.5879377874929517
vn 0.3535533834993082 0.7071067669986164 0.6123724561743086
vn 0.3127453392330912 0.7071067838155708 0.6341847909481734
vn 0.2705980511147485 0.7071067617226012 0.6532815030743456
vn 0.22729203543459806 0.7071067827262842 0.6695807109307145
vn 0.18301270759503102 0.707106763573214 0.68301271859882
vn 0.13794968878491518 0.7071067617148827 0.6935199426845902
vn 0.09229595361910369 0.7071067804069397 0.7010573857025345
vn 0.046246998409844815 0.7071067751668857 0.705592817176569
vn 4.329780375814312e-17 0.7071067811865476 0.7071067811865476
vn -0.046246998409844815 0.7071067751668857 0.705592817176569
vn -0.09229595361910369 0.7071067804069397 0.7010573857025345
vn -0.13794968878491518 0.7071067617148827 0.6935199426845902
vn -0.18301270759503102 0.707106763573214 0.68301271859882
vn -0.22729203543459806 0.7071067827262842 0.6695807109307145
vn -0.2705980511147485 0.7071067617226012 0.6532815030743456
vn -0.3127453392330912 0.7071067838155708 0.6341847909481734
vn -0.3535533834993082 0.7071067669986164 0.6123724561743086
vn -0.39284748855870727 0.7071067873885877 0.5879377874929517
vn -0.43045933195197694 0.7071067878226165 0.5609855204465076
vn -0.46622788826840733 0.7071067678828802 0.5316310515902998
vn -0.5000000042785677 0.7071067751357388 0.5000000042785677
vn -0.5316310515902998 0.7071067678828802 0.46622788826840733
vn -0.5609855204465076 0.7071067878226165 0.43045933195197694
vn -0.5879377874929517 0.7071067873885877 0.39284748855870727
vn -0.6123724561743086 0.7071067669986164 0.3535533834993082
vn -0.6341847909481734 0.7071067838155708 0.3127453392330912
vn -0.6532815030743456 0.7071067617226012 0.2705980511147485
vn -0.6695807109307145 0.7071067827262842 0.22729203543459806
vn -0.68301271859882 0.707106763573214 0.18301270759503102
vn -0.6935199426845902 0.7071067617148827 0.13794968878491518
vn -0.7010573857025345 0.7071067804069397 0.09229595361910369
vn -0.705592817176569 0.7071067751668857 0.046246998409844815
vn -0.7071067811865476 0.7071067811865476 4.329780706686563e-17
vn -0.705592817176569 0.7071067751668857 -0.046246998409844815
vn -0.7010573857025345 0.7071067804069397 -0.09229595361910369
vn -0.6935199426845902 0.7071067617148827 -0.13794968878491518
vn -0.68301271859882 0.707106763573214 -0.18301270759503102
vn -0.6695807109307145 0.7071067827262842 -0.22729203543459806
vn -0.6532815030743456 0.7071067617226012 -0.2705980511147485
vn -0.6341847909481734 0.7071067838155708 -0.3127453392330912
vn -0.6123724561743086 0.7071067669986164 -0.3535533834993082
vn -0.5879377874929517 0.7071067873885877 -0.39284748855870727
vn -0.5609855204465076 0.7071067878226165 -0.43045933195197694
vn -0.5316310515902998 0.7071067678828802 -0.46622788826840733
vn -0.5000000042785677 0.7071067751357388 -0.5000000042785677
vn -0.46622788826840733 0.7071067678828802 -0.5316310515902998
vn -0.43045933195197694 0.7071067878226165 -0.5609855204465076
vn -0.39284748855870727 0.7071067873885877 -0.5879377874929517
vn -0.3535533834993082 0.7071067669986164 -0.6123724561743086
vn -0.3127453392330912 0.7071067838155708 -0.6341847909481734
vn -0.2705980511147485 0.7071067617226012 -0.6532815030743456
vn -0.22729203543459806 0.7071067827262842 -0.6695807109307145
vn -0.18301270759503102 0.707106763573214 -0.68301271859882
vn -0.13794968878491518 0.7071067617148827 -0.6935199426845902
vn -0.09229595361910369 0.7071067804069397 -0.7010573857025345
vn -0.046246998409844815 0.7071067751668857 -0.705592817176569
vn -1.2989340465698435e-16 0.7071067811865476 -0.7071067811865476
vn 0.046246998409844815 0.7071067751668857 -0.705592817176569
vn 0.09229595361910369 0.7071067804069397 -0.7010573857025345
vn 0.13794968878491518 0.7071067617148827 -0.6935199426845902
vn 0.18301270759503102 0.707106763573214 -0.68301271859882
vn 0.22729203543459806 0.7071067827262842 -0.6695807109307145
vn 0.2705980511147485 0.7071067617226012 -0.6532815030743456
vn 0.3127453392330912 0.7071067838155708 -0.6341847909481734
vn 0.3535533834993082 0.7071067669986164 -0.6123724561743086
vn 0.39284748855870727 0.7071067873885877 -0.5879377874929517
vn 0.43045933195197694 0.7071067878226165 -0.5609855204465076
vn 0.46622788826840733 0.7071067678828802 -0.5316310515902998
vn 0.5000000042785677 0.7071067751357388 -0.5000000042785677
vn 0.5316310515902998 0.7071067678828802 -0.46622788826840733
vn 0.5609855204465076 0.7071067878226165 -0.43045933195197694
vn 0.5879377874929517 0.7071067873885877 -0.39284748855870727
vn 0.6123724561743086 0.7071067669986164 -0.3535533834993082
vn 0.6341847909481734 0.7071067838155708 -0.3127453392330912
vn 0.6532815030743456 0.7071067617226012 -0.2705980511147485
vn 0.6695807109307145 0.7071067827262842 -0.22729203543459806
vn 0.68301271859882 0.707106763573214 -0.18301270759503102
vn 0.6935199426845902 0.7071067617148827 -0.13794968878491518
vn 0.7010573857025345 0.7071067804069397 -0.09229595361910369
vn 0.705592817176569 0.7071067751668857 -0.046246998409844815
vn 0.7071067811865476 0.7071067811865476 -2.1648902540816062e-16
vn 0.9238795305660377 0.3826834370613369 -2.3432603017245014e-17
vn 0.921901442137311 0.38268341687459256 0.06042460950914876
vn 0.9159756195917699 0.382683421674925 0.12059047677426503
vn 0.9061274488488158 0.3826834244517805 0.18023995975530888
vn 0.8923990963690794 0.38268343631432944 0.23911762873177525
vn 0.874849368586254 0.38268342155907104 0.29697134735202124
vn 0.8535534008993343 0.3826834201135841 0.35355337897317635
vn 0.8286023752925931 0.38268342692344676 0.4086214610340476
vn 0.8001031461262758 0.3826834348322611 0.4619397625922863
vn 0.7681777519791022 0.38268342826028917 0.5132799773021396
vn 0.7329629152568005 0.3826834307864739 0.5624222227648427
vn 0.6946093962928249 0.3826834221103373 0.6091561253271928
vn 0.653281488012237 0.38268341333409667 0.653281488012237
vn 0.6091561253271928 0.3826834221103373 0.6946093962928249
vn 0.5624222227648427 0.3826834307864739 0.7329629152568005
vn 0.5132799773021396 0.38268342826028917 0.7681777519791022
vn 0.4619397625922863 0.3826834348322611 0.8001031461262758
vn 0.4086214610340476 0.38268342692344676 0.8286023752925931
vn 0.35355337897317635 0.3826834201135841 0.8535534008993343
vn 0.29697134735202124 0.38268342155907104 0.874849368586254
vn 0.23911762873177525 0.38268343631432944 0.8923990963690794
vn 0.18023995975530888 0.3826834244517805 0.9061274488488158
vn 0.12059047677426503 0.382683421674925 0.9159756195917699
vn 0.06042460950914876 0.38268341687459256 0.921901442137311
vn 5.657130722319695e-17 0.3826834370613369 0.9238795305660377
vn -0.06042460950914876 0.38268341687459256 0.921901442137311
vn -0.12059047677426503 0.382683421674925 0.9159756195917699
vn -0.18023995975530888 0.3826834244517805 0.9061274488488158
vn -0.23911762873177525 0.38268343631432944 0.8923990963690794
vn -0.29697134735202124 0.38268342155907104 0.874849368586254
vn -0.35355337897317635 0.3826834201135841 0.8535534008993343
vn -0.4086214610340476 0.38268342692344676 0.8286023752925931
vn -0.4619397625922863 0.3826834348322611 0.8001031461262758
vn -0.5132799773021396 0.38268342826028917 0.7681777519791022
vn -0.5624222227648427 0.3826834307864739 0.7329629152568005
vn -0.6091561253271928 0.3826834221103373 0.6946093962928249
vn -0.653281488012237 0.38268341333409667 0.653281488012237
vn -0.6946093962928249 0.3826834221103373 0.6091561253271928
vn -0.7329629152568005 0.3826834307864739 0.5624222227648427
vn -0.7681777519791022 0.38268342826028917 0.5132799773021396
vn -0.8001031461262758 0.3826834348322611 0.4619397625922863
vn -0.8286023752925931 0.38268342692344676 0.4086214610340476
vn -0.8535534008993343 0.3826834201135841 0.35355337897317635
vn -0.874849368586254 0.38268342155907104 0.29697134735202124
vn -0.8923990963690794 0.38268343631432944 0.23911762873177525
vn -0.9061274488488158 0.3826834244517805 0.18023995975530888
vn -0.9159756195917699 0.382683421674925 0.12059047677426503
vn -0.921901442137311 0.38268341687459256 0.06042460950914876
vn -0.9238795305660377 0.3826834370613369 8.971001639223271e-17
vn -0.921901442137311 0.38268341687459256 -0.06042460950914876
vn -0.9159756195917699 0.382683421674925 -0.12059047677426503
vn -0.9061274488488158 0.3826834244517805 -0.18023995975530888
vn -0.8923990963690794 0.38268343631432944 -0.23911762873177525
vn -0.874849368586254 0.38268342155907104 -0.29697134735202124
vn -0.8535534008993343 0.3826834201135841 -0.35355337897317635
vn -0.8286023752925931 0.38268342692344676 -0.4086214610340476
vn -0.8001031461262758 0.3826834348322611 -0.4619397625922863
vn -0.7681777519791022 0.38268342826028917 -0.5132799773021396
vn -0.7329629152568005 0.3826834307864739 -0.5624222227648427
vn -0.6946093962928249 0.3826834221103373 -0.6091561253271928
vn -0.653281488012237 0.38268341333409667 -0.653281488012237
vn -0.6091561253271928 0.3826834221103373 -0.6946093962928249
vn -0.5624222227648427 0.3826834307864739 -0.7329629152568005
vn -0.5132799773021396 0.38268342826028917 -0.7681777519791022
vn -0.4619397625922863 0.3826834348322611 -0.8001031461262758
vn -0.4086214610340476 0.38268342692344676 -0.8286023752925931
vn -0.35355337897317635 0.3826834201135841 -0.8535534008993343
vn -0.29697134735202124 0.38268342155907104 -0.874849368586254
vn -0.23911762873177525 0.38268343631432944 -0.8923990963690794
vn -0.18023995975530888 0.3826834244517805 -0.9061274488488158
vn -0.12059047677426503 0.382683421674925 -0.9159756195917699
vn -0.06042460950914876 0.38268341687459256 -0.921901442137311
vn -1.6971392166959086e-16 0.3826834370613369 -0.9238795305660377
vn 0.06042460950914876 0.38268341687459256 -0.921901442137311
vn 0.12059047677426503 0.382683421674925 -0.9159756195917699
vn 0.18023995975530888 0.3826834244517805 -0.9061274488488158
vn 0.23911762873177525 0.38268343631432944 -0.8923990963690794
vn 0.29697134735202124 0.38268342155907104 -0.874849368586254
vn 0.35355337897317635 0.3826834201135841 -0.8535534008993343
vn 0.4086214610340476 0.38268342692344676 -0.8286023752925931
vn 0.4619397625922863 0.3826834348322611 -0.8001031461262758
vn 0.5132799773021396 0.38268342826028917 -0.7681777519791022
vn 0.5624222227648427 0.3826834307864739 -0.7329629152568005
vn 0.6091561253271928 0.3826834221103373 -0.6946093962928249
vn 0.653281488012237 0.38268341333409667 -0.653281488012237
vn 0.6946093962928249 0.3826834221103373 -0.6091561253271928
vn 0.7329629152568005 0.3826834307864739 -0.5624222227648427
vn 0.7681777519791022 0.38268342826028917 -0.5132799773021396
vn 0.8001031461262758 0.3826834348322611 -0.4619397625922863
vn 0.8286023752925931 0.38268342692344676 -0.4086214610340476
vn 0.8535534008993343 0.3826834201135841 -0.35355337897317635
vn 0.874849368586254 0.38268342155907104 -0.29697134735202124
vn 0.8923990963690794 0.38268343631432944 -0.23911762873177525
vn 0.9061274488488158 0.3826834244517805 -0.18023995975530888
vn 0.9159756195917699 0.382683421674925 -0.12059047677426503
vn 0.921901442137311 0.38268341687459256 -0.06042460950914876
vn 0.9238795305660377 0.3826834370613369 -2.497178401818392e-16
vn 1 2.4492937051703357e-16 -1.499759904157988e-32
vn 0.9978589235160039 2.48934137791489e-16 0.06540312499783225
vn 0.9914448627185043 2.529217822483483e-16 0.13052618200608704
vn 0.9807852789517083 2.568752159298911e-16 0.19509032931342324
vn 0.9659258257467466 2.6077746635585984e-16 0.2588190471264927
vn 0.9469301246306989 2.64611879073788e-16 0.3214394796332419
vn 0.9238795305660377 2.6836198879496943e-16 0.3826834370613369
vn 0.8968727423262907 2.72011735211934e-16 0.442288688609735
vn 0.8660253998985324 2.755455389233842e-16 0.5000000067305869
vn 0.8314696016585884 2.789482539406482e-16 0.555570248949409
vn 0.7933533320874723 2.8220525694824433e-16 0.6087614397000725
vn 0.7518398161183981 2.8530266638084016e-16 0.6593458052486975
vn 0.7071067811865476 2.882271850844094e-16 0.7071067811865476
vn 0.6593458052486975 2.909662727699132e-16 0.7518398161183981
vn 0.6087614397000725 2.9350825006892675e-16 0.7933533320874723
vn 0.555570248949409 2.9584219385124437e-16 0.8314696016585884
vn 0.5000000067305869 2.9795813688855125e-16 0.8660253998985324
vn 0.442288688609735 2.9984698435085926e-16 0.8968727423262907
vn 0.3826834370613369 3.015006979640052e-16 0.9238795305660377
vn 0.3214394796332419 3.0291211548360515e-16 0.9469301246306989
vn 0.2588190471264927 3.040752765743078e-16 0.9659258257467466
vn 0.19509032931342324 3.049851534743123e-16 0.9807852789517083
vn 0.13052618200608704 3.056378558789821e-16 0.9914448627185043
vn 0.06540312499783225 3.060305895606981e-16 0.9978589235160039
vn 6.123234262925839e-17 3.0616169991140216e-16 1
vn -0.06540312499783225 3.060305895606981e-16 0.9978589235160039
vn -0.13052618200608704 3.056378558789821e-16 0.9914448627185043
vn -0.19509032931342324 3.049851534743123e-16 0.9807852789517083
vn -0.2588190471264927 3.040752765743078e-16 0.9659258257467466
vn -0.3214394796332419 3.0291211548360515e-16 0.9469301246306989
vn -0.3826834370613369 3.015006979640052e-16 0.9238795305660377
vn -0.442288688609735 2.9984698435085926e-16 0.8968727423262907
vn -0.5000000067305869 2.9795813688855125e-16 0.8660253998985324
vn -0.555570248949409 2.9584219385124437e-16 0.8314696016585884
vn -0.6087614397000725 2.9350825006892675e-16 0.7933533320874723
vn -0.6593458052486975 2.909662727699132e-16 0.7518398161183981
vn -0.7071067811865476 2.882271850844094e-16 0.7071067811865476
vn -0.7518398161183981 2.8530266638084016e-16 0.6593458052486975
vn -0.7933533320874723 2.8220525694824433e-16 0.6087614397000725
vn -0.8314696016585884 2.789482539406482e-16 0.555570248949409
vn -0.8660253998985324 2.755455389233842e-16 0.5000000067305869
vn -0.8968727423262907 2.72011735211934e-16 0.442288688609735
vn -0.9238795305660377 2.6836198879496943e-16 0.3826834370613369
vn -0.9469301246306989 2.64611879073788e-16 0.3214394796332419
vn -0.9659258257467466 2.6077746635585984e-16 0.2588190471264927
vn -0.9807852789517083 2.568752159298911e-16 0.19509032931342324
vn -0.9914448627185043 2.529217822483483e-16 0.13052618200608704
vn -0.9978589235160039 2.48934137791489e-16 0.06540312499783225
vn -1 2.4492937051703357e-16 1.2246468525851679e-16
vn -0.9978589235160039 2.4092456791726753e-16 -0.06540312499783225
vn -0.9914448627185043 2.3693694741570057e-16 -0.13052618200608704
vn -0.9807852789517083 2.3298353923275314e-16 -0.19509032931342324
vn -0.9659258257467466 2.2908128128394457e-16 -0.2588190471264927
vn -0.9469301246306989 2.252468957635527e-16 -0.3214394796332419
vn -0.9238795305660377 2.2149677945175687e-16 -0.3826834370613369
vn -0.8968727423262907 2.178469967887381e-16 -0.442288688609735
vn -0.8660253998985324 2.1431320870475657e-16 -0.5000000067305869
vn -0.8314696016585884 2.1091050399652578e-16 -0.555570248949409
vn -0.7933533320874723 2.0765349206293945e-16 -0.6087614397000725
vn -0.7518398161183981 2.045560875936933e-16 -0.6593458052486975
vn -0.7071067811865476 2.0163157756812316e-16 -0.7071067811865476
vn -0.6593458052486975 1.988924547348407e-16 -0.7518398161183981
vn -0.6087614397000725 1.9635049894225697e-16 -0.7933533320874723
vn -0.555570248949409 1.940165508510397e-16 -0.8314696016585884
vn -0.5000000067305869 1.919006107395895e-16 -0.8660253998985324
vn -0.442288688609735 1.9001174764981278e-16 -0.8968727423262907
vn -0.3826834370613369 1.8835808351761128e-16 -0.9238795305660377
vn -0.3214394796332419 1.8694663288395556e-16 -0.9469301246306989
vn -0.2588190471264927 1.8578348430038662e-16 -0.9659258257467466
vn -0.19509032931342324 1.8487360168833197e-16 -0.9807852789517083
vn -0.13052618200608704 1.8422087378506672e-16 -0.9914448627185043
vn -0.06540312499783225 1.83828129382948e-16 -0.9978589235160039
vn -1.8369701465288538e-16 1.8369702788777518e-16 -1
vn 0.06540312499783225 1.83828129382948e-16 -0.9978589235160039
vn 0.13052618200608704 1.8422087378506672e-16 -0.9914448627185043
vn 0.19509032931342324 1.8487360168833197e-16 -0.9807852789517083
vn 0.2588190471264927 1.8578348430038662e-16 -0.9659258257467466
vn 0.3214394796332419 1.8694663288395556e-16 -0.9469301246306989
vn 0.3826834370613369 1.8835808351761128e-16 -0.9238795305660377
vn 0.442288688609735 1.9001174764981278e-16 -0.8968727423262907
vn 0.5000000067305869 1.919006107395895e-16 -0.8660253998985324
vn 0.555570248949409 1.940165508510397e-16 -0.8314696016585884
vn 0.6087614397000725 1.9635049894225697e-16 -0.7933533320874723
vn 0.6593458052486975 1.988924547348407e-16 -0.7518398161183981
vn 0.7071067811865476 2.0163157756812316e-16 -0.7071067811865476
vn 0.7518398161183981 2.045560875936933e-16 -0.6593458052486975
vn 0.7933533320874723 2.0765349206293945e-16 -0.6087614397000725
vn 0.8314696016585884 2.1091050399652578e-16 -0.555570248949409
vn 0.8660253998985324 2.1431320870475657e-16 -0.5000000067305869
vn 0.8968727423262907 2.178469967887381e-16 -0.442288688609735
vn 0.9238795305660377 2.2149677945175687e-16 -0.3826834370613369
vn 0.9469301246306989 2.252468957635527e-16 -0.3214394796332419
vn 0.9659258257467466 2.2908128128394457e-16 -0.2588190471264927
vn 0.9807852789517083 2.3298353923275314e-16 -0.19509032931342324
vn 0.9914448627185043 2.3693694741570057e-16 -0.13052618200608704
vn 0.9978589235160039 2.4092456791726753e-16 -0.06540312499783225
vn 1 2.4492937051703357e-16 -2.4492937051703357e-16
f 486/486/486 389/389/389 487/487/487
f 389/389/389 390/390/390 487/487/487
f 487/487/487 390/390/390 488/488/488
f 390/390/390 391/391/391 488/488/488
f 488/488/488 391/391/391 489/489/489
f 391/391/391 392/392/392 489/489/489
f 489/489/489 392/392/392 490/490/490
f 392/392/392 393/393/393 490/490/490
f 490/490/490 393/393/393 491/491/491
f 393/393/393 394/394/394 491/491/491
f 491/491/491 394/394/394 492/492/492
f 394/394/394 395/395/395 492/492/492
f 492/492/492 395/395/395 493/493/493
f 395/395/395 396/396/396 493/493/493
f 493/493/493 396/396/396 494/494/494
f 396/396/396 397/397/397 494/494/494
f 494/494/494 397/397/397 495/495/495
f 397/397/397 398/398/398 495/495/495
f 495/495/495 398/398/398 496/496/496
f 398/398/398 399/399/399 496/496/496
f 496/496/496 399/399/399 497/497/497
f 399/399/399 400/400/400 497/497/497
f 497/497/497 400/400/400 498/498/498
f 400/400/400 401/401/401 498/498/498
f 498/498/498 401/401/401 499/499/499
f 401/401/401 402/402/402 499/499/499
f 499/499/499 402/402/402 500/500/500
f 402/402/402 403/403/403 500/500/500
f 500/500/500 403/403/403 501/501/501
f 403/403/403 404/404/404 501/501/501
f 501/501/501 404/404/404 502/502/502
f 404/404/404 405/405/405 502/502/502
f 502/502/502 405/405/405 503/503/503
f 405/405/405 406/406/406 503/503/503
f 503/503/503 406/406/406 504/504/504
f 406/406/406 407/407/407 504/504/504
f 504/504/504 407/407/407 505/505/505
f 407/407/407 408/408/408 505/505/505
f 505/505/505 408/408/408 506/506/506
f 408/408/408 409/409/409 506/506/506
f 506/506/506 409/409/409 507/507/507
f 409/409/409 410/410/410 507/507/507
f 507/507/507 410/410/410 508/508/508
f 410/410/410 411/411/411 508/508/508
f 508/508/508 411/411/411 509/509/509
f 411/411/411 412/412/412 509/509/509
f 509/509/509 412/412/412 510/510/510
f 412/412/412 413/413/413 510/510/510
f 510/510/510 413/413/413 511/511/511
f 413/413/413 414/414/414 511/511/511
f 511/511/511 414/414/414 512/512/512
f 414/414/414 415/415/415 512/512/512
f 512/512/512 415/415/415 513/513/513
f 415/415/415 416/416/416 513/513/513
f 513/513/513 416/416/416 514/514/514
f 416/416/416 417/417/417 514/514/514
f 514/514/514 417/417/417 515/515/515
f 417/417/417 418/418/418 515/515/515
f 515/515/515 418/418/418 516/516/516
f 418/418/418 419/419/419 516/516/516
f 516/516/516 419/419/419 517/517/517
f 419/419/419 420/420/420 517/517/517
f 517/517/517 420/420/420 518/518/518
f 420/420/420 421/421/421 518/518/518
f 518/518/518 421/421/421 519/519/519
f 421/421/421 422/422/422 519/519/519
f 519/519/519 422/422/422 520/520/520
f 422/422/422 423/423/423 520/520/520
f 520/520/520 423/423/423 521/521/521
f 423/423/423 424/424/424 521/521/521
f 521/521/521 424/424/424 522/522/522
f 424/424/424 425/425/425 522/522/522
f 522/522/522 425/425/425 523/523/523
f 425/425/425 426/426/426 523/523/523
f 523/523/523 426/426/426 524/524/524
f 426/426/426 427/427/427 524/524/524
f 524/524/524 427/427/427 525/525/525
f 427/427/427 428/428/428 525/525/525
f 525/525/525 428/428/428 526/526/526
f 428/428/428 429/429/429 526/526/526
f 526/526/526 429/429/429 527/527/527
f 429/429/429 430/430/430 527/527/527
f 527/527/527 430/430/430 528/528/528
f 430/430/430 431/431/431 528/528/528
f 528/528/528 431/431/431 529/529/529
f 431/431/431 432/432/432 529/529/529
f 529/529/529 432/432/432 530/530/530
f 432/432/432 433/433/433 530/530/530
f 530/530/530 433/433/433 531/531/531
f 433/433/433 434/434/434 531/531/531
f 531/531/531 434/434/434 532/532/532
f 434/434/434 435/435/435 532/532/532
f 532/532/532 435/435/435 533/533/533
f 435/435/435 436/436/436 533/533/533
f 533/533/533 436/436/436 534/534/534
f 436/436/436 437/437/437 534/534/534
f 534/534/534 437/437/437 535/535/535
f 437/437/437 438/438/438 535/535/535
f 535/535/535 438/438/438 536/536/536
f 438/438/438 439/439/439 536/536/536
f 536/536/536 439/439/439 537/537/537
f 439/439/439 440/440/440 537/537/537
f 537/537/537 440/440/440 538/538/538
f 440/440/440 441/441/441 538/538/538
f 538/538/538 441/441/441 539/539/539
f 441/441/441 442/442/442 539/539/539
f 539/539/539 442/442/442 540/540/540
f 442/442/442 443/443/443 540/540/540
f 540/540/540 443/443/443 541/541/541
f 443/443/443 444/444/444 541/541/541
f 541/541/541 444/444/444 542/542/542
f 444/444/444 445/445/445 542/542/542
f 542/542/542 445/445/445 543/543/543
f 445/445/445 446/446/446 543/543/543
f 543/543/543 446/446/446 544/544/544
f 446/446/446 447/447/447 544/544/544
f 544/544/544 447/447/447 545/545/545
f 447/447/447 448/448/448 545/545/545
f 545/545/545 448/448/448 546/546/546
f 448/448/448 449/449/449 546/546/546
f 546/546/546 449/449/449 547/547/547
f 449/449/449 450/450/450 547/547/547
f 547/547/547 450/450/450 548/548/548
f 450/450/450 451/451/451 548/548/548
f 548/548/548 451/451/451 549/549/549
f 451/451/451 452/452/452 549/549/549
f 549/549/549 452/452/452 550/550/550
f 452/452/452 453/453/453 550/550/550
f 550/550/550 453/453/453 551/551/551
f 453/453/453 454/454/454 551/551/551
f 551/551/551 454/454/454 552/552/552
f 454/454/454 455/455/455 552/552/552
f 552/552/552 455/455/455 553/553/553
f 455/455/455 456/456/456 553/553/553
f 553/553/553 456/456/456 554/554/554
f 456/456/456 457/457/457 554/554/554
f 554/554/554 457/457/457 555/555/555
f 457/457/457 458/458/458 555/555/555
f 555/555/555 458/458/458 556/556/556
f 458/458/458 459/459/459 556/556/556
f 556/556/556 459/459/459 557/557/557
f 459/459/459 460/460/460 557/557/557
f 557/557/557 460/460/460 558/558/558
f 460/460/460 461/461/461 558/558/558
f 558/558/558 461/461/461 559/559/559
f 461/461/461 462/462/462 559/559/559
f 559/559/559 462/462/462 560/560/560
f 462/462/462 463/463/463 560/560/560
f 560/560/560 463/463/463 561/561/561
f 463/463/463 464/464/464 561/561/561
f 561/561/561 464/464/464 562/562/562
f 464/464/464 465/465/465 562/562/562
f 562/562/562 465/465/465 563/563/563
f 465/465/465 466/466/466 563/563/563
f 563/563/563 466/466/466 564/564/564
f 466/466/466 467/467/467 564/564/564
f 564/564/564 467/467/467 565/565/565
f 467/467/467 468/468/468 565/565/565
f 565/565/565 468/468/468 566/566/566
f 468/468/468 469/469/469 566/566/566
f 566/566/566 469/469/469 567/567/567
f 469/469/469 470/470/470 567/567/567
f 567/567/567 470/470/470 568/568/568
f 470/470/470 471/471/471 568/568/568
f 568/568/568 471/471/471 569/569/569
f 471/471/471 472/472/472 569/569/569
f 569/569/569 472/472/472 570/570/570
f 472/472/472 473/473/473 570/570/570
f 570/570/570 473/473/473 571/571/571
f 473/473/473 474/474/474 571/571/571
f 571/571/571 474/474/474 572/572/572
f 474/474/474 475/475/475 572/572/572
f 572/572/572 475/475/475 573/573/573
f 475/475/475 476/476/476 573/573/573
f 573/573/573 476/476/476 574/574/574
f 476/476/476 477/477/477 574/574/574
f 574/574/574 477/477/477 575/575/575
f 477/477/477 478/478/478 575/575/575
f 575/575/575 478/478/478 576/576/576
f 478/478/478 479/479/479 576/576/576
f 576/576/576 479/479/479 577/577/577
f 479/479/479 480/480/480 577/577/577
f 577/577/577 480/480/480 578/578/578
f 480/480/480 481/481/481 578/578/578
f 578/578/578 481/481/481 579/579/579
f 481/481/481 482/482/482 579/579/579
f 579/579/579 482/482/482 580/580/580
f 482/482/482 483/483/483 580/580/580
f 580/580/580 483/483/483 581/581/581
f 483/483/483 484/484/484 581/581/581
f 581/581/581 484/484/484 582/582/582
f 484/484/484 485/485/485 582/582/582
f 583/583/583 486/486/486 584/584/584
f 486/486/486 487/487/487 584/584/584
f 584/584/584 487/487/487 585/585/585
f 487/487/487 488/488/488 585/585/585
f 585/585/585 488/488/488 586/586/586
f 488/488/488 489/489/489 586/586/586
f 586/586/586 489/489/489 587/587/587
f 489/489/489 490/490/490 587/587/587
f 587/587/587 490/490/490 588/588/588
f 490/490/490 491/491/491 588/588/588
f 588/588/588 491/491/491 589/589/589
f 491/491/491 492/492/492 589/589/589
f 589/589/589 492/492/492 590/590/590
f 492/492/492 493/493/493 590/590/590
f 590/590/590 493/493/493 591/591/591
f 493/493/493 494/494/494 591/591/591
f 591/591/591 494/494/494 592/592/592
f 494/494/494 495/495/495 592/592/592
f 592/592/592 495/495/495 593/593/593
f 495/495/495 496/496/496 593/593/593
f 593/593/593 496/496/496 594/594/594
f 496/496/496 497/497/497 594/594/594
f 594/594/594 497/497/497 595/595/595
f 497/497/497 498/498/498 595/595/595
f 595/595/595 498/498/498 596/596/596
f 498/498/498 499/499/499 596/596/596
f 596/596/596 499/499/499 597/597/597
f 499/499/499 500/500/500 597/597/597
f 597/597/597 500/500/500 598/598/598
f 500/500/500 501/501/501 598/598/598
f 598/598/598 501/501/501 599/599/599
f 501/501/501 502/502/502 599/599/599
f 599/599/599 502/502/502 600/600/600
f 502/502/502 503/503/503 600/600/600
f 600/600/600 503/503/503 601/601/601
f 503/503/503 504/504/504 601/601/601
f 601/601/601 504/504/504 602/602/602
f 504/504/504 505/505/505 602/602/602
f 602/602/602 505/505/505 603/603/603
f 505/505/505 506/506/506 603/603/603
f 603/603/603 506/506/506 604/604/604
f 506/506/506 507/507/507 604/604/604
f 604/604/604 507/507/507 605/605/605
f 507/507/507 508/508/508 605/605/605
f 605/605/605 508/508/508 606/606/606
f 508/508/508 509/509/509 606/606/606
f 606/606/606 509/509/509 607/607/607
f 509/509/509 510/510/510 607/607/607
f 607/607/607 510/510/510 608/608/608
f 510/510/510 511/511/511 608/608/608
f 608/608/608 511/511/511 609/609/609
f 511/511/511 512/512/512 609/609/609
f 609/609/609 512/512/512 610/610/610
f 512/512/512 513/513/513 610/610/610
f 610/610/610 513/513/513 611/611/611
f 513/513/513 514/514/514 611/611/611
f 611/611/611 514/514/514 612/612/612
f 514/514/514 515/515/515 612/612/612
f 612/612/612 515/515/515 613/613/613
f 515/515/515 516/516/516 613/613/613
f 613/613/613 516/516/516 614/614/614
f 516/516/516 517/517/517 614/614/614
f 614/614/614 517/517/517 615/615/615
f 517/517/517 518/518/518 615/615/615
f 615/615/615 518/518/518 616/616/616
f 518/518/518 519/519/519 616/616/616
f 616/616/616 519/519/519 617/617/617
f 519/519/519 520/520/520 617/617/617
f 617/617/617 520/520/520 618/618/618
f 520/520/520 521/521/521 618/618/618
f 618/618/618 521/521/521 619/619/619
f 521/521/521 522/522/522 619/619/619
f 619/619/619 522/522/522 620/620/620
f 522/522/522 523/523/523 620/620/620
f 620/620/620 523/523/523 621/621/621
f 523/523/523 524/524/524 621/621/621
f 621/621/621 524/524/524 622/622/622
f 524/524/524 525/525/525 622/622/622
f 622/622/622 525/525/525 623/623/623
f 525/525/525 526/526/526 623/623/623
f 623/623/623 526/526/526 624/624/624
f 526/526/526 527/527/527 624/624/624
f 624/624/624 527/527/527 625/625/625
f 527/527/527 528/528/528 625/625/625
f 625/625/625 528/528/528 626/626/626
f 528/528/528 529/529/529 626/626/626
f 626/626/626 529/529/529 627/627/627
f 529/529/529 530/530/530 627/627/627
f 627/627/627 530/530/530 628/628/628
f 530/530/530 531/531/531 628/628/628
f 628/628/628 531/531/531 629/629/629
f 531/531/531 532/532/532 629/629/629
f 629/629/629 532/532/532 630/630/630
f 532/532/532 533/533/533 630/630/630
f 630/630/630 533/533/533 631/631/631
f 533/533/533 534/534/534 631/631/631
f 631/631/631 534/534/534 632/632/632
f 534/534/534 535/535/535 632/632/632
f 632/632/632 535/535/535 633/633/633
f 535/535/535 536/536/536 633/633/633
f 633/633/633 536/536/536 634/634/634
f 536/536/536 537/537/537 634/634/634
f 634/634/634 537/537/537 635/635/635
f 537/537/537 538/538/538 635/635/635
f 635/635/635 538/538/538 636/636/636
f 538/538/538 539/539/539 636/636/636
f 636/636/636 539/539/539 637/637/637
f 539/539/539 540/540/540 637/637/637
f 637/637/637 540/540/540 638/638/638
f 540/540/540 541/541/541 638/638/638
f 638/638/638 541/541/541 639/639/639
f 541/541/541 542/542/542 639/639/639
f 639/639/639 542/542/542 640/640/640
f 542/542/542 543/543/543 640/640/640
f 640/640/640 543/543/543 641/641/641
f 543/543/543 544/544/544 641/641/641
f 641/641/641 544/544/544 642/642/642
f 544/544/544 545/545/545 642/642/642
f 642/642/642 545/545/545 643/643/643
f 545/545/545 546/546/546 643/643/643
f 643/643/643 546/546/546 644/644/644
f 546/546/546 547/547/547 644/644/644
f 644/644/644 547/547/547 645/645/645
f 547/547/547 548/548/548 645/645/645
f 645/645/645 548/548/548 646/646/646
f 548/548/548 549/549/549 646/646/646
f 646/646/646 549/549/549 647/647/647
f 549/549/549 550/550/550 647/647/647
f 647/647/647 550/550/550 648/648/648
f 550/550/550 551/551/551 648/648/648
f 648/648/648 551/551/551 649/649/649
f 551/551/551 552/552/552 649/649/649
f 649/649/649 552/552/552 650/650/650
f 552/552/552 553/553/553 650/650/650
f 650/650/650 553/553/553 651/651/651
f 553/553/553 554/554/554 651/651/651
f 651/651/651 554/554/554 652/652/652
f 554/554/554 555/555/555 652/652/652
f 652/652/652 555/555/555 653/653/653
f 555/555/555 556/556/556 653/653/653
f 653/653/653 556/556/556 654/654/654
f 556/556/556 557/557/557 654/654/654
f 654/654/654 557/557/557 655/655/655
f 557/557/557 558/558/558 655/655/655
f 655/655/655 558/558/558 656/656/656
f 558/558/558 559/559/559 656/656/656
f 656/656/656 559/559/559 657/657/657
f 559/559/559 560/560/560 657/657/657
f 657/657/657 560/560/560 658/658/658
f 560/560/560 561/561/561 658/658/658
f 658/658/658 561/561/561 659/659/659
f 561/561/561 562/562/562 659/659/659
f 659/659/659 562/562/562 660/660/660
f 562/562/562 563/563/563 660/660/660
f 660/660/660 563/563/563 661/661/661
f 563/563/563 564/564/564 661/661/661
f 661/661/661 564/564/564 662/662/662
f 564/564/564 565/565/565 662/662/662
f 662/662/662 565/565/565 663/663/663
f 565/565/565 566/566/566 663/663/663
f 663/663/663 566/566/566 664/664/664
f 566/566/566 567/567/567 664/664/664
f 664/664/664 567/567/567 665/665/665
f 567/567/567 568/568/568 665/665/665
f 665/665/665 568/568/568 666/666/666
f 568/568/568 569/569/569 666/666/666
f 666/666/666 569/569/569 667/667/667
f 569/569/569 570/570/570 667/667/667
f 667/667/667 570/570/570 668/668/668
f 570/570/570 571/571/571 668/668/668
f 668/668/668 571/571/571 669/669/669
f 571/571/571 572/572/572 669/669/669
f 669/669/669 572/572/572 670/670/670
f 572/572/572 573/573/573 670/670/670
f 670/670/670 573/573/573 671/671/671
f 573/573/573 574/574/574 671/671/671
f 671/671/671 574/574/574 672/672/672
f 574/574/574 575/575/575 672/672/672
f 672/672/672 575/575/575 673/673/673
f 575/575/575 576/576/576 673/673/673
f 673/673/673 576/576/576 674/674/674
f 576/576/576 577/577/577 674/674/674
f 674/674/674 577/577/577 675/675/675
f 577/577/577 578/578/578 675/675/675
f 675/675/675 578/578/578 676/676/676
f 578/578/578 579/579/579 676/676/676
f 676/676/676 579/579/579 677/677/677
f 579/579/579 580/580/580 677/677/677
f 677/677/677 580/580/580 678/678/678
f 580/580/580 581/581/581 678/678/678
f 678/678/678 581/581/581 679/679/679
f 581/581/581 582/582/582 679/679/679
f 680/680/680 583/583/583 681/681/681
f 583/583/583 584/584/584 681/681/681
f 681/681/681 584/584/584 682/682/682
f 584/584/584 585/585/585 682/682/682
f 682/682/682 585/585/585 683/683/683
f 585/585/585 586/586/586 683/683/683
f 683/683/683 586/586/586 684/684/684
f 586/586/586 587/587/587 684/684/684
f 684/684/684 587/587/587 685/685/685
f 587/587/587 588/588/588 685/685/685
f 685/685/685 588/588/588 686/686/686
f 588/588/588 589/589/589 686/686/686
f 686/686/686 589/589/589 687/687/687
f 589/589/589 590/590/590 687/687/687
f 687/687/687 590/590/590 688/688/688
f 590/590/590 591/591/591 688/688/688
f 688/688/688 591/591/591 689/689/689
f 591/591/591 592/592/592 689/689/689
f 689/689/689 592/592/592 690/690/690
f 592/592/592 593/593/593 690/690/690
f 690/690/690 593/593/593 691/691/691
f 593/593/593 594/594/594 691/691/691
f 691/691/691 594/594/594 692/692/692
f 594/594/594 595/595/595 692/692/692
f 692/692/692 595/595/595 693/693/693
f 595/595/595 596/596/596 693/693/693
f 693/693/693 596/596/596 694/694/694
f 596/596/596 597/597/597 694/694/694
f 694/694/694 597/597/597 695/695/695
f 597/597/597 598/598/598 695/695/695
f 695/695/695 598/598/598 696/696/696
f 598/598/598 599/599/599 696/696/696
f 696/696/696 599/599/599 697/697/697
f 599/599/599 600/600/600 697/697/697
f 697/697/697 600/600/600 698/698/698
f 600/600/600 601/601/601 698/698/698
f 698/698/698 601/601/601 699/699/699
f 601/601/601 602/602/602 699/699/699
f 699/699/699 602/602/602 700/700/700
f 602/602/602 603/603/603 700/700/700
f 700/700/700 603/603/603 701/701/701
f 603/603/603 604/604/604 701/701/701
f 701/701/701 604/604/604 702/702/702
f 604/604/604 605/605/605 702/702/702
f 702/702/702 605/605/605 703/703/703
f 605/605/605 606/606/606 703/703/703
f 703/703/703 606/606/606 704/704/704
f 606/606/606 607/607/607 704/704/704
f 704/704/704 607/607/607 705/705/705
f 607/607/607 608/608/608 705/705/705
f 705/705/705 608/608/608 706/706/706
f 608/608/608 609/609/609 706/706/706
f 706/706/706 609/609/609 707/707/707
f 609/609/609 610/610/610 707/707/707
f 707/707/707 610/610/610 708/708/708
f 610/610/610 611/611/611 708/708/708
f 708/708/708 611/611/611 709/709/709
f 611/611/611 612/612/612 709/709/709
f 709/709/709 612/612/612 710/710/710
f 612/612/612 613/613/613 710/710/710
f 710/710/710 613/613/613 711/711/711
f 613/613/613 614/614/614 711/711/711
f 711/711/711 614/614/614 712/712/712
f 614/614/614 615/615/615 712/712/712
f 712/712/712 615/615/615 713/713/713
f 615/615/615 616/616/616 713/713/713
f 713/713/713 616/616/616 714/714/714
f 616/616/616 617/617/617 714/714/714
f 714/714/714 617/617/617 715/715/715
f 617/617/617 618/618/618 715/715/715
f 715/715/715 618/618/618 716/716/716
f 618/618/618 619/619/619 716/716/716
f 716/716/716 619/619/619 717/717/717
f 619/619/619 620/620/620 717/717/717
f 717/717/717 620/620/620 718/718/718
f 620/620/620 621/621/621 718/718/718
f 718/718/718 621/621/621 719/719/719
f 621/621/621 622/622/622 719/719/719
f 719/719/719 622/622/622 720/720/720
f 622/622/622 623/623/623 720/720/720
f 720/720/720 623/623/623 721/721/721
f 623/623/623 624/624/624 721/721/721
f 721/721/721 624/624/624 722/722/722
f 624/624/624 625/625/625 722/722/722
f 722/722/722 625/625/625 723/723/723
f 625/625/625 626/626/626 723/723/723
f 723/723/723 626/626/626 724/724/724
f 626/626/626 627/627/627 724/724/724
f 724/724/724 627/627/627 725/725/725
f 627/627/627 628/628/628 725/725/725
f 725/725/725 628/628/628 726/726/726
f 628/628/628 629/629/629 726/726/726
f 726/726/726 629/629/629 727/727/727
f 629/629/629 630/630/630 727/727/727
f 727/727/727 630/630/630 728/728/728
f 630/630/630 631/631/631 728/728/728
f 728/728/728 631/631/631 729/729/729
f 631/631/631 632/632/632 729/729/729
f 729/729/729 632/632/632 730/730/730
f 632/632/632 633/633/633 730/730/730
f 730/730/730 633/633/633 731/731/731
f 633/633/633 634/634/634 731/731/731
f 731/731/731 634/634/634 732/732/732
f 634/634/634 635/635/635 732/732/732
f 732/732/732 635/635/635 733/733/733
f 635/635/635 636/636/636 733/733/733
f 733/733/733 636/636/636 734/734/734
f 636/636/636 637/637/637 734/734/734
f 734/734/734 637/637/637 735/735/735
f 637/637/637 638/638/638 735/735/735
f 735/735/735 638/638/638 736/736/736
f 638/638/638 639/639/639 736/736/736
f 736/736/736 639/639/639 737/737/737
f 639/639/639 640/640/640 737/737/737
f 737/737/737 640/640/640 738/738/738
f 640/640/640 641/641/641 738/738/738
f 738/738/738 641/641/641 739/739/739
f 641/641/641 642/642/642 739/739/739
f 739/739/739 642/642/642 740/740/740
f 642/642/642 643/643/643 740/740/740
f 740/740/740 643/643/643 741/741/741
f 643/643/643 644/644/644 741/741/741
f 741/741/741 644/644/644 742/742/742
f 644/644/644 645/645/645 742/742/742
f 742/742/742 645/645/645 743/743/743
f 645/645/645 646/646/646 743/743/743
f 743/743/743 646/646/646 744/744/744
f 646/646/646 647/647/647 744/744/744
f 744/744/744 647/647/647 745/745/745
f 647/647/647 648/648/648 745/745/745
f 745/745/745 648/648/648 746/746/746
f 648/648/648 649/649/649 746/746/746
f 746/746/746 649/649/649 747/747/747
f 649/649/649 650/650/650 747/747/747
f 747/747/747 650/650/650 748/748/748
f 650/650/650 651/651/651 748/748/748
f 748/748/748 651/651/651 749/749/749
f 651/651/651 652/652/652 749/749/749
f 749/749/749 652/652/652 750/750/750
f 652/652/652 653/653/653 750/750/750
f 750/750/750 653/653/653 751/751/751
f 653/653/653 654/654/654 751/751/751
f 751/751/751 654/654/654 752/752/752
f 654/654/654 655/655/655 752/752/752
f 752/752/752 655/655/655 753/753/753
f 655/655/655 656/656/656 753/753/753
f 753/753/753 656/656/656 754/754/754
f 656/656/656 657/657/657 754/754/754
f 754/754/754 657/657/657 755/755/755
f 657/657/657 658/658/658 755/755/755
f 755/755/755 658/658/658 756/756/756
f 658/658/658 659/659/659 756/756/756
f 756/756/756 659/659/659 757/757/757
f 659/659/659 660/660/660 757/757/757
f 757/757/757 660/660/660 758/758/758
f 660/660/660 661/661/661 758/758/758
f 758/758/758 661/661/661 759/759/759
f 661/661/661 662/662/662 759/759/759
f 759/759/759 662/662/662 760/760/760
f 662/662/662 663/663/663 760/760/760
f 760/760/760 663/663/663 761/761/761
f 663/663/663 664/664/664 761/761/761
f 761/761/761 664/664/664 762/762/762
f 664/664/664 665/665/665 762/762/762
f 762/762/762 665/665/665 763/763/763
f 665/665/665 666/666/666 763/763/763
f 763/763/763 666/666/666 764/764/764
f 666/666/666 667/667/667 764/764/764
f 764/764/764 667/667/667 765/765/765
f 667/667/667 668/668/668 765/765/765
f 765/765/765 668/668/668 766/766/766
f 668/668/668 669/669/669 766/766/766
f 766/766/766 669/669/669 767/767/767
f 669/669/669 670/670/670 767/767/767
f 767/767/767 670/670/670 768/768/768
f 670/670/670 671/671/671 768/768/768
f 768/768/768 671/671/671 769/769/769
f 671/671/671 672/672/672 769/769/769
f 769/769/769 672/672/672 770/770/770
f 672/672/672 673/673/673 770/770/770
f 770/770/770 673/673/673 771/771/771
f 673/673/673 674/674/674 771/771/771
f 771/771/771 674/674/674 772/772/772
f 674/674/674 675/675/675 772/772/772
f 772/772/772 675/675/675 773/773/773
f 675/675/675 676/676/676 773/773/773
f 773/773/773 676/676/676 774/774/774
f 676/676/676 677/677/677 774/774/774
f 774/774/774 677/677/677 775/775/775
f 677/677/677 678/678/678 775/775/775
f 775/775/775 678/678/678 776/776/776
f 678/678/678 679/679/679 776/776/776
f 777/777/777 680/680/680 778/778/778
f 680/680/680 681/681/681 778/778/778
f 778/778/778 681/681/681 779/779/779
f 681/681/681 682/682/682 779/779/779
f 779/779/779 682/682/682 780/780/780
f 682/682/682 683/683/683 780/780/780
f 780/780/780 683/683/683 781/781/781
f 683/683/683 684/684/684 781/781/781
f 781/781/781 684/684/684 782/782/782
f 684/684/684 685/685/685 782/782/782
f 782/782/782 685/685/685 783/783/783
f 685/685/685 686/686/686 783/783/783
f 783/783/783 686/686/686 784/784/784
f 686/686/686 687/687/687 784/784/784
f 784/784/784 687/687/687 785/785/785
f 687/687/687 688/688/688 785/785/785
f 785/785/785 688/688/688 786/786/786
f 688/688/688 689/689/689 786/786/786
f 786/786/786 689/689/689 787/787/787
f 689/689/689 690/690/690 787/787/787
f 787/787/787 690/690/690 788/788/788
f 690/690/690 691/691/691 788/788/788
f 788/788/788 691/691/691 789/789/789
f 691/691/691 692/692/692 789/789/789
f 789/789/789 692/692/692 790/790/790
f 692/692/692 693/693/693 790/790/790
f 790/790/790 693/693/693 791/791/791
f 693/693/693 694/694/694 791/791/791
f 791/791/791 694/694/694 792/792/792
f 694/694/694 695/695/695 792/792/792
f 792/792/792 695/695/695 793/793/793
f 695/695/695 696/696/696 793/793/793
f 793/793/793 696/696/696 794/794/794
f 696/696/696 697/697/697 794/794/794
f 794/794/794 697/697/697 795/795/795
f 697/697/697 698/698/698 795/795/795
f 795/795/795 698/698/698 796/796/796
f 698/698/698 699/699/699 796/796/796
f 796/796/796 699/699/699 797/797/797
f 699/699/699 700/700/700 797/797/797
f 797/797/797 700/700/700 798/798/798
f 700/700/700 701/701/701 798/798/798
f 798/798/798 701/701/701 799/799/799
f 701/701/701 702/702/702 799/799/799
f 799/799/799 702/702/702 800/800/800
f 702/702/702 703/703/703 800/800/800
f 800/800/800 703/703/703 801/801/801
f 703/703/703 704/704/704 801/801/801
f 801/801/801 704/704/704 802/802/802
f 704/704/704 705/705/705 802/802/802
f 802/802/802 705/705/705 803/803/803
f 705/705/705 706/706/706 803/803/803
f 803/803/803 706/706/706 804/804/804
f 706/706/706 707/707/707 804/804/804
f 804/804/804 707/707/707 805/805/805
f 707/707/707 708/708/708 805/805/805
f 805/805/805 708/708/708 806/806/806
f 708/708/708 709/709/709 806/806/806
f 806/806/806 709/709/709 807/807/807
f 709/709/709 710/710/710 807/807/807
f 807/807/807 710/710/710 808/808/808
f 710/710/710 711/711/711 808/808/808
f 808/808/808 711/711/711 809/809/809
f 711/711/711 712/712/712 809/809/809
f 809/809/809 712/712/712 810/810/810
f 712/712/712 713/713/713 810/810/810
f 810/810/810 713/713/713 811/811/811
f 713/713/713 714/714/714 811/811/811
f 811/811/811 714/714/714 812/812/812
f 714/714/714 715/715/715 812/812/812
f 812/812/812 715/715/715 813/813/813
f 715/715/715 716/716/716 813/813/813
f 813/813/813 716/716/716 814/814/814
f 716/716/716 717/717/717 814/814/814
f 814/814/814 717/717/717 815/815/815
f 717/717/717 718/718/718 815/815/815
f 815/815/815 718/718/718 816/816/816
f 718/718/718 719/719/719 816/816/816
f 816/816/816 719/719/719 817/817/817
f 719/719/719 720/720/720 817/817/817
f 817/817/817 720/720/720 818/818/818
f 720/720/720 721/721/721 818/818/818
f 818/818/818 721/721/721 819/819/819
f 721/721/721 722/722/722 819/819/819
f 819/819/819 722/722/722 820/820/820
f 722/722/722 723/723/723 820/820/820
f 820/820/820 723/723/723 821/821/821
f 723/723/723 724/724/724 821/821/821
f 821/821/821 724/724/724 822/822/822
f 724/724/724 725/725/725 822/822/822
f 822/822/822 725/725/725 823/823/823
f 725/725/725 726/726/726 823/823/823
f 823/823/823 726/726/726 824/824/824
f 726/726/726 727/727/727 824/824/824
f 824/824/824 727/727/727 825/825/825
f 727/727/727 728/728/728 825/825/825
f 825/825/825 728/728/728 826/826/826
f 728/728/728 729/729/729 826/826/826
f 826/826/826 729/729/729 827/827/827
f 729/729/729 730/730/730 827/827/827
f 827/827/827 730/730/730 828/828/828
f 730/730/730 731/731/731 828/828/828
f 828/828/828 731/731/731 829/829/829
f 731/731/731 732/732/732 829/829/829
f 829/829/829 732/732/732 830/830/830
f 732/732/732 733/733/733 830/830/830
f 830/830/830 733/733/733 831/831/831
f 733/733/733 734/734/734 831/831/831
f 831/831/831 734/734/734 832/832/832
f 734/734/734 735/735/735 832/832/832
f 832/832/832 735/735/735 833/833/833
f 735/735/735 736/736/736 833/833/833
f 833/833/833 736/736/736 834/834/834
f 736/736/736 737/737/737 834/834/834
f 834/834/834 737/737/737 835/835/835
f 737/737/737 738/738/738 835/835/835
f 835/835/835 738/738/738 836/836/836
f 738/738/738 739/739/739 836/836/836
f 836/836/836 739/739/739 837/837/837
f 739/739/739 740/740/740 837/837/837
f 837/837/837 740/740/740 838/838/838
f 740/740/740 741/741/741 838/838/838
f 838/838/838 741/741/741 839/839/839
f 741/741/741 742/742/742 839/839/839
f 839/839/839 742/742/742 840/840/840
f 742/742/742 743/743/743 840/840/840
f 840/840/840 743/743/743 841/841/841
f 743/743/743 744/744/744 841/841/841
f 841/841/841 744/744/744 842/842/842
f 744/744/744 745/745/745 842/842/842
f 842/842/842 745/745/745 843/843/843
f 745/745/745 746/746/746 843/843/843
f 843/843/843 746/746/746 844/844/844
f 746/746/746 747/747/747 844/844/844
f 844/844/844 747/747/747 845/845/845
f 747/747/747 748/748/748 845/845/845
f 845/845/845 748/748/748 846/846/846
f 748/748/748 749/749/749 846/846/846
f 846/846/846 749/749/749 847/847/847
f 749/749/749 750/750/750 847/847/847
f 847/847/847 750/750/750 848/848/848
f 750/750/750 751/751/751 848/848/848
f 848/848/848 751/751/751 849/849/849
f 751/751/751 752/752/752 849/849/849
f 849/849/849 752/752/752 850/850/850
f 752/752/752 753/753/753 850/850/850
f 850/850/850 753/753/753 851/851/851
f 753/753/753 754/754/754 851/851/851
f 851/851/851 754/754/754 852/852/852
f 754/754/754 755/755/755 852/852/852
f 852/852/852 755/755/755 853/853/853
f 755/755/755 756/756/756 853/853/853
f 853/853/853 756/756/756 854/854/854
f 756/756/756 757/757/757 854/854/854
f 854/854/854 757/757/757 855/855/855
f 757/757/757 758/758/758 855/855/855
f 855/855/855 758/758/758 856/856/856
f 758/758/758 759/759/759 856/856/856
f 856/856/856 759/759/759 857/857/857
f 759/759/759 760/760/760 857/857/857
f 857/857/857 760/760/760 858/858/858
f 760/760/760 761/761/761 858/858/858
f 858/858/858 761/761/761 859/859/859
f 761/761/761 762/762/762 859/859/859
f 859/859/859 762/762/762 860/860/860
f 762/762/762 763/763/763 860/860/860
f 860/860/860 763/763/763 861/861/861
f 763/763/763 764/764/764 861/861/861
f 861/861/861 764/764/764 862/862/862
f 764/764/764 765/765/765 862/862/862
f 862/862/862 765/765/765 863/863/863
f 765/765/765 766/766/766 863/863/863
f 863/863/863 766/766/766 864/864/864
f 766/766/766 767/767/767 864/864/864
f 864/864/864 767/767/767 865/865/865
f 767/767/767 768/768/768 865/865/865
f 865/865/865 768/768/768 866/866/866
f 768/768/768 769/769/769 866/866/866
f 866/866/866 769/769/769 867/867/867
f 769/769/769 770/770/770 867/867/867
f 867/867/867 770/770/770 868/868/868
f 770/770/770 771/771/771 868/868/868
f 868/868/868 771/771/771 869/869/869
f 771/771/771 772/772/772 869/869/869
f 869/869/869 772/772/772 870/870/870
f 772/772/772 773/773/773 870/870/870
f 870/870/870 773/773/773 871/871/871
f 773/773/773 774/774/774 871/871/871
f 871/871/871 774/774/774 872/872/872
f 774/774/774 775/775/775 872/872/872
f 872/872/872 775/775/775 873/873/873
f 775/775/775 776/776/776 873/873/873
f 874/874/874 777/777/777 875/875/875
f 777/777/777 778/778/778 875/875/875
f 875/875/875 778/778/778 876/876/876
f 778/778/778 779/779/779 876/876/876
f 876/876/876 779/779/779 877/877/877
f 779/779/779 780/780/780 877/877/877
f 877/877/877 780/780/780 878/878/878
f 780/780/780 781/781/781 878/878/878
f 878/878/878 781/781/781 879/879/879
f 781/781/781 782/782/782 879/879/879
f 879/879/879 782/782/782 880/880/880
f 782/782/782 783/783/783 880/880/880
f 880/880/880 783/783/783 881/881/881
f 783/783/783 784/784/784 881/881/881
f 881/881/881 784/784/784 882/882/882
f 784/784/784 785/785/785 882/882/882
f 882/882/882 785/785/785 883/883/883
f 785/785/785 786/786/786 883/883/883
f 883/883/883 786/786/786 884/884/884
f 786/786/786 787/787/787 884/884/884
f 884/884/884 787/787/787 885/885/885
f 787/787/787 788/788/788 885/885/885
f 885/885/885 788/788/788 886/886/886
f 788/788/788 789/789/789 886/886/886
f 886/886/886 789/789/789 887/887/887
f 789/789/789 790/790/790 887/887/887
f 887/887/887 790/790/790 888/888/888
f 790/790/790 791/791/791 888/888/888
f 888/888/888 791/791/791 889/889/889
f 791/791/791 792/792/792 889/889/889
f 889/889/889 792/792/792 890/890/890
f 792/792/792 793/793/793 890/890/890
f 890/890/890 793/793/793 891/891/891
f 793/793/793 794/794/794 891/891/891
f 891/891/891 794/794/794 892/892/892
f 794/794/794 795/795/795 892/892/892
f 892/892/892 795/795/795 893/893/893
f 795/795/795 796/796/796 893/893/893
f 893/893/893 796/796/796 894/894/894
f 796/796/796 797/797/797 894/894/894
f 894/894/894 797/797/797 895/895/895
f 797/797/797 798/798/798 895/895/895
f 895/895/895 798/798/798 896/896/896
f 798/798/798 799/799/799 896/896/896
f 896/896/896 799/799/799 897/897/897
f 799/799/799 800/800/800 897/897/897
f 897/897/897 800/800/800 898/898/898
f 800/800/800 801/801/801 898/898/898
f 898/898/898 801/801/801 899/899/899
f 801/801/801 802/802/802 899/899/899
f 899/899/899 802/802/802 900/900/900
f 802/802/802 803/803/803 900/900/900
f 900/900/900 803/803/803 901/901/901
f 803/803/803 804/804/804 901/901/901
f 901/901/901 804/804/804 902/902/902
f 804/804/804 805/805/805 902/902/902
f 902/902/902 805/805/805 903/903/903
f 805/805/805 806/806/806 903/903/903
f 903/903/903 806/806/806 904/904/904
f 806/806/806 807/807/807 904/904/904
f 904/904/904 807/807/807 905/905/905
f 807/807/807 808/808/808 905/905/905
f 905/905/905 808/808/808 906/906/906
f 808/808/808 809/809/809 906/906/906
f 906/906/906 809/809/809 907/907/907
f 809/809/809 810/810/810 907/907/907
f 907/907/907 810/810/810 908/908/908
f 810/810/810 811/811/811 908/908/908
f 908/908/908 811/811/811 909/909/909
f 811/811/811 812/812/812 909/909/909
f 909/909/909 812/812/812 910/910/910
f 812/812/812 813/813/813 910/910/910
f 910/910/910 813/813/813 911/911/911
f 813/813/813 814/814/814 911/911/911
f 911/911/911 814/814/814 912/912/912
f 814/814/814 815/815/815 912/912/912
f 912/912/912 815/815/815 913/913/913
f 815/815/815 816/816/816 913/913/913
f 913/913/913 816/816/816 914/914/914
f 816/816/816 817/817/817 914/914/914
f 914/914/914 817/817/817 915/915/915
f 817/817/817 818/818/818 915/915/915
f 915/915/915 818/818/818 916/916/916
f 818/818/818 819/819/819 916/916/916
f 916/916/916 819/819/819 917/917/917
f 819/819/819 820/820/820 917/917/917
f 917/917/917 820/820/820 918/918/918
f 820/820/820 821/821/821 918/918/918
f 918/918/918 821/821/821 919/919/919
f 821/821/821 822/822/822 919/919/919
f 919/919/919 822/822/822 920/920/920
f 822/822/822 823/823/823 920/920/920
f 920/920/920 823/823/823 921/921/921
f 823/823/823 824/824/824 921/921/921
f 921/921/921 824/824/824 922/922/922
f 824/824/824 825/825/825 922/922/922
f 922/922/922 825/825/825 923/923/923
f 825/825/825 826/826/826 923/923/923
f 923/923/923 826/826/826 924/924/924
f 826/826/826 827/827/827 924/924/924
f 924/924/924 827/827/827 925/925/925
f 827/827/827 828/828/828 925/925/925
f 925/925/925 828/828/828 926/926/926
f 828/828/828 829/829/829 926/926/926
f 926/926/926 829/829/829 927/927/927
f 829/829/829 830/830/830 927/927/927
f 927/927/927 830/830/830 928/928/928
f 830/830/830 831/831/831 928/928/928
f 928/928/928 831/831/831 929/929/929
f 831/831/831 832/832/832 929/929/929
f 929/929/929 832/832/832 930/930/930
f 832/832/832 833/833/833 930/930/930
f 930/930/930 833/833/833 931/931/931
f 833/833/833 834/834/834 931/931/931
f 931/931/931 834/834/834 932/932/932
f 834/834/834 835/835/835 932/932/932
f 932/932/932 835/835/835 933/933/933
f 835/835/835 836/836/836 933/933/933
f 933/933/933 836/836/836 934/934/934
f 836/836/836 837/837/837 934/934/934
f 934/934/934 837/837/837 935/935/935
f 837/837/837 838/838/838 935/935/935
f 935/935/935 838/838/838 936/936/936
f 838/838/838 839/839/839 936/936/936
f 936/936/936 839/839/839 937/937/937
f 839/839/839 840/840/840 937/937/937
f 937/937/937 840/840/840 938/938/938
f 840/840/840 841/841/841 938/938/938
f 938/938/938 841/841/841 939/939/939
f 841/841/841 842/842/842 939/939/939
f 939/939/939 842/842/842 940/940/940
f 842/842/842 843/843/843 940/940/940
f 940/940/940 843/843/843 941/941/941
f 843/843/843 844/844/844 941/941/941
f 941/941/941 844/844/844 942/942/942
f 844/844/844 845/845/845 942/942/942
f 942/942/942 845/845/845 943/943/943
f 845/845/845 846/846/846 943/943/943
f 943/943/943 846/846/846 944/944/944
f 846/846/846 847/847/847 944/944/944
f 944/944/944 847/847/847 945/945/945
f 847/847/847 848/848/848 945/945/945
f 945/945/945 848/848/848 946/946/946
f 848/848/848 849/849/849 946/946/946
f 946/946/946 849/849/849 947/947/947
f 849/849/849 850/850/850 947/947/947
f 947/947/947 850/850/850 948/948/948
f 850/850/850 851/851/851 948/948/948
f 948/948/948 851/851/851 949/949/949
f 851/851/851 852/852/852 949/949/949
f 949/949/949 852/852/852 950/950/950
f 852/852/852 853/853/853 950/950/950
f 950/950/950 853/853/853 951/951/951
f 853/853/853 854/854/854 951/951/951
f 951/951/951 854/854/854 952/952/952
f 854/854/854 855/855/855 952/952/952
f 952/952/952 855/855/855 953/953/953
f 855/855/855 856/856/856 953/953/953
f 953/953/953 856/856/856 954/954/954
f 856/856/856 857/857/857 954/954/954
f 954/954/954 857/857/857 955/955/955
f 857/857/857 858/858/858 955/955/955
f 955/955/955 858/858/858 956/956/956
f 858/858/858 859/859/859 956/956/956
f 956/956/956 859/859/859 957/957/957
f 859/859/859 860/860/860 957/957/957
f 957/957/957 860/860/860 958/958/958
f 860/860/860 861/861/861 958/958/958
f 958/958/958 861/861/861 959/959/959
f 861/861/861 862/862/862 959/959/959
f 959/959/959 862/862/862 960/960/960
f 862/862/862 863/863/863 960/960/960
f 960/960/960 863/863/863 961/961/961
f 863/863/863 864/864/864 961/961/961
f 961/961/961 864/864/864 962/962/962
f 864/864/864 865/865/865 962/962/962
f 962/962/962 865/865/865 963/963/963
f 865/865/865 866/866/866 963/963/963
f 963/963/963 866/866/866 964/964/964
f 866/866/866 867/867/867 964/964/964
f 964/964/964 867/867/867 965/965/965
f 867/867/867 868/868/868 965/965/965
f 965/965/965 868/868/868 966/966/966
f 868/868/868 869/869/869 966/966/966
f 966/966/966 869/869/869 967/967/967
f 869/869/869 870/870/870 967/967/967
f 967/967/967 870/870/870 968/968/968
f 870/870/870 871/871/871 968/968/968
f 968/968/968 871/871/871 969/969/969
f 871/871/871 872/872/872 969/969/969
f 969/969/969 872/872/872 970/970/970
f 872/872/872 873/873/873 970/970/970
f 971/971/971 874/874/874 972/972/972
f 874/874/874 875/875/875 972/972/972
f 972/972/972 875/875/875 973/973/973
f 875/875/875 876/876/876 973/973/973
f 973/973/973 876/876/876 974/974/974
f 876/876/876 877/877/877 974/974/974
f 974/974/974 877/877/877 975/975/975
f 877/877/877 878/878/878 975/975/975
f 975/975/975 878/878/878 976/976/976
f 878/878/878 879/879/879 976/976/976
f 976/976/976 879/879/879 977/977/977
f 879/879/879 880/880/880 977/977/977
f 977/977/977 880/880/880 978/978/978
f 880/880/880 881/881/881 978/978/978
f 978/978/978 881/881/881 979/979/979
f 881/881/881 882/882/882 979/979/979
f 979/979/979 882/882/882 980/980/980
f 882/882/882 883/883/883 980/980/980
f 980/980/980 883/883/883 981/981/981
f 883/883/883 884/884/884 981/981/981
f 981/981/981 884/884/884 982/982/982
f 884/884/884 885/885/885 982/982/982
f 982/982/982 885/885/885 983/983/983
f 885/885/885 886/886/886 983/983/983
f 983/983/983 886/886/886 984/984/984
f 886/886/886 887/887/887 984/984/984
f 984/984/984 887/887/887 985/985/985
f 887/887/887 888/888/888 985/985/985
f 985/985/985 888/888/888 986/986/986
f 888/888/888 889/889/889 986/986/986
f 986/986/986 889/889/889 987/987/987
f 889/889/889 890/890/890 987/987/987
f 987/987/987 890/890/890 988/988/988
f 890/890/890 891/891/891 988/988/988
f 988/988/988 891/891/891 989/989/989
f 891/891/891 892/892/892 989/989/989
f 989/989/989 892/892/892 990/990/990
f 892/892/892 893/893/893 990/990/990
f 990/990/990 893/893/893 991/991/991
f 893/893/893 894/894/894 991/991/991
f 991/991/991 894/894/894 992/992/992
f 894/894/894 895/895/895 992/992/992
f 992/992/992 895/895/895 993/993/993
f 895/895/895 896/896/896 993/993/993
f 993/993/993 896/896/896 994/994/994
f 896/896/896 897/897/897 994/994/994
f 994/994/994 897/897/897 995/995/995
f 897/897/897 898/898/898 995/995/995
f 995/995/995 898/898/898 996/996/996
f 898/898/898 899/899/899 996/996/996
f 996/996/996 899/899/899 997/997/997
f 899/899/899 900/900/900 997/997/997
f 997/997/997 900/900/900 998/998/998
f 900/900/900 901/901/901 998/998/998
f 998/998/998 901/901/901 999/999/999
f 901/901/901 902/902/902 999/999/999
f 999/999/999 902/902/902 1000/1000/1000
f 902/902/902 903/903/903 1000/1000/1000
f 1000/1000/1000 903/903/903 1001/1001/1001
f 903/903/903 904/904/904 1001/1001/1001
f 1001/1001/1001 904/904/904 1002/1002/1002
f 904/904/904 905/905/905 1002/1002/1002
f 1002/1002/1002 905/905/905 1003/1003/1003
f 905/905/905 906/906/906 1003/1003/1003
f 1003/1003/1003 906/906/906 1004/1004/1004
f 906/906/906 907/907/907 1004/1004/1004
f 1004/1004/1004 907/907/907 1005/1005/1005
f 907/907/907 908/908/908 1005/1005/1005
f 1005/1005/1005 908/908/908 1006/1006/1006
f 908/908/908 909/909/909 1006/1006/1006
f 1006/1006/1006 909/909/909 1007/1007/1007
f 909/909/909 910/910/910 1007/1007/1007
f 1007/1007/1007 910/910/910 1008/1008/1008
f 910/910/910 911/911/911 1008/1008/1008
f 1008/1008/1008 911/911/911 1009/1009/1009
f 911/911/911 912/912/912 1009/1009/1009
f 1009/1009/1009 912/912/912 1010/1010/1010
f 912/912/912 913/913/913 1010/1010/1010
f 1010/1010/1010 913/913/913 1011/1011/1011
f 913/913/913 914/914/914 1011/1011/1011
f 1011/1011/1011 914/914/914 1012/1012/1012
f 914/914/914 915/915/915 1012/1012/1012
f 1012/1012/1012 915/915/915 1013/1013/1013
f 915/915/915 916/916/916 1013/1013/1013
f 1013/1013/1013 916/916/916 1014/1014/1014
f 916/916/916 917/917/917 1014/1014/1014
f 1014/1014/1014 917/917/917 1015/1015/1015
f 917/917/917 918/918/918 1015/1015/1015
f 1015/1015/1015 918/918/918 1016/1016/1016
f 918/918/918 919/919/919 1016/1016/1016
f 1016/1016/1016 919/919/919 1017/1017/1017
f 919/919/919 920/920/920 1017/1017/1017
f 1017/1017/1017 920/920/920 1018/1018/1018
f 920/920/920 921/921/921 1018/1018/1018
f 1018/1018/1018 921/921/921 1019/1019/1019
f 921/921/921 922/922/922 1019/1019/1019
f 1019/1019/1019 922/922/922 1020/1020/1020
f 922/922/922 923/923/923 1020/1020/1020
f 1020/1020/1020 923/923/923 1021/1021/1021
f 923/923/923 924/924/924 1021/1021/1021
f 1021/1021/1021 924/924/924 1022/1022/1022
f 924/924/924 925/925/925 1022/1022/1022
f 1022/1022/1022 925/925/925 1023/1023/1023
f 925/925/925 926/926/926 1023/1023/1023
f 1023/1023/1023 926/926/926 1024/1024/1024
f 926/926/926 927/927/927 1024/1024/1024
f 1024/1024/1024 927/927/927 1025/1025/1025
f 927/927/927 928/928/928 1025/1025/1025
f 1025/1025/1025 928/928/928 1026/1026/1026
f 928/928/928 929/929/929 1026/1026/1026
f 1026/1026/1026 929/929/929 1027/1027/1027
f 929/929/929 930/930/930 1027/1027/1027
f 1027/1027/1027 930/930/930 1028/1028/1028
f 930/930/930 931/931/931 1028/1028/1028
f 1028/1028/1028 931/931/931 1029/1029/1029
f 931/931/931 932/932/932 1029/1029/1029
f 1029/1029/1029 932/932/932 1030/1030/1030
f 932/932/932 933/933/933 1030/1030/1030
f 1030/1030/1030 933/933/933 1031/1031/1031
f 933/933/933 934/934/934 1031/1031/1031
f 1031/1031/1031 934/934/934 1032/1032/1032
f 934/934/934 935/935/935 1032/1032/1032
f 1032/1032/1032 935/935/935 1033/1033/1033
f 935/935/935 936/936/936 1033/1033/1033
f 1033/1033/1033 936/936/936 1034/1034/1034
f 936/936/936 937/937/937 1034/1034/1034
f 1034/1034/1034 937/937/937 1035/1035/1035
f 937/937/937 938/938/938 1035/1035/1035
f 1035/1035/1035 938/938/938 1036/1036/1036
f 938/938/938 939/939/939 1036/1036/1036
f 1036/1036/1036 939/939/939 1037/1037/1037
f 939/939/939 940/940/940 1037/1037/1037
f 1037/1037/1037 940/940/940 1038/1038/1038
f 940/940/940 941/941/941 1038/1038/1038
f 1038/1038/1038 941/941/941 1039/1039/1039
f 941/941/941 942/942/942 1039/1039/1039
f 1039/1039/1039 942/942/942 1040/1040/1040
f 942/942/942 943/943/943 1040/1040/1040
f 1040/1040/1040 943/943/943 1041/1041/1041
f 943/943/943 944/944/944 1041/1041/1041
f 1041/1041/1041 944/944/944 1042/1042/1042
f 944/944/944 945/945/945 1042/1042/1042
f 1042/1042/1042 945/945/945 1043/1043/1043
f 945/945/945 946/946/946 1043/1043/1043
f 1043/1043/1043 946/946/946 1044/1044/1044
f 946/946/946 947/947/947 1044/1044/1044
f 1044/1044/1044 947/947/947 1045/1045/1045
f 947/947/947 948/948/948 1045/1045/1045
f 1045/1045/1045 948/948/948 1046/1046/1046
f 948/948/948 949/949/949 1046/1046/1046
f 1046/1046/1046 949/949/949 1047/1047/1047
f 949/949/949 950/950/950 1047/1047/1047
f 1047/1047/1047 950/950/950 1048/1048/1048
f 950/950/950 951/951/951 1048/1048/1048
f 1048/1048/1048 951/951/951 1049/1049/1049
f 951/951/951 952/952/952 1049/1049/1049
f 1049/1049/1049 952/952/952 1050/1050/1050
f 952/952/952 953/953/953 1050/1050/1050
f 1050/1050/1050 953/953/953 1051/1051/1051
f 953/953/953 954/954/954 1051/1051/1051
f 1051/1051/1051 954/954/954 1052/1052/1052
f 954/954/954 955/955/955 1052/1052/1052
f 1052/1052/1052 955/955/955 1053/1053/1053
f 955/955/955 956/956/956 1053/1053/1053
f 1053/1053/1053 956/956/956 1054/1054/1054
f 956/956/956 957/957/957 1054/1054/1054
f 1054/1054/1054 957/957/957 1055/1055/1055
f 957/957/957 958/958/958 1055/1055/1055
f 1055/1055/1055 958/958/958 1056/1056/1056
f 958/958/958 959/959/959 1056/1056/1056
f 1056/1056/1056 959/959/959 1057/1057/1057
f 959/959/959 960/960/960 1057/1057/1057
f 1057/1057/1057 960/960/960 1058/1058/1058
f 960/960/960 961/961/961 1058/1058/1058
f 1058/1058/1058 961/961/961 1059/1059/1059
f 961/961/961 962/962/962 1059/1059/1059
f 1059/1059/1059 962/962/962 1060/1060/1060
f 962/962/962 963/963/963 1060/1060/1060
f 1060/1060/1060 963/963/963 1061/1061/1061
f 963/963/963 964/964/964 1061/1061/1061
f 1061/1061/1061 964/964/964 1062/1062/1062
f 964/964/964 965/965/965 1062/1062/1062
f 1062/1062/1062 965/965/965 1063/1063/1063
f 965/965/965 966/966/966 1063/1063/1063
f 1063/1063/1063 966/966/966 1064/1064/1064
f 966/966/966 967/967/967 1064/1064/1064
f 1064/1064/1064 967/967/967 1065/1065/1065
f 967/967/967 968/968/968 1065/1065/1065
f 1065/1065/1065 968/968/968 1066/1066/1066
f 968/968/968 969/969/969 1066/1066/1066
f 1066/1066/1066 969/969/969 1067/1067/1067
f 969/969/969 970/970/970 1067/1067/1067
f 1068/1068/1068 971/971/971 1069/1069/1069
f 971/971/971 972/972/972 1069/1069/1069
f 1069/1069/1069 972/972/972 1070/1070/1070
f 972/972/972 973/973/973 1070/1070/1070
f 1070/1070/1070 973/973/973 1071/1071/1071
f 973/973/973 974/974/974 1071/1071/1071
f 1071/1071/1071 974/974/974 1072/1072/1072
f 974/974/974 975/975/975 1072/1072/1072
f 1072/1072/1072 975/975/975 1073/1073/1073
f 975/975/975 976/976/976 1073/1073/1073
f 1073/1073/1073 976/976/976 1074/1074/1074
f 976/976/976 977/977/977 1074/1074/1074
f 1074/1074/1074 977/977/977 1075/1075/1075
f 977/977/977 978/978/978 1075/1075/1075
f 1075/1075/1075 978/978/978 1076/1076/1076
f 978/978/978 979/979/979 1076/1076/1076
f 1076/1076/1076 979/979/979 1077/1077/1077
f 979/979/979 980/980/980 1077/1077/1077
f 1077/1077/1077 980/980/980 1078/1078/1078
f 980/980/980 981/981/981 1078/1078/1078
f 1078/1078/1078 981/981/981 1079/1079/1079
f 981/981/981 982/982/982 1079/1079/1079
f 1079/1079/1079 982/982/982 1080/1080/1080
f 982/982/982 983/983/983 1080/1080/1080
f 1080/1080/1080 983/983/983 1081/1081/1081
f 983/983/983 984/984/984 1081/1081/1081
f 1081/1081/1081 984/984/984 1082/1082/1082
f 984/984/984 985/985/985 1082/1082/1082
f 1082/1082/1082 985/985/985 1083/1083/1083
f 985/985/985 986/986/986 1083/1083/1083
f 1083/1083/1083 986/986/986 1084/1084/1084
f 986/986/986 987/987/987 1084/1084/1084
f 1084/1084/1084 987/987/987 1085/1085/1085
f 987/987/987 988/988/988 1085/1085/1085
f 1085/1085/1085 988/988/988 1086/1086/1086
f 988/988/988 989/989/989 1086/1086/1086
f 1086/1086/1086 989/989/989 1087/1087/1087
f 989/989/989 990/990/990 1087/1087/1087
f 1087/1087/1087 990/990/990 1088/1088/1088
f 990/990/990 991/991/991 1088/1088/1088
f 1088/1088/1088 991/991/991 1089/1089/1089
f 991/991/991 992/992/992 1089/1089/1089
f 1089/1089/1089 992/992/992 1090/1090/1090
f 992/992/992 993/993/993 1090/1090/1090
f 1090/1090/1090 993/993/993 1091/1091/1091
f 993/993/993 994/994/994 1091/1091/1091
f 1091/1091/1091 994/994/994 1092/1092/1092
f 994/994/994 995/995/995 1092/1092/1092
f 1092/1092/1092 995/995/995 1093/1093/1093
f 995/995/995 996/996/996 1093/1093/1093
f 1093/1093/1093 996/996/996 1094/1094/1094
f 996/996/996 997/997/997 1094/1094/1094
f 1094/1094/1094 997/997/997 1095/1095/1095
f 997/997/997 998/998/998 1095/1095/1095
f 1095/1095/1095 998/998/998 1096/1096/1096
f 998/998/998 999/999/999 1096/1096/1096
f 1096/1096/1096 999/999/999 1097/1097/1097
f 999/999/999 1000/1000/1000 1097/1097/1097
f 1097/1097/1097 1000/1000/1000 1098/1098/1098
f 1000/1000/1000 1001/1001/1001 1098/1098/1098
f 1098/1098/1098 1001/1001/1001 1099/1099/1099
f 1001/1001/1001 1002/1002/1002 1099/1099/1099
f 1099/1099/1099 1002/1002/1002 1100/1100/1100
f 1002/1002/1002 1003/1003/1003 1100/1100/1100
f 1100/1100/1100 1003/1003/1003 1101/1101/1101
f 1003/1003/1003 1004/1004/1004 1101/1101/1101
f 1101/1101/1101 1004/1004/1004 1102/1102/1102
f 1004/1004/1004 1005/1005/1005 1102/1102/1102
f 1102/1102/1102 1005/1005/1005 1103/1103/1103
f 1005/1005/1005 1006/1006/1006 1103/1103/1103
f 1103/1103/1103 1006/1006/1006 1104/1104/1104
f 1006/1006/1006 1007/1007/1007 1104/1104/1104
f 1104/1104/1104 1007/1007/1007 1105/1105/1105
f 1007/1007/1007 1008/1008/1008 1105/1105/1105
f 1105/1105/1105 1008/1008/1008 1106/1106/1106
f 1008/1008/1008 1009/1009/1009 1106/1106/1106
f 1106/1106/1106 1009/1009/1009 1107/1107/1107
f 1009/1009/1009 1010/1010/1010 1107/1107/1107
f 1107/1107/1107 1010/1010/1010 1108/1108/1108
f 1010/1010/1010 1011/1011/1011 1108/1108/1108
f 1108/1108/1108 1011/1011/1011 1109/1109/1109
f 1011/1011/1011 1012/1012/1012 1109/1109/1109
f 1109/1109/1109 1012/1012/1012 1110/1110/1110
f 1012/1012/1012 1013/1013/1013 1110/1110/1110
f 1110/1110/1110 1013/1013/1013 1111/1111/1111
f 1013/1013/1013 1014/1014/1014 1111/1111/1111
f 1111/1111/1111 1014/1014/1014 1112/1112/1112
f 1014/1014/1014 1015/1015/1015 1112/1112/1112
f 1112/1112/1112 1015/1015/1015 1113/1113/1113
f 1015/1015/1015 1016/1016/1016 1113/1113/1113
f 1113/1113/1113 1016/1016/1016 1114/1114/1114
f 1016/1016/1016 1017/1017/1017 1114/1114/1114
f 1114/1114/1114 1017/1017/1017 1115/1115/1115
f 1017/1017/1017 1018/1018/1018 1115/1115/1115
f 1115/1115/1115 1018/1018/1018 1116/1116/1116
f 1018/1018/1018 1019/1019/1019 1116/1116/1116
f 1116/1116/1116 1019/1019/1019 1117/1117/1117
f 1019/1019/1019 1020/1020/1020 1117/1117/1117
f 1117/1117/1117 1020/1020/1020 1118/1118/1118
f 1020/1020/1020 1021/1021/1021 1118/1118/1118
f 1118/1118/1118 1021/1021/1021 1119/1119/1119
f 1021/1021/1021 1022/1022/1022 1119/1119/1119
f 1119/1119/1119 1022/1022/1022 1120/1120/1120
f 1022/1022/1022 1023/1023/1023 1120/1120/1120
f 1120/1120/1120 1023/1023/1023 1121/1121/1121
f 1023/1023/1023 1024/1024/1024 1121/1121/1121
f 1121/1121/1121 1024/1024/1024 1122/1122/1122
f 1024/1024/1024 1025/1025/1025 1122/1122/1122
f 1122/1122/1122 1025/1025/1025 1123/1123/1123
f 1025/1025/1025 1026/1026/1026 1123/1123/1123
f 1123/1123/1123 1026/1026/1026 1124/1124/1124
f 1026/1026/1026 1027/1027/1027 1124/1124/1124
f 1124/1124/1124 1027/1027/1027 1125/1125/1125
f 1027/1027/1027 1028/1028/1028 1125/1125/1125
f 1125/1125/1125 1028/1028/1028 1126/1126/1126
f 1028/1028/1028 1029/1029/1029 1126/1126/1126
f 1126/1126/1126 1029/1029/1029 1127/1127/1127
f 1029/1029/1029 1030/1030/1030 1127/1127/1127
f 1127/1127/1127 1030/1030/1030 1128/1128/1128
f 1030/1030/1030 1031/1031/1031 1128/1128/1128
f 1128/1128/1128 1031/1031/1031 1129/1129/1129
f 1031/1031/1031 1032/1032/1032 1129/1129/1129
f 1129/1129/1129 1032/1032/1032 1130/1130/1130
f 1032/1032/1032 1033/1033/1033 1130/1130/1130
f 1130/1130/1130 1033/1033/1033 1131/1131/1131
f 1033/1033/1033 1034/1034/1034 1131/1131/1131
f 1131/1131/1131 1034/1034/1034 1132/1132/1132
f 1034/1034/1034 1035/1035/1035 1132/1132/1132
f 1132/1132/1132 1035/1035/1035 1133/1133/1133
f 1035/1035/1035 1036/1036/1036 1133/1133/1133
f 1133/1133/1133 1036/1036/1036 1134/1134/1134
f 1036/1036/1036 1037/1037/1037 1134/1134/1134
f 1134/1134/1134 1037/1037/1037 1135/1135/1135
f 1037/1037/1037 1038/1038/1038 1135/1135/1135
f 1135/1135/1135 1038/1038/1038 1136/1136/1136
f 1038/1038/1038 1039/1039/1039 1136/1136/1136
f 1136/1136/1136 1039/1039/1039 1137/1137/1137
f 1039/1039/1039 1040/1040/1040 1137/1137/1137
f 1137/1137/1137 1040/1040/1040 1138/1138/1138
f 1040/1040/1040 1041/1041/1041 1138/1138/1138
f 1138/1138/1138 1041/1041/1041 1139/1139/1139
f 1041/1041/1041 1042/1042/1042 1139/1139/1139
f 1139/1139/1139 1042/1042/1042 1140/1140/1140
f 1042/1042/1042 1043/1043/1043 1140/1140/1140
f 1140/1140/1140 1043/1043/1043 1141/1141/1141
f 1043/1043/1043 1044/1044/1044 1141/1141/1141
f 1141/1141/1141 1044/1044/1044 1142/1142/1142
f 1044/1044/1044 1045/1045/1045 1142/1142/1142
f 1142/1142/1142 1045/1045/1045 1143/1143/1143
f 1045/1045/1045 1046/1046/1046 1143/1143/1143
f 1143/1143/1143 1046/1046/1046 1144/1144/1144
f 1046/1046/1046 1047/1047/1047 1144/1144/1144
f 1144/1144/1144 1047/1047/1047 1145/1145/1145
f 1047/1047/1047 1048/1048/1048 1145/1145/1145
f 1145/1145/1145 1048/1048/1048 1146/1146/1146
f 1048/1048/1048 1049/1049/1049 1146/1146/1146
f 1146/1146/1146 1049/1049/1049 1147/1147/1147
f 1049/1049/1049 1050/1050/1050 1147/1147/1147
f 1147/1147/1147 1050/1050/1050 1148/1148/1148
f 1050/1050/1050 1051/1051/1051 1148/1148/1148
f 1148/1148/1148 1051/1051/1051 1149/1149/1149
f 1051/1051/1051 1052/1052/1052 1149/1149/1149
f 1149/1149/1149 1052/1052/1052 1150/1150/1150
f 1052/1052/1052 1053/1053/1053 1150/1150/1150
f 1150/1150/1150 1053/1053/1053 1151/1151/1151
f 1053/1053/1053 1054/1054/1054 1151/1151/1151
f 1151/1151/1151 1054/1054/1054 1152/1152/1152
f 1054/1054/1054 1055/1055/1055 1152/1152/1152
f 1152/1152/1152 1055/1055/1055 1153/1153/1153
f 1055/1055/1055 1056/1056/1056 1153/1153/1153
f 1153/1153/1153 1056/1056/1056 1154/1154/1154
f 1056/1056/1056 1057/1057/1057 1154/1154/1154
f 1154/1154/1154 1057/1057/1057 1155/1155/1155
f 1057/1057/1057 1058/1058/1058 1155/1155/1155
f 1155/1155/1155 1058/1058/1058 1156/1156/1156
f 1058/1058/1058 1059/1059/1059 1156/1156/1156
f 1156/1156/1156 1059/1059/1059 1157/1157/1157
f 1059/1059/1059 1060/1060/1060 1157/1157/1157
f 1157/1157/1157 1060/1060/1060 1158/1158/1158
f 1060/1060/1060 1061/1061/1061 1158/1158/1158
f 1158/1158/1158 1061/1061/1061 1159/1159/1159
f 1061/1061/1061 1062/1062/1062 1159/1159/1159
f 1159/1159/1159 1062/1062/1062 1160/1160/1160
f 1062/1062/1062 1063/1063/1063 1160/1160/1160
f 1160/1160/1160 1063/1063/1063 1161/1161/1161
f 1063/1063/1063 1064/1064/1064 1161/1161/1161
f 1161/1161/1161 1064/1064/1064 1162/1162/1162
f 1064/1064/1064 1065/1065/1065 1162/1162/1162
f 1162/1162/1162 1065/1065/1065 1163/1163/1163
f 1065/1065/1065 1066/1066/1066 1163/1163/1163
f 1163/1163/1163 1066/1066/1066 1164/1164/1164
f 1066/1066/1066 1067/1067/1067 1164/1164/1164
f 1165/1165/1165 1068/1068/1068 1166/1166/1166
f 1068/1068/1068 1069/1069/1069 1166/1166/1166
f 1166/1166/1166 1069/1069/1069 1167/1167/1167
f 1069/1069/1069 1070/1070/1070 1167/1167/1167
f 1167/1167/1167 1070/1070/1070 1168/1168/1168
f 1070/1070/1070 1071/1071/1071 1168/1168/1168
f 1168/1168/1168 1071/1071/1071 1169/1169/1169
f 1071/1071/1071 1072/1072/1072 1169/1169/1169
f 1169/1169/1169 1072/1072/1072 1170/1170/1170
f 1072/1072/1072 1073/1073/1073 1170/1170/1170
f 1170/1170/1170 1073/1073/1073 1171/1171/1171
f 1073/1073/1073 1074/1074/1074 1171/1171/1171
f 1171/1171/1171 1074/1074/1074 1172/1172/1172
f 1074/1074/1074 1075/1075/1075 1172/1172/1172
f 1172/1172/1172 1075/1075/1075 1173/1173/1173
f 1075/1075/1075 1076/1076/1076 1173/1173/1173
f 1173/1173/1173 1076/1076/1076 1174/1174/1174
f 1076/1076/1076 1077/1077/1077 1174/1174/1174
f 1174/1174/1174 1077/1077/1077 1175/1175/1175
f 1077/1077/1077 1078/1078/1078 1175/1175/1175
f 1175/1175/1175 1078/1078/1078 1176/1176/1176
f 1078/1078/1078 1079/1079/1079 1176/1176/1176
f 1176/1176/1176 1079/1079/1079 1177/1177/1177
f 1079/1079/1079 1080/1080/1080 1177/1177/1177
f 1177/1177/1177 1080/1080/1080 1178/1178/1178
f 1080/1080/1080 1081/1081/1081 1178/1178/1178
f 1178/1178/1178 1081/1081/1081 1179/1179/1179
f 1081/1081/1081 1082/1082/1082 1179/1179/1179
f 1179/1179/1179 1082/1082/1082 1180/1180/1180
f 1082/1082/1082 1083/1083/1083 1180/1180/1180
f 1180/1180/1180 1083/1083/1083 1181/1181/1181
f 1083/1083/1083 1084/1084/1084 1181/1181/1181
f 1181/1181/1181 1084/1084/1084 1182/1182/1182
f 1084/1084/1084 1085/1085/1085 1182/1182/1182
f 1182/1182/1182 1085/1085/1085 1183/1183/1183
f 1085/1085/1085 1086/1086/1086 1183/1183/1183
f 1183/1183/1183 1086/1086/1086 1184/1184/1184
f 1086/1086/1086 1087/1087/1087 1184/1184/1184
f 1184/1184/1184 1087/1087/1087 1185/1185/1185
f 1087/1087/1087 1088/1088/1088 1185/1185/1185
f 1185/1185/1185 1088/1088/1088 1186/1186/1186
f 1088/1088/1088 1089/1089/1089 1186/1186/1186
f 1186/1186/1186 1089/1089/1089 1187/1187/1187
f 1089/1089/1089 1090/1090/1090 1187/1187/1187
f 1187/1187/1187 1090/1090/1090 1188/1188/1188
f 1090/1090/1090 1091/1091/1091 1188/1188/1188
f 1188/1188/1188 1091/1091/1091 1189/1189/1189
f 1091/1091/1091 1092/1092/1092 1189/1189/1189
f 1189/1189/1189 1092/1092/1092 1190/1190/1190
f 1092/1092/1092 1093/1093/1093 1190/1190/1190
f 1190/1190/1190 1093/1093/1093 1191/1191/1191
f 1093/1093/1093 1094/1094/1094 1191/1191/1191
f 1191/1191/1191 1094/1094/1094 1192/1192/1192
f 1094/1094/1094 1095/1095/1095 1192/1192/1192
f 1192/1192/1192 1095/1095/1095 1193/1193/1193
f 1095/1095/1095 1096/1096/1096 1193/1193/1193
f 1193/1193/1193 1096/1096/1096 1194/1194/1194
f 1096/1096/1096 1097/1097/1097 1194/1194/1194
f 1194/1194/1194 1097/1097/1097 1195/1195/1195
f 1097/1097/1097 1098/1098/1098 1195/1195/1195
f 1195/1195/1195 1098/1098/1098 1196/1196/1196
f 1098/1098/1098 1099/1099/1099 1196/1196/1196
f 1196/1196/1196 1099/1099/1099 1197/1197/1197
f 1099/1099/1099 1100/1100/1100 1197/1197/1197
f 1197/1197/1197 1100/1100/1100 1198/1198/1198
f 1100/1100/1100 1101/1101/1101 1198/1198/1198
f 1198/1198/1198 1101/1101/1101 1199/1199/1199
f 1101/1101/1101 1102/1102/1102 1199/1199/1199
f 1199/1199/1199 1102/1102/1102 1200/1200/1200
f 1102/1102/1102 1103/1103/1103 1200/1200/1200
f 1200/1200/1200 1103/1103/1103 1201/1201/1201
f 1103/1103/1103 1104/1104/1104 1201/1201/1201
f 1201/1201/1201 1104/1104/1104 1202/1202/1202
f 1104/1104/1104 1105/1105/1105 1202/1202/1202
f 1202/1202/1202 1105/1105/1105 1203/1203/1203
f 1105/1105/1105 1106/1106/1106 1203/1203/1203
f 1203/1203/1203 1106/1106/1106 1204/1204/1204
f 1106/1106/1106 1107/1107/1107 1204/1204/1204
f 1204/1204/1204 1107/1107/1107 1205/1205/1205
f 1107/1107/1107 1108/1108/1108 1205/1205/1205
f 1205/1205/1205 1108/1108/1108 1206/1206/1206
f 1108/1108/1108 1109/1109/1109 1206/1206/1206
f 1206/1206/1206 1109/1109/1109 1207/1207/1207
f 1109/1109/1109 1110/1110/1110 1207/1207/1207
f 1207/1207/1207 1110/1110/1110 1208/1208/1208
f 1110/1110/1110 1111/1111/1111 1208/1208/1208
f 1208/1208/1208 1111/1111/1111 1209/1209/1209
f 1111/1111/1111 1112/1112/1112 1209/1209/1209
f 1209/1209/1209 1112/1112/1112 1210/1210/1210
f 1112/1112/1112 1113/1113/1113 1210/1210/1210
f 1210/1210/1210 1113/1113/1113 1211/1211/1211
f 1113/1113/1113 1114/1114/1114 1211/1211/1211
f 1211/1211/1211 1114/1114/1114 1212/1212/1212
f 1114/1114/1114 1115/1115/1115 1212/1212/1212
f 1212/1212/1212 1115/1115/1115 1213/1213/1213
f 1115/1115/1115 1116/1116/1116 1213/1213/1213
f 1213/1213/1213 1116/1116/1116 1214/1214/1214
f 1116/1116/1116 1117/1117/1117 1214/1214/1214
f 1214/1214/1214 1117/1117/1117 1215/1215/1215
f 1117/1117/1117 1118/1118/1118 1215/1215/1215
f 1215/1215/1215 1118/1118/1118 1216/1216/1216
f 1118/1118/1118 1119/1119/1119 1216/1216/1216
f 1216/1216/1216 1119/1119/1119 1217/1217/1217
f 1119/1119/1119 1120/1120/1120 1217/1217/1217
f 1217/1217/1217 1120/1120/1120 1218/1218/1218
f 1120/1120/1120 1121/1121/1121 1218/1218/1218
f 1218/1218/1218 1121/1121/1121 1219/1219/1219
f 1121/1121/1121 1122/1122/1122 1219/1219/1219
f 1219/1219/1219 1122/1122/1122 1220/1220/1220
f 1122/1122/1122 1123/1123/1123 1220/1220/1220
f 1220/1220/1220 1123/1123/1123 1221/1221/1221
f 1123/1123/1123 1124/1124/1124 1221/1221/1221
f 1221/1221/1221 1124/1124/1124 1222/1222/1222
f 1124/1124/1124 1125/1125/1125 1222/1222/1222
f 1222/1222/1222 1125/1125/1125 1223/1223/1223
f 1125/1125/1125 1126/1126/1126 1223/1223/1223
f 1223/1223/1223 1126/1126/1126 1224/1224/1224
f 1126/1126/1126 1127/1127/1127 1224/1224/1224
f 1224/1224/1224 1127/1127/1127 1225/1225/1225
f 1127/1127/1127 1128/1128/1128 1225/1225/1225
f 1225/1225/1225 1128/1128/1128 1226/1226/1226
f 1128/1128/1128 1129/1129/1129 1226/1226/1226
f 1226/1226/1226 1129/1129/1129 1227/1227/1227
f 1129/1129/1129 1130/1130/1130 1227/1227/1227
f 1227/1227/1227 1130/1130/1130 1228/1228/1228
f 1130/1130/1130 1131/1131/1131 1228/1228/1228
f 1228/1228/1228 1131/1131/1131 1229/1229/1229
f 1131/1131/1131 1132/1132/1132 1229/1229/1229
f 1229/1229/1229 1132/1132/1132 1230/1230/1230
f 1132/1132/1132 1133/1133/1133 1230/1230/1230
f 1230/1230/1230 1133/1133/1133 1231/1231/1231
f 1133/1133/1133 1134/1134/1134 1231/1231/1231
f 1231/1231/1231 1134/1134/1134 1232/1232/1232
f 1134/1134/1134 1135/1135/1135 1232/1232/1232
f 1232/1232/1232 1135/1135/1135 1233/1233/1233
f 1135/1135/1135 1136/1136/1136 1233/1233/1233
f 1233/1233/1233 1136/1136/1136 1234/1234/1234
f 1136/1136/1136 1137/1137/1137 1234/1234/1234
f 1234/1234/1234 1137/1137/1137 1235/1235/1235
f 1137/1137/1137 1138/1138/1138 1235/1235/1235
f 1235/1235/1235 1138/1138/1138 1236/1236/1236
f 1138/1138/1138 1139/1139/1139 1236/1236/1236
f 1236/1236/1236 1139/1139/1139 1237/1237/1237
f 1139/1139/1139 1140/1140/1140 1237/1237/1237
f 1237/1237/1237 1140/1140/1140 1238/1238/1238
f 1140/1140/1140 1141/1141/1141 1238/1238/1238
f 1238/1238/1238 1141/1141/1141 1239/1239/1239
f 1141/1141/1141 1142/1142/1142 1239/1239/1239
f 1239/1239/1239 1142/1142/1142 1240/1240/1240
f 1142/1142/1142 1143/1143/1143 1240/1240/1240
f 1240/1240/1240 1143/1143/1143 1241/1241/1241
f 1143/1143/1143 1144/1144/1144 1241/1241/1241
f 1241/1241/1241 1144/1144/1144 1242/1242/1242
f 1144/1144/1144 1145/1145/1145 1242/1242/1242
f 1242/1242/1242 1145/1145/1145 1243/1243/1243
f 1145/1145/1145 1146/1146/1146 1243/1243/1243
f 1243/1243/1243 1146/1146/1146 1244/1244/1244
f 1146/1146/1146 1147/1147/1147 1244/1244/1244
f 1244/1244/1244 1147/1147/1147 1245/1245/1245
f 1147/1147/1147 1148/1148/1148 1245/1245/1245
f 1245/1245/1245 1148/1148/1148 1246/1246/1246
f 1148/1148/1148 1149/1149/1149 1246/1246/1246
f 1246/1246/1246 1149/1149/1149 1247/1247/1247
f 1149/1149/1149 1150/1150/1150 1247/1247/1247
f 1247/1247/1247 1150/1150/1150 1248/1248/1248
f 1150/1150/1150 1151/1151/1151 1248/1248/1248
f 1248/1248/1248 1151/1151/1151 1249/1249/1249
f 1151/1151/1151 1152/1152/1152 1249/1249/1249
f 1249/1249/1249 1152/1152/1152 1250/1250/1250
f 1152/1152/1152 1153/1153/1153 1250/1250/1250
f 1250/1250/1250 1153/1153/1153 1251/1251/1251
f 1153/1153/1153 1154/1154/1154 1251/1251/1251
f 1251/1251/1251 1154/1154/1154 1252/1252/1252
f 1154/1154/1154 1155/1155/1155 1252/1252/1252
f 1252/1252/1252 1155/1155/1155 1253/1253/1253
f 1155/1155/1155 1156/1156/1156 1253/1253/1253
f 1253/1253/1253 1156/1156/1156 1254/1254/1254
f 1156/1156/1156 1157/1157/1157 1254/1254/1254
f 1254/1254/1254 1157/1157/1157 1255/1255/1255
f 1157/1157/1157 1158/1158/1158 1255/1255/1255
f 1255/1255/1255 1158/1158/1158 1256/1256/1256
f 1158/1158/1158 1159/1159/1159 1256/1256/1256
f 1256/1256/1256 1159/1159/1159 1257/1257/1257
f 1159/1159/1159 1160/1160/1160 1257/1257/1257
f 1257/1257/1257 1160/1160/1160 1258/1258/1258
f 1160/1160/1160 1161/1161/1161 1258/1258/1258
f 1258/1258/1258 1161/1161/1161 1259/1259/1259
f 1161/1161/1161 1162/1162/1162 1259/1259/1259
f 1259/1259/1259 1162/1162/1162 1260/1260/1260
f 1162/1162/1162 1163/1163/1163 1260/1260/1260
f 1260/1260/1260 1163/1163/1163 1261/1261/1261
f 1163/1163/1163 1164/1164/1164 1261/1261/1261
f 1262/1262/1262 1165/1165/1165 1263/1263/1263
f 1165/1165/1165 1166/1166/1166 1263/1263/1263
f 1263/1263/1263 1166/1166/1166 1264/1264/1264
f 1166/1166/1166 1167/1167/1167 1264/1264/1264
f 1264/1264/1264 1167/1167/1167 1265/1265/1265
f 1167/1167/1167 1168/1168/1168 1265/1265/1265
f 1265/1265/1265 1168/1168/1168 1266/1266/1266
f 1168/1168/1168 1169/1169/1169 1266/1266/1266
f 1266/1266/1266 1169/1169/1169 1267/1267/1267
f 1169/1169/1169 1170/1170/1170 1267/1267/1267
f 1267/1267/1267 1170/1170/1170 1268/1268/1268
f 1170/1170/1170 1171/1171/1171 1268/1268/1268
f 1268/1268/1268 1171/1171/1171 1269/1269/1269
f 1171/1171/1171 1172/1172/1172 1269/1269/1269
f 1269/1269/1269 1172/1172/1172 1270/1270/1270
f 1172/1172/1172 1173/1173/1173 1270/1270/1270
f 1270/1270/1270 1173/1173/1173 1271/1271/1271
f 1173/1173/1173 1174/1174/1174 1271/1271/1271
f 1271/1271/1271 1174/1174/1174 1272/1272/1272
f 1174/1174/1174 1175/1175/1175 1272/1272/1272
f 1272/1272/1272 1175/1175/1175 1273/1273/1273
f 1175/1175/1175 1176/1176/1176 1273/1273/1273
f 1273/1273/1273 1176/1176/1176 1274/1274/1274
f 1176/1176/1176 1177/1177/1177 1274/1274/1274
f 1274/1274/1274 1177/1177/1177 1275/1275/1275
f 1177/1177/1177 1178/1178/1178 1275/1275/1275
f 1275/1275/1275 1178/1178/1178 1276/1276/1276
f 1178/1178/1178 1179/1179/1179 1276/1276/1276
f 1276/1276/1276 1179/1179/1179 1277/1277/1277
f 1179/1179/1179 1180/1180/1180 1277/1277/1277
f 1277/1277/1277 1180/1180/1180 1278/1278/1278
f 1180/1180/1180 1181/1181/1181 1278/1278/1278
f 1278/1278/1278 1181/1181/1181 1279/1279/1279
f 1181/1181/1181 1182/1182/1182 1279/1279/1279
f 1279/1279/1279 1182/1182/1182 1280/1280/1280
f 1182/1182/1182 1183/1183/1183 1280/1280/1280
f 1280/1280/1280 1183/1183/1183 1281/1281/1281
f 1183/1183/1183 1184/1184/1184 1281/1281/1281
f 1281/1281/1281 1184/1184/1184 1282/1282/1282
f 1184/1184/1184 1185/1185/1185 1282/1282/1282
f 1282/1282/1282 1185/1185/1185 1283/1283/1283
f 1185/1185/1185 1186/1186/1186 1283/1283/1283
f 1283/1283/1283 1186/1186/1186 1284/1284/1284
f 1186/1186/1186 1187/1187/1187 1284/1284/1284
f 1284/1284/1284 1187/1187/1187 1285/1285/1285
f 1187/1187/1187 1188/1188/1188 1285/1285/1285
f 1285/1285/1285 1188/1188/1188 1286/1286/1286
f 1188/1188/1188 1189/1189/1189 1286/1286/1286
f 1286/1286/1286 1189/1189/1189 1287/1287/1287
f 1189/1189/1189 1190/1190/1190 1287/1287/1287
f 1287/1287/1287 1190/1190/1190 1288/1288/1288
f 1190/1190/1190 1191/1191/1191 1288/1288/1288
f 1288/1288/1288 1191/1191/1191 1289/1289/1289
f 1191/1191/1191 1192/1192/1192 1289/1289/1289
f 1289/1289/1289 1192/1192/1192 1290/1290/1290
f 1192/1192/1192 1193/1193/1193 1290/1290/1290
f 1290/1290/1290 1193/1193/1193 1291/1291/1291
f 1193/1193/1193 1194/1194/1194 1291/1291/1291
f 1291/1291/1291 1194/1194/1194 1292/1292/1292
f 1194/1194/1194 1195/1195/1195 1292/1292/1292
f 1292/1292/1292 1195/1195/1195 1293/1293/1293
f 1195/1195/1195 1196/1196/1196 1293/1293/1293
f 1293/1293/1293 1196/1196/1196 1294/1294/1294
f 1196/1196/1196 1197/1197/1197 1294/1294/1294
f 1294/1294/1294 1197/1197/1197 1295/1295/1295
f 1197/1197/1197 1198/1198/1198 1295/1295/1295
f 1295/1295/1295 1198/1198/1198 1296/1296/1296
f 1198/1198/1198 1199/1199/1199 1296/1296/1296
f 1296/1296/1296 1199/1199/1199 1297/1297/1297
f 1199/1199/1199 1200/1200/1200 1297/1297/1297
f 1297/1297/1297 1200/1200/1200 1298/1298/1298
f 1200/1200/1200 1201/1201/1201 1298/1298/1298
f 1298/1298/1298 1201/1201/1201 1299/1299/1299
f 1201/1201/1201 1202/1202/1202 1299/1299/1299
f 1299/1299/1299 1202/1202/1202 1300/1300/1300
f 1202/1202/1202 1203/1203/1203 1300/1300/1300
f 1300/1300/1300 1203/1203/1203 1301/1301/1301
f 1203/1203/1203 1204/1204/1204 1301/1301/1301
f 1301/1301/1301 1204/1204/1204 1302/1302/1302
f 1204/1204/1204 1205/1205/1205 1302/1302/1302
f 1302/1302/1302 1205/1205/1205 1303/1303/1303
f 1205/1205/1205 1206/1206/1206 1303/1303/1303
f 1303/1303/1303 1206/1206/1206 1304/1304/1304
f 1206/1206/1206 1207/1207/1207 1304/1304/1304
f 1304/1304/1304 1207/1207/1207 1305/1305/1305
f 1207/1207/1207 1208/1208/1208 1305/1305/1305
f 1305/1305/1305 1208/1208/1208 1306/1306/1306
f 1208/1208/1208 1209/1209/1209 1306/1306/1306
f 1306/1306/1306 1209/1209/1209 1307/1307/1307
f 1209/1209/1209 1210/1210/1210 1307/1307/1307
f 1307/1307/1307 1210/1210/1210 1308/1308/1308
f 1210/1210/1210 1211/1211/1211 1308/1308/1308
f 1308/1308/1308 1211/1211/1211 1309/1309/1309
f 1211/1211/1211 1212/1212/1212 1309/1309/1309
f 1309/1309/1309 1212/1212/1212 1310/1310/1310
f 1212/1212/1212 1213/1213/1213 1310/1310/1310
f 1310/1310/1310 1213/1213/1213 1311/1311/1311
f 1213/1213/1213 1214/1214/1214 1311/1311/1311
f 1311/1311/1311 1214/1214/1214 1312/1312/1312
f 1214/1214/1214 1215/1215/1215 1312/1312/1312
f 1312/1312/1312 1215/1215/1215 1313/1313/1313
f 1215/1215/1215 1216/1216/1216 1313/1313/1313
f 1313/1313/1313 1216/1216/1216 1314/1314/1314
f 1216/1216/1216 1217/1217/1217 1314/1314/1314
f 1314/1314/1314 1217/1217/1217 1315/1315/1315
f 1217/1217/1217 1218/1218/1218 1315/1315/1315
f 1315/1315/1315 1218/1218/1218 1316/1316/1316
f 1218/1218/1218 1219/1219/1219 1316/1316/1316
f 1316/1316/1316 1219/1219/1219 1317/1317/1317
f 1219/1219/1219 1220/1220/1220 1317/1317/1317
f 1317/1317/1317 1220/1220/1220 1318/1318/1318
f 1220/1220/1220 1221/1221/1221 1318/1318/1318
f 1318/1318/1318 1221/1221/1221 1319/1319/1319
f 1221/1221/1221 1222/1222/1222 1319/1319/1319
f 1319/1319/1319 1222/1222/1222 1320/1320/1320
f 1222/1222/1222 1223/1223/1223 1320/1320/1320
f 1320/1320/1320 1223/1223/1223 1321/1321/1321
f 1223/1223/1223 1224/1224/1224 1321/1321/1321
f 1321/1321/1321 1224/1224/1224 1322/1322/1322
f 1224/1224/1224 1225/1225/1225 1322/1322/1322
f 1322/1322/1322 1225/1225/1225 1323/1323/1323
f 1225/1225/1225 1226/1226/1226 1323/1323/1323
f 1323/1323/1323 1226/1226/1226 1324/1324/1324
f 1226/1226/1226 1227/1227/1227 1324/1324/1324
f 1324/1324/1324 1227/1227/1227 1325/1325/1325
f 1227/1227/1227 1228/1228/1228 1325/1325/1325
f 1325/1325/1325 1228/1228/1228 1326/1326/1326
f 1228/1228/1228 1229/1229/1229 1326/1326/1326
f 1326/1326/1326 1229/1229/1229 1327/1327/1327
f 1229/1229/1229 1230/1230/1230 1327/1327/1327
f 1327/1327/1327 1230/1230/1230 1328/1328/1328
f 1230/1230/1230 1231/1231/1231 1328/1328/1328
f 1328/1328/1328 1231/1231/1231 1329/1329/1329
f 1231/1231/1231 1232/1232/1232 1329/1329/1329
f 1329/1329/1329 1232/1232/1232 1330/1330/1330
f 1232/1232/1232 1233/1233/1233 1330/1330/1330
f 1330/1330/1330 1233/1233/1233 1331/1331/1331
f 1233/1233/1233 1234/1234/1234 1331/1331/1331
f 1331/1331/1331 1234/1234/1234 1332/1332/1332
f 1234/1234/1234 1235/1235/1235 1332/1332/1332
f 1332/1332/1332 1235/1235/1235 1333/1333/1333
f 1235/1235/1235 1236/1236/1236 1333/1333/1333
f 1333/1333/1333 1236/1236/1236 1334/1334/1334
f 1236/1236/1236 1237/1237/1237 1334/1334/1334
f 1334/1334/1334 1237/1237/1237 1335/1335/1335
f 1237/1237/1237 1238/1238/1238 1335/1335/1335
f 1335/1335/1335 1238/1238/1238 1336/1336/1336
f 1238/1238/1238 1239/1239/1239 1336/1336/1336
f 1336/1336/1336 1239/1239/1239 1337/1337/1337
f 1239/1239/1239 1240/1240/1240 1337/1337/1337
f 1337/1337/1337 1240/1240/1240 1338/1338/1338
f 1240/1240/1240 1241/1241/1241 1338/1338/1338
f 1338/1338/1338 1241/1241/1241 1339/1339/1339
f 1241/1241/1241 1242/1242/1242 1339/1339/1339
f 1339/1339/1339 1242/1242/1242 1340/1340/1340
f 1242/1242/1242 1243/1243/1243 1340/1340/1340
f 1340/1340/1340 1243/1243/1243 1341/1341/1341
f 1243/1243/1243 1244/1244/1244 1341/1341/1341
f 1341/1341/1341 1244/1244/1244 1342/1342/1342
f 1244/1244/1244 1245/1245/1245 1342/1342/1342
f 1342/1342/1342 1245/1245/1245 1343/1343/1343
f 1245/1245/1245 1246/1246/1246 1343/1343/1343
f 1343/1343/1343 1246/1246/1246 1344/1344/1344
f 1246/1246/1246 1247/1247/1247 1344/1344/1344
f 1344/1344/1344 1247/1247/1247 1345/1345/1345
f 1247/1247/1247 1248/1248/1248 1345/1345/1345
f 1345/1345/1345 1248/1248/1248 1346/1346/1346
f 1248/1248/1248 1249/1249/1249 1346/1346/1346
f 1346/1346/1346 1249/1249/1249 1347/1347/1347
f 1249/1249/1249 1250/1250/1250 1347/1347/1347
f 1347/1347/1347 1250/1250/1250 1348/1348/1348
f 1250/1250/1250 1251/1251/1251 1348/1348/1348
f 1348/1348/1348 1251/1251/1251 1349/1349/1349
f 1251/1251/1251 1252/1252/1252 1349/1349/1349
f 1349/1349/1349 1252/1252/1252 1350/1350/1350
f 1252/1252/1252 1253/1253/1253 1350/1350/1350
f 1350/1350/1350 1253/1253/1253 1351/1351/1351
f 1253/1253/1253 1254/1254/1254 1351/1351/1351
f 1351/1351/1351 1254/1254/1254 1352/1352/1352
f 1254/1254/1254 1255/1255/1255 1352/1352/1352
f 1352/1352/1352 1255/1255/1255 1353/1353/1353
f 1255/1255/1255 1256/1256/1256 1353/1353/1353
f 1353/1353/1353 1256/1256/1256 1354/1354/1354
f 1256/1256/1256 1257/1257/1257 1354/1354/1354
f 1354/1354/1354 1257/1257/1257 1355/1355/1355
f 1257/1257/1257 1258/1258/1258 1355/1355/1355
f 1355/1355/1355 1258/1258/1258 1356/1356/1356
f 1258/1258/1258 1259/1259/1259 1356/1356/1356
f 1356/1356/1356 1259/1259/1259 1357/1357/1357
f 1259/1259/1259 1260/1260/1260 1357/1357/1357
f 1357/1357/1357 1260/1260/1260 1358/1358/1358
f 1260/1260/1260 1261/1261/1261 1358/1358/1358
f 1359/1359/1359 1262/1262/1262 1360/1360/1360
f 1262/1262/1262 1263/1263/1263 1360/1360/1360
f 1360/1360/1360 1263/1263/1263 1361/1361/1361
f 1263/1263/1263 1264/1264/1264 1361/1361/1361
f 1361/1361/1361 1264/1264/1264 1362/1362/1362
f 1264/1264/1264 1265/1265/1265 1362/1362/1362
f 1362/1362/1362 1265/1265/1265 1363/1363/1363
f 1265/1265/1265 1266/1266/1266 1363/1363/1363
f 1363/1363/1363 1266/1266/1266 1364/1364/1364
f 1266/1266/1266 1267/1267/1267 1364/1364/1364
f 1364/1364/1364 1267/1267/1267 1365/1365/1365
f 1267/1267/1267 1268/1268/1268 1365/1365/1365
f 1365/1365/1365 1268/1268/1268 1366/1366/1366
f 1268/1268/1268 1269/1269/1269 1366/1366/1366
f 1366/1366/1366 1269/1269/1269 1367/1367/1367
f 1269/1269/1269 1270/1270/1270 1367/1367/1367
f 1367/1367/1367 1270/1270/1270 1368/1368/1368
f 1270/1270/1270 1271/1271/1271 1368/1368/1368
f 1368/1368/1368 1271/1271/1271 1369/1369/1369
f 1271/1271/1271 1272/1272/1272 1369/1369/1369
f 1369/1369/1369 1272/1272/1272 1370/1370/1370
f 1272/1272/1272 1273/1273/1273 1370/1370/1370
f 1370/1370/1370 1273/1273/1273 1371/1371/1371
f 1273/1273/1273 1274/1274/1274 1371/1371/1371
f 1371/1371/1371 1274/1274/1274 1372/1372/1372
f 1274/1274/1274 1275/1275/1275 1372/1372/1372
f 1372/1372/1372 1275/1275/1275 1373/1373/1373
f 1275/1275/1275 1276/1276/1276 1373/1373/1373
f 1373/1373/1373 1276/1276/1276 1374/1374/1374
f 1276/1276/1276 1277/1277/1277 1374/1374/1374
f 1374/1374/1374 1277/1277/1277 1375/1375/1375
f 1277/1277/1277 1278/1278/1278 1375/1375/1375
f 1375/1375/1375 1278/1278/1278 1376/1376/1376
f 1278/1278/1278 1279/1279/1279 1376/1376/1376
f 1376/1376/1376 1279/1279/1279 1377/1377/1377
f 1279/1279/1279 1280/1280/1280 1377/1377/1377
f 1377/1377/1377 1280/1280/1280 1378/1378/1378
f 1280/1280/1280 1281/1281/1281 1378/1378/1378
f 1378/1378/1378 1281/1281/1281 1379/1379/1379
f 1281/1281/1281 1282/1282/1282 1379/1379/1379
f 1379/1379/1379 1282/1282/1282 1380/1380/1380
f 1282/1282/1282 1283/1283/1283 1380/1380/1380
f 1380/1380/1380 1283/1283/1283 1381/1381/1381
f 1283/1283/1283 1284/1284/1284 1381/1381/1381
f 1381/1381/1381 1284/1284/1284 1382/1382/1382
f 1284/1284/1284 1285/1285/1285 1382/1382/1382
f 1382/1382/1382 1285/1285/1285 1383/1383/1383
f 1285/1285/1285 1286/1286/1286 1383/1383/1383
f 1383/1383/1383 1286/1286/1286 1384/1384/1384
f 1286/1286/1286 1287/1287/1287 1384/1384/1384
f 1384/1384/1384 1287/1287/1287 1385/1385/1385
f 1287/1287/1287 1288/1288/1288 1385/1385/1385
f 1385/1385/1385 1288/1288/1288 1386/1386/1386
f 1288/1288/1288 1289/1289/1289 1386/1386/1386
f 1386/1386/1386 1289/1289/1289 1387/1387/1387
f 1289/1289/1289 1290/1290/1290 1387/1387/1387
f 1387/1387/1387 1290/1290/1290 1388/1388/1388
f 1290/1290/1290 1291/1291/1291 1388/1388/1388
f 1388/1388/1388 1291/1291/1291 1389/1389/1389
f 1291/1291/1291 1292/1292/1292 1389/1389/1389
f 1389/1389/1389 1292/1292/1292 1390/1390/1390
f 1292/1292/1292 1293/1293/1293 1390/1390/1390
f 1390/1390/1390 1293/1293/1293 1391/1391/1391
f 1293/1293/1293 1294/1294/1294 1391/1391/1391
f 1391/1391/1391 1294/1294/1294 1392/1392/1392
f 1294/1294/1294 1295/1295/1295 1392/1392/1392
f 1392/1392/1392 1295/1295/1295 1393/1393/1393
f 1295/1295/1295 1296/1296/1296 1393/1393/1393
f 1393/1393/1393 1296/1296/1296 1394/1394/1394
f 1296/1296/1296 1297/1297/1297 1394/1394/1394
f 1394/1394/1394 1297/1297/1297 1395/1395/1395
f 1297/1297/1297 1298/1298/1298 1395/1395/1395
f 1395/1395/1395 1298/1298/1298 1396/1396/1396
f 1298/1298/1298 1299/1299/1299 1396/1396/1396
f 1396/1396/1396 1299/1299/1299 1397/1397/1397
f 1299/1299/1299 1300/1300/1300 1397/1397/1397
f 1397/1397/1397 1300/1300/1300 1398/1398/1398
f 1300/1300/1300 1301/1301/1301 1398/1398/1398
f 1398/1398/1398 1301/1301/1301 1399/1399/1399
f 1301/1301/1301 1302/1302/1302 1399/1399/1399
f 1399/1399/1399 1302/1302/1302 1400/1400/1400
f 1302/1302/1302 1303/1303/1303 1400/1400/1400
f 1400/1400/1400 1303/1303/1303 1401/1401/1401
f 1303/1303/1303 1304/1304/1304 1401/1401/1401
f 1401/1401/1401 1304/1304/1304 1402/1402/1402
f 1304/1304/1304 1305/1305/1305 1402/1402/1402
f 1402/1402/1402 1305/1305/1305 1403/1403/1403
f 1305/1305/1305 1306/1306/1306 1403/1403/1403
f 1403/1403/1403 1306/1306/1306 1404/1404/1404
f 1306/1306/1306 1307/1307/1307 1404/1404/1404
f 1404/1404/1404 1307/1307/1307 1405/1405/1405
f 1307/1307/1307 1308/1308/1308 1405/1405/1405
f 1405/1405/1405 1308/1308/1308 1406/1406/1406
f 1308/1308/1308 1309/1309/1309 1406/1406/1406
f 1406/1406/1406 1309/1309/1309 1407/1407/1407
f 1309/1309/1309 1310/1310/1310 1407/1407/1407
f 1407/1407/1407 1310/1310/1310 1408/1408/1408
f 1310/1310/1310 1311/1311/1311 1408/1408/1408
f 1408/1408/1408 1311/1311/1311 1409/1409/1409
f 1311/1311/1311 1312/1312/1312 1409/1409/1409
f 1409/1409/1409 1312/1312/1312 1410/1410/1410
f 1312/1312/1312 1313/1313/1313 1410/1410/1410
f 1410/1410/1410 1313/1313/1313 1411/1411/1411
f 1313/1313/1313 1314/1314/1314 1411/1411/1411
f 1411/1411/1411 1314/1314/1314 1412/1412/1412
f 1314/1314/1314 1315/1315/1315 1412/1412/1412
f 1412/1412/1412 1315/1315/1315 1413/1413/1413
f 1315/1315/1315 1316/1316/1316 1413/1413/1413
f 1413/1413/1413 1316/1316/1316 1414/1414/1414
f 1316/1316/1316 1317/1317/1317 1414/1414/1414
f 1414/1414/1414 1317/1317/1317 1415/1415/1415
f 1317/1317/1317 1318/1318/1318 1415/1415/1415
f 1415/1415/1415 1318/1318/1318 1416/1416/1416
f 1318/1318/1318 1319/1319/1319 1416/1416/1416
f 1416/1416/1416 1319/1319/1319 1417/1417/1417
f 1319/1319/1319 1320/1320/1320 1417/1417/1417
f 1417/1417/1417 1320/1320/1320 1418/1418/1418
f 1320/1320/1320 1321/1321/1321 1418/1418/1418
f 1418/1418/1418 1321/1321/1321 1419/1419/1419
f 1321/1321/1321 1322/1322/1322 1419/1419/1419
f 1419/1419/1419 1322/1322/1322 1420/1420/1420
f 1322/1322/1322 1323/1323/1323 1420/1420/1420
f 1420/1420/1420 1323/1323/1323 1421/1421/1421
f 1323/1323/1323 1324/1324/1324 1421/1421/1421
f 1421/1421/1421 1324/1324/1324 1422/1422/1422
f 1324/1324/1324 1325/1325/1325 1422/1422/1422
f 1422/1422/1422 1325/1325/1325 1423/1423/1423
f 1325/1325/1325 1326/1326/1326 1423/1423/1423
f 1423/1423/1423 1326/1326/1326 1424/1424/1424
f 1326/1326/1326 1327/1327/1327 1424/1424/1424
f 1424/1424/1424 1327/1327/1327 1425/1425/1425
f 1327/1327/1327 1328/1328/1328 1425/1425/1425
f 1425/1425/1425 1328/1328/1328 1426/1426/1426
f 1328/1328/1328 1329/1329/1329 1426/1426/1426
f 1426/1426/1426 1329/1329/1329 1427/1427/1427
f 1329/1329/1329 1330/1330/1330 1427/1427/1427
f 1427/1427/1427 1330/1330/1330 1428/1428/1428
f 1330/1330/1330 1331/1331/1331 1428/1428/1428
f 1428/1428/1428 1331/1331/1331 1429/1429/1429
f 1331/1331/1331 1332/1332/1332 1429/1429/1429
f 1429/1429/1429 1332/1332/1332 1430/1430/1430
f 1332/1332/1332 1333/1333/1333 1430/1430/1430
f 1430/1430/1430 1333/1333/1333 1431/1431/1431
f 1333/1333/1333 1334/1334/1334 1431/1431/1431
f 1431/1431/1431 1334/1334/1334 1432/1432/1432
f 1334/1334/1334 1335/1335/1335 1432/1432/1432
f 1432/1432/1432 1335/1335/1335 1433/1433/1433
f 1335/1335/1335 1336/1336/1336 1433/1433/1433
f 1433/1433/1433 1336/1336/1336 1434/1434/1434
f 1336/1336/1336 1337/1337/1337 1434/1434/1434
f 1434/1434/1434 1337/1337/1337 1435/1435/1435
f 1337/1337/1337 1338/1338/1338 1435/1435/1435
f 1435/1435/1435 1338/1338/1338 1436/1436/1436
f 1338/1338/1338 1339/1339/1339 1436/1436/1436
f 1436/1436/1436 1339/1339/1339 1437/1437/1437
f 1339/1339/1339 1340/1340/1340 1437/1437/1437
f 1437/1437/1437 1340/1340/1340 1438/1438/1438
f 1340/1340/1340 1341/1341/1341 1438/1438/1438
f 1438/1438/1438 1341/1341/1341 1439/1439/1439
f 1341/1341/1341 1342/1342/1342 1439/1439/1439
f 1439/1439/1439 1342/1342/1342 1440/1440/1440
f 1342/1342/1342 1343/1343/1343 1440/1440/1440
f 1440/1440/1440 1343/1343/1343 1441/1441/1441
f 1343/1343/1343 1344/1344/1344 1441/1441/1441
f 1441/1441/1441 1344/1344/1344 1442/1442/1442
f 1344/1344/1344 1345/1345/1345 1442/1442/1442
f 1442/1442/1442 1345/1345/1345 1443/1443/1443
f 1345/1345/1345 1346/1346/1346 1443/1443/1443
f 1443/1443/1443 1346/1346/1346 1444/1444/1444
f 1346/1346/1346 1347/1347/1347 1444/1444/1444
f 1444/1444/1444 1347/1347/1347 1445/1445/1445
f 1347/1347/1347 1348/1348/1348 1445/1445/1445
f 1445/1445/1445 1348/1348/1348 1446/1446/1446
f 1348/1348/1348 1349/1349/1349 1446/1446/1446
f 1446/1446/1446 1349/1349/1349 1447/1447/1447
f 1349/1349/1349 1350/1350/1350 1447/1447/1447
f 1447/1447/1447 1350/1350/1350 1448/1448/1448
f 1350/1350/1350 1351/1351/1351 1448/1448/1448
f 1448/1448/1448 1351/1351/1351 1449/1449/1449
f 1351/1351/1351 1352/1352/1352 1449/1449/1449
f 1449/1449/1449 1352/1352/1352 1450/1450/1450
f 1352/1352/1352 1353/1353/1353 1450/1450/1450
f 1450/1450/1450 1353/1353/1353 1451/1451/1451
f 1353/1353/1353 1354/1354/1354 1451/1451/1451
f 1451/1451/1451 1354/1354/1354 1452/1452/1452
f 1354/1354/1354 1355/1355/1355 1452/1452/1452
f 1452/1452/1452 1355/1355/1355 1453/1453/1453
f 1355/1355/1355 1356/1356/1356 1453/1453/1453
f 1453/1453/1453 1356/1356/1356 1454/1454/1454
f 1356/1356/1356 1357/1357/1357 1454/1454/1454
f 1454/1454/1454 1357/1357/1357 1455/1455/1455
f 1357/1357/1357 1358/1358/1358 1455/1455/1455
f 1456/1456/1456 1359/1359/1359 1457/1457/1457
f 1359/1359/1359 1360/1360/1360 1457/1457/1457
f 1457/1457/1457 1360/1360/1360 1458/1458/1458
f 1360/1360/1360 1361/1361/1361 1458/1458/1458
f 1458/1458/1458 1361/1361/1361 1459/1459/1459
f 1361/1361/1361 1362/1362/1362 1459/1459/1459
f 1459/1459/1459 1362/1362/1362 1460/1460/1460
f 1362/1362/1362 1363/1363/1363 1460/1460/1460
f 1460/1460/1460 1363/1363/1363 1461/1461/1461
f 1363/1363/1363 1364/1364/1364 1461/1461/1461
f 1461/1461/1461 1364/1364/1364 1462/1462/1462
f 1364/1364/1364 1365/1365/1365 1462/1462/1462
f 1462/1462/1462 1365/1365/1365 1463/1463/1463
f 1365/1365/1365 1366/1366/1366 1463/1463/1463
f 1463/1463/1463 1366/1366/1366 1464/1464/1464
f 1366/1366/1366 1367/1367/1367 1464/1464/1464
f 1464/1464/1464 1367/1367/1367 1465/1465/1465
f 1367/1367/1367 1368/1368/1368 1465/1465/1465
f 1465/1465/1465 1368/1368/1368 1466/1466/1466
f 1368/1368/1368 1369/1369/1369 1466/1466/1466
f 1466/1466/1466 1369/1369/1369 1467/1467/1467
f 1369/1369/1369 1370/1370/1370 1467/1467/1467
f 1467/1467/1467 1370/1370/1370 1468/1468/1468
f 1370/1370/1370 1371/1371/1371 1468/1468/1468
f 1468/1468/1468 1371/1371/1371 1469/1469/1469
f 1371/1371/1371 1372/1372/1372 1469/1469/1469
f 1469/1469/1469 1372/1372/1372 1470/1470/1470
f 1372/1372/1372 1373/1373/1373 1470/1470/1470
f 1470/1470/1470 1373/1373/1373 1471/1471/1471
f 1373/1373/1373 1374/1374/1374 1471/1471/1471
f 1471/1471/1471 1374/1374/1374 1472/1472/1472
f 1374/1374/1374 1375/1375/1375 1472/1472/1472
f 1472/1472/1472 1375/1375/1375 1473/1473/1473
f 1375/1375/1375 1376/1376/1376 1473/1473/1473
f 1473/1473/1473 1376/1376/1376 1474/1474/1474
f 1376/1376/1376 1377/1377/1377 1474/1474/1474
f 1474/1474/1474 1377/1377/1377 1475/1475/1475
f 1377/1377/1377 1378/1378/1378 1475/1475/1475
f 1475/1475/1475 1378/1378/1378 1476/1476/1476
f 1378/1378/1378 1379/1379/1379 1476/1476/1476
f 1476/1476/1476 1379/1379/1379 1477/1477/1477
f 1379/1379/1379 1380/1380/1380 1477/1477/1477
f 1477/1477/1477 1380/1380/1380 1478/1478/1478
f 1380/1380/1380 1381/1381/1381 1478/1478/1478
f 1478/1478/1478 1381/1381/1381 1479/1479/1479
f 1381/1381/1381 1382/1382/1382 1479/1479/1479
f 1479/1479/1479 1382/1382/1382 1480/1480/1480
f 1382/1382/1382 1383/1383/1383 1480/1480/1480
f 1480/1480/1480 1383/1383/1383 1481/1481/1481
f 1383/1383/1383 1384/1384/1384 1481/1481/1481
f 1481/1481/1481 1384/1384/1384 1482/1482/1482
f 1384/1384/1384 1385/1385/1385 1482/1482/1482
f 1482/1482/1482 1385/1385/1385 1483/1483/1483
f 1385/1385/1385 1386/1386/1386 1483/1483/1483
f 1483/1483/1483 1386/1386/1386 1484/1484/1484
f 1386/1386/1386 1387/1387/1387 1484/1484/1484
f 1484/1484/1484 1387/1387/1387 1485/1485/1485
f 1387/1387/1387 1388/1388/1388 1485/1485/1485
f 1485/1485/1485 1388/1388/1388 1486/1486/1486
f 1388/1388/1388 1389/1389/1389 1486/1486/1486
f 1486/1486/1486 1389/1389/1389 1487/1487/1487
f 1389/1389/1389 1390/1390/1390 1487/1487/1487
f 1487/1487/1487 1390/1390/1390 1488/1488/1488
f 1390/1390/1390 1391/1391/1391 1488/1488/1488
f 1488/1488/1488 1391/1391/1391 1489/1489/1489
f 1391/1391/1391 1392/1392/1392 1489/1489/1489
f 1489/1489/1489 1392/1392/1392 1490/1490/1490
f 1392/1392/1392 1393/1393/1393 1490/1490/1490
f 1490/1490/1490 1393/1393/1393 1491/1491/1491
f 1393/1393/1393 1394/1394/1394 1491/1491/1491
f 1491/1491/1491 1394/1394/1394 1492/1492/1492
f 1394/1394/1394 1395/1395/1395 1492/1492/1492
f 1492/1492/1492 1395/1395/1395 1493/1493/1493
f 1395/1395/1395 1396/1396/1396 1493/1493/1493
f 1493/1493/1493 1396/1396/1396 1494/1494/1494
f 1396/1396/1396 1397/1397/1397 1494/1494/1494
f 1494/1494/1494 1397/1397/1397 1495/1495/1495
f 1397/1397/1397 1398/1398/1398 1495/1495/1495
f 1495/1495/1495 1398/1398/1398 1496/1496/1496
f 1398/1398/1398 1399/1399/1399 1496/1496/1496
f 1496/1496/1496 1399/1399/1399 1497/1497/1497
f 1399/1399/1399 1400/1400/1400 1497/1497/1497
f 1497/1497/1497 1400/1400/1400 1498/1498/1498
f 1400/1400/1400 1401/1401/1401 1498/1498/1498
f 1498/1498/1498 1401/1401/1401 1499/1499/1499
f 1401/1401/1401 1402/1402/1402 1499/1499/1499
f 1499/1499/1499 1402/1402/1402 1500/1500/1500
f 1402/1402/1402 1403/1403/1403 1500/1500/1500
f 1500/1500/1500 1403/1403/1403 1501/1501/1501
f 1403/1403/1403 1404/1404/1404 1501/1501/1501
f 1501/1501/1501 1404/1404/1404 1502/1502/1502
f 1404/1404/1404 1405/1405/1405 1502/1502/1502
f 1502/1502/1502 1405/1405/1405 1503/1503/1503
f 1405/1405/1405 1406/1406/1406 1503/1503/1503
f 1503/1503/1503 1406/1406/1406 1504/1504/1504
f 1406/1406/1406 1407/1407/1407 1504/1504/1504
f 1504/1504/1504 1407/1407/1407 1505/1505/1505
f 1407/1407/1407 1408/1408/1408 1505/1505/1505
f 1505/1505/1505 1408/1408/1408 1506/1506/1506
f 1408/1408/1408 1409/1409/1409 1506/1506/1506
f 1506/1506/1506 1409/1409/1409 1507/1507/1507
f 1409/1409/1409 1410/1410/1410 1507/1507/1507
f 1507/1507/1507 1410/1410/1410 1508/1508/1508
f 1410/1410/1410 1411/1411/1411 1508/1508/1508
f 1508/1508/1508 1411/1411/1411 1509/1509/1509
f 1411/1411/1411 1412/1412/1412 1509/1509/1509
f 1509/1509/1509 1412/1412/1412 1510/1510/1510
f 1412/1412/1412 1413/1413/1413 1510/1510/1510
f 1510/1510/1510 1413/1413/1413 1511/1511/1511
f 1413/1413/1413 1414/1414/1414 1511/1511/1511
f 1511/1511/1511 1414/1414/1414 1512/1512/1512
f 1414/1414/1414 1415/1415/1415 1512/1512/1512
f 1512/1512/1512 1415/1415/1415 1513/1513/1513
f 1415/1415/1415 1416/1416/1416 1513/1513/1513
f 1513/1513/1513 1416/1416/1416 1514/1514/1514
f 1416/1416/1416 1417/1417/1417 1514/1514/1514
f 1514/1514/1514 1417/1417/1417 1515/1515/1515
f 1417/1417/1417 1418/1418/1418 1515/1515/1515
f 1515/1515/1515 1418/1418/1418 1516/1516/1516
f 1418/1418/1418 1419/1419/1419 1516/1516/1516
f 1516/1516/1516 1419/1419/1419 1517/1517/1517
f 1419/1419/1419 1420/1420/1420 1517/1517/1517
f 1517/1517/1517 1420/1420/1420 1518/1518/1518
f 1420/1420/1420 1421/1421/1421 1518/1518/1518
f 1518/1518/1518 1421/1421/1421 1519/1519/1519
f 1421/1421/1421 1422/1422/1422 1519/1519/1519
f 1519/1519/1519 1422/1422/1422 1520/1520/1520
f 1422/1422/1422 1423/1423/1423 1520/1520/1520
f 1520/1520/1520 1423/1423/1423 1521/1521/1521
f 1423/1423/1423 1424/1424/1424 1521/1521/1521
f 1521/1521/1521 1424/1424/1424 1522/1522/1522
f 1424/1424/1424 1425/1425/1425 1522/1522/1522
f 1522/1522/1522 1425/1425/1425 1523/1523/1523
f 1425/1425/1425 1426/1426/1426 1523/1523/1523
f 1523/1523/1523 1426/1426/1426 1524/1524/1524
f 1426/1426/1426 1427/1427/1427 1524/1524/1524
f 1524/1524/1524 1427/1427/1427 1525/1525/1525
f 1427/1427/1427 1428/1428/1428 1525/1525/1525
f 1525/1525/1525 1428/1428/1428 1526/1526/1526
f 1428/1428/1428 1429/1429/1429 1526/1526/1526
f 1526/1526/1526 1429/1429/1429 1527/1527/1527
f 1429/1429/1429 1430/1430/1430 1527/1527/1527
f 1527/1527/1527 1430/1430/1430 1528/1528/1528
f 1430/1430/1430 1431/1431/1431 1528/1528/1528
f 1528/1528/1528 1431/1431/1431 1529/1529/1529
f 1431/1431/1431 1432/1432/1432 1529/1529/1529
f 1529/1529/1529 1432/1432/1432 1530/1530/1530
f 1432/1432/1432 1433/1433/1433 1530/1530/1530
f 1530/1530/1530 1433/1433/1433 1531/1531/1531
f 1433/1433/1433 1434/1434/1434 1531/1531/1531
f 1531/1531/1531 1434/1434/1434 1532/1532/1532
f 1434/1434/1434 1435/1435/1435 1532/1532/1532
f 1532/1532/1532 1435/1435/1435 1533/1533/1533
f 1435/1435/1435 1436/1436/1436 1533/1533/1533
f 1533/1533/1533 1436/1436/1436 1534/1534/1534
f 1436/1436/1436 1437/1437/1437 1534/1534/1534
f 1534/1534/1534 1437/1437/1437 1535/1535/1535
f 1437/1437/1437 1438/1438/1438 1535/1535/1535
f 1535/1535/1535 1438/1438/1438 1536/1536/1536
f 1438/1438/1438 1439/1439/1439 1536/1536/1536
f 1536/1536/1536 1439/1439/1439 1537/1537/1537
f 1439/1439/1439 1440/1440/1440 1537/1537/1537
f 1537/1537/1537 1440/1440/1440 1538/1538/1538
f 1440/1440/1440 1441/1441/1441 1538/1538/1538
f 1538/1538/1538 1441/1441/1441 1539/1539/1539
f 1441/1441/1441 1442/1442/1442 1539/1539/1539
f 1539/1539/1539 1442/1442/1442 1540/1540/1540
f 1442/1442/1442 1443/1443/1443 1540/1540/1540
f 1540/1540/1540 1443/1443/1443 1541/1541/1541
f 1443/1443/1443 1444/1444/1444 1541/1541/1541
f 1541/1541/1541 1444/1444/1444 1542/1542/1542
f 1444/1444/1444 1445/1445/1445 1542/1542/1542
f 1542/1542/1542 1445/1445/1445 1543/1543/1543
f 1445/1445/1445 1446/1446/1446 1543/1543/1543
f 1543/1543/1543 1446/1446/1446 1544/1544/1544
f 1446/1446/1446 1447/1447/1447 1544/1544/1544
f 1544/1544/1544 1447/1447/1447 1545/1545/1545
f 1447/1447/1447 1448/1448/1448 1545/1545/1545
f 1545/1545/1545 1448/1448/1448 1546/1546/1546
f 1448/1448/1448 1449/1449/1449 1546/1546/1546
f 1546/1546/1546 1449/1449/1449 1547/1547/1547
f 1449/1449/1449 1450/1450/1450 1547/1547/1547
f 1547/1547/1547 1450/1450/1450 1548/1548/1548
f 1450/1450/1450 1451/1451/1451 1548/1548/1548
f 1548/1548/1548 1451/1451/1451 1549/1549/1549
f 1451/1451/1451 1452/1452/1452 1549/1549/1549
f 1549/1549/1549 1452/1452/1452 1550/1550/1550
f 1452/1452/1452 1453/1453/1453 1550/1550/1550
f 1550/1550/1550 1453/1453/1453 1551/1551/1551
f 1453/1453/1453 1454/1454/1454 1551/1551/1551
f 1551/1551/1551 1454/1454/1454 1552/1552/1552
f 1454/1454/1454 1455/1455/1455 1552/1552/1552
f 1553/1553/1553 1456/1456/1456 1554/1554/1554
f 1456/1456/1456 1457/1457/1457 1554/1554/1554
f 1554/1554/1554 1457/1457/1457 1555/1555/1555
f 1457/1457/1457 1458/1458/1458 1555/1555/1555
f 1555/1555/1555 1458/1458/1458 1556/1556/1556
f 1458/1458/1458 1459/1459/1459 1556/1556/1556
f 1556/1556/1556 1459/1459/1459 1557/1557/1557
f 1459/1459/1459 1460/1460/1460 1557/1557/1557
f 1557/1557/1557 1460/1460/1460 1558/1558/1558
f 1460/1460/1460 1461/1461/1461 1558/1558/1558
f 1558/1558/1558 1461/1461/1461 1559/1559/1559
f 1461/1461/1461 1462/1462/1462 1559/1559/1559
f 1559/1559/1559 1462/1462/1462 1560/1560/1560
f 1462/1462/1462 1463/1463/1463 1560/1560/1560
f 1560/1560/1560 1463/1463/1463 1561/1561/1561
f 1463/1463/1463 1464/1464/1464 1561/1561/1561
f 1561/1561/1561 1464/1464/1464 1562/1562/1562
f 1464/1464/1464 1465/1465/1465 1562/1562/1562
f 1562/1562/1562 1465/1465/1465 1563/1563/1563
f 1465/1465/1465 1466/1466/1466 1563/1563/1563
f 1563/1563/1563 1466/1466/1466 1564/1564/1564
f 1466/1466/1466 1467/1467/1467 1564/1564/1564
f 1564/1564/1564 1467/1467/1467 1565/1565/1565
f 1467/1467/1467 1468/1468/1468 1565/1565/1565
f 1565/1565/1565 1468/1468/1468 1566/1566/1566
f 1468/1468/1468 1469/1469/1469 1566/1566/1566
f 1566/1566/1566 1469/1469/1469 1567/1567/1567
f 1469/1469/1469 1470/1470/1470 1567/1567/1567
f 1567/1567/1567 1470/1470/1470 1568/1568/1568
f 1470/1470/1470 1471/1471/1471 1568/1568/1568
f 1568/1568/1568 1471/1471/1471 1569/1569/1569
f 1471/1471/1471 1472/1472/1472 1569/1569/1569
f 1569/1569/1569 1472/1472/1472 1570/1570/1570
f 1472/1472/1472 1473/1473/1473 1570/1570/1570
f 1570/1570/1570 1473/1473/1473 1571/1571/1571
f 1473/1473/1473 1474/1474/1474 1571/1571/1571
f 1571/1571/1571 1474/1474/1474 1572/1572/1572
f 1474/1474/1474 1475/1475/1475 1572/1572/1572
f 1572/1572/1572 1475/1475/1475 1573/1573/1573
f 1475/1475/1475 1476/1476/1476 1573/1573/1573
f 1573/1573/1573 1476/1476/1476 1574/1574/1574
f 1476/1476/1476 1477/1477/1477 1574/1574/1574
f 1574/1574/1574 1477/1477/1477 1575/1575/1575
f 1477/1477/1477 1478/1478/1478 1575/1575/1575
f 1575/1575/1575 1478/1478/1478 1576/1576/1576
f 1478/1478/1478 1479/1479/1479 1576/1576/1576
f 1576/1576/1576 1479/1479/1479 1577/1577/1577
f 1479/1479/1479 1480/1480/1480 1577/1577/1577
f 1577/1577/1577 1480/1480/1480 1578/1578/1578
f 1480/1480/1480 1481/1481/1481 1578/1578/1578
f 1578/1578/1578 1481/1481/1481 1579/1579/1579
f 1481/1481/1481 1482/1482/1482 1579/1579/1579
f 1579/1579/1579 1482/1482/1482 1580/1580/1580
f 1482/1482/1482 1483/1483/1483 1580/1580/1580
f 1580/1580/1580 1483/1483/1483 1581/1581/1581
f 1483/1483/1483 1484/1484/1484 1581/1581/1581
f 1581/1581/1581 1484/1484/1484 1582/1582/1582
f 1484/1484/1484 1485/1485/1485 1582/1582/1582
f 1582/1582/1582 1485/1485/1485 1583/1583/1583
f 1485/1485/1485 1486/1486/1486 1583/1583/1583
f 1583/1583/1583 1486/1486/1486 1584/1584/1584
f 1486/1486/1486 1487/1487/1487 1584/1584/1584
f 1584/1584/1584 1487/1487/1487 1585/1585/1585
f 1487/1487/1487 1488/1488/1488 1585/1585/1585
f 1585/1585/1585 1488/1488/1488 1586/1586/1586
f 1488/1488/1488 1489/1489/1489 1586/1586/1586
f 1586/1586/1586 1489/1489/1489 1587/1587/1587
f 1489/1489/1489 1490/1490/1490 1587/1587/1587
f 1587/1587/1587 1490/1490/1490 1588/1588/1588
f 1490/1490/1490 1491/1491/1491 1588/1588/1588
f 1588/1588/1588 1491/1491/1491 1589/1589/1589
f 1491/1491/1491 1492/1492/1492 1589/1589/1589
f 1589/1589/1589 1492/1492/1492 1590/1590/1590
f 1492/1492/1492 1493/1493/1493 1590/1590/1590
f 1590/1590/1590 1493/1493/1493 1591/1591/1591
f 1493/1493/1493 1494/1494/1494 1591/1591/1591
f 1591/1591/1591 1494/1494/1494 1592/1592/1592
f 1494/1494/1494 1495/1495/1495 1592/1592/1592
f 1592/1592/1592 1495/1495/1495 1593/1593/1593
f 1495/1495/1495 1496/1496/1496 1593/1593/1593
f 1593/1593/1593 1496/1496/1496 1594/1594/1594
f 1496/1496/1496 1497/1497/1497 1594/1594/1594
f 1594/1594/1594 1497/1497/1497 1595/1595/1595
f 1497/1497/1497 1498/1498/1498 1595/1595/1595
f 1595/1595/1595 1498/1498/1498 1596/1596/1596
f 1498/1498/1498 1499/1499/1499 1596/1596/1596
f 1596/1596/1596 1499/1499/1499 1597/1597/1597
f 1499/1499/1499 1500/1500/1500 1597/1597/1597
f 1597/1597/1597 1500/1500/1500 1598/1598/1598
f 1500/1500/1500 1501/1501/1501 1598/1598/1598
f 1598/1598/1598 1501/1501/1501 1599/1599/1599
f 1501/1501/1501 1502/1502/1502 1599/1599/1599
f 1599/1599/1599 1502/1502/1502 1600/1600/1600
f 1502/1502/1502 1503/1503/1503 1600/1600/1600
f 1600/1600/1600 1503/1503/1503 1601/1601/1601
f 1503/1503/1503 1504/1504/1504 1601/1601/1601
f 1601/1601/1601 1504/1504/1504 1602/1602/1602
f 1504/1504/1504 1505/1505/1505 1602/1602/1602
f 1602/1602/1602 1505/1505/1505 1603/1603/1603
f 1505/1505/1505 1506/1506/1506 1603/1603/1603
f 1603/1603/1603 1506/1506/1506 1604/1604/1604
f 1506/1506/1506 1507/1507/1507 1604/1604/1604
f 1604/1604/1604 1507/1507/1507 1605/1605/1605
f 1507/1507/1507 1508/1508/1508 1605/1605/1605
f 1605/1605/1605 1508/1508/1508 1606/1606/1606
f 1508/1508/1508 1509/1509/1509 1606/1606/1606
f 1606/1606/1606 1509/1509/1509 1607/1607/1607
f 1509/1509/1509 1510/1510/1510 1607/1607/1607
f 1607/1607/1607 1510/1510/1510 1608/1608/1608
f 1510/1510/1510 1511/1511/1511 1608/1608/1608
f 1608/1608/1608 1511/1511/1511 1609/1609/1609
f 1511/1511/1511 1512/1512/1512 1609/1609/1609
f 1609/1609/1609 1512/1512/1512 1610/1610/1610
f 1512/1512/1512 1513/1513/1513 1610/1610/1610
f 1610/1610/1610 1513/1513/1513 1611/1611/1611
f 1513/1513/1513 1514/1514/1514 1611/1611/1611
f 1611/1611/1611 1514/1514/1514 1612/1612/1612
f 1514/1514/1514 1515/1515/1515 1612/1612/1612
f 1612/1612/1612 1515/1515/1515 1613/1613/1613
f 1515/1515/1515 1516/1516/1516 1613/1613/1613
f 1613/1613/1613 1516/1516/1516 1614/1614/1614
f 1516/1516/1516 1517/1517/1517 1614/1614/1614
f 1614/1614/1614 1517/1517/1517 1615/1615/1615
f 1517/1517/1517 1518/1518/1518 1615/1615/1615
f 1615/1615/1615 1518/1518/1518 1616/1616/1616
f 1518/1518/1518 1519/1519/1519 1616/1616/1616
f 1616/1616/1616 1519/1519/1519 1617/1617/1617
f 1519/1519/1519 1520/1520/1520 1617/1617/1617
f 1617/1617/1617 1520/1520/1520 1618/1618/1618
f 1520/1520/1520 1521/1521/1521 1618/1618/1618
f 1618/1618/1618 1521/1521/1521 1619/1619/1619
f 1521/1521/1521 1522/1522/1522 1619/1619/1619
f 1619/1619/1619 1522/1522/1522 1620/1620/1620
f 1522/1522/1522 1523/1523/1523 1620/1620/1620
f 1620/1620/1620 1523/1523/1523 1621/1621/1621
f 1523/1523/1523 1524/1524/1524 1621/1621/1621
f 1621/1621/1621 1524/1524/1524 1622/1622/1622
f 1524/1524/1524 1525/1525/1525 1622/1622/1622
f 1622/1622/1622 1525/1525/1525 1623/1623/1623
f 1525/1525/1525 1526/1526/1526 1623/1623/1623
f 1623/1623/1623 1526/1526/1526 1624/1624/1624
f 1526/1526/1526 1527/1527/1527 1624/1624/1624
f 1624/1624/1624 1527/1527/1527 1625/1625/1625
f 1527/1527/1527 1528/1528/1528 1625/1625/1625
f 1625/1625/1625 1528/1528/1528 1626/1626/1626
f 1528/1528/1528 1529/1529/1529 1626/1626/1626
f 1626/1626/1626 1529/1529/1529 1627/1627/1627
f 1529/1529/1529 1530/1530/1530 1627/1627/1627
f 1627/1627/1627 1530/1530/1530 1628/1628/1628
f 1530/1530/1530 1531/1531/1531 1628/1628/1628
f 1628/1628/1628 1531/1531/1531 1629/1629/1629
f 1531/1531/1531 1532/1532/1532 1629/1629/1629
f 1629/1629/1629 1532/1532/1532 1630/1630/1630
f 1532/1532/1532 1533/1533/1533 1630/1630/1630
f 1630/1630/1630 1533/1533/1533 1631/1631/1631
f 1533/1533/1533 1534/1534/1534 1631/1631/1631
f 1631/1631/1631 1534/1534/1534 1632/1632/1632
f 1534/1534/1534 1535/1535/1535 1632/1632/1632
f 1632/1632/1632 1535/1535/1535 1633/1633/1633
f 1535/1535/1535 1536/1536/1536 1633/1633/1633
f 1633/1633/1633 1536/1536/1536 1634/1634/1634
f 1536/1536/1536 1537/1537/1537 1634/1634/1634
f 1634/1634/1634 1537/1537/1537 1635/1635/1635
f 1537/1537/1537 1538/1538/1538 1635/1635/1635
f 1635/1635/1635 1538/1538/1538 1636/1636/1636
f 1538/1538/1538 1539/1539/1539 1636/1636/1636
f 1636/1636/1636 1539/1539/1539 1637/1637/1637
f 1539/1539/1539 1540/1540/1540 1637/1637/1637
f 1637/1637/1637 1540/1540/1540 1638/1638/1638
f 1540/1540/1540 1541/1541/1541 1638/1638/1638
f 1638/1638/1638 1541/1541/1541 1639/1639/1639
f 1541/1541/1541 1542/1542/1542 1639/1639/1639
f 1639/1639/1639 1542/1542/1542 1640/1640/1640
f 1542/1542/1542 1543/1543/1543 1640/1640/1640
f 1640/1640/1640 1543/1543/1543 1641/1641/1641
f 1543/1543/1543 1544/1544/1544 1641/1641/1641
f 1641/1641/1641 1544/1544/1544 1642/1642/1642
f 1544/1544/1544 1545/1545/1545 1642/1642/1642
f 1642/1642/1642 1545/1545/1545 1643/1643/1643
f 1545/1545/1545 1546/1546/1546 1643/1643/1643
f 1643/1643/1643 1546/1546/1546 1644/1644/1644
f 1546/1546/1546 1547/1547/1547 1644/1644/1644
f 1644/1644/1644 1547/1547/1547 1645/1645/1645
f 1547/1547/1547 1548/1548/1548 1645/1645/1645
f 1645/1645/1645 1548/1548/1548 1646/1646/1646
f 1548/1548/1548 1549/1549/1549 1646/1646/1646
f 1646/1646/1646 1549/1549/1549 1647/1647/1647
f 1549/1549/1549 1550/1550/1550 1647/1647/1647
f 1647/1647/1647 1550/1550/1550 1648/1648/1648
f 1550/1550/1550 1551/1551/1551 1648/1648/1648
f 1648/1648/1648 1551/1551/1551 1649/1649/1649
f 1551/1551/1551 1552/1552/1552 1649/1649/1649
f 1650/1650/1650 1553/1553/1553 1651/1651/1651
f 1553/1553/1553 1554/1554/1554 1651/1651/1651
f 1651/1651/1651 1554/1554/1554 1652/1652/1652
f 1554/1554/1554 1555/1555/1555 1652/1652/1652
f 1652/1652/1652 1555/1555/1555 1653/1653/1653
f 1555/1555/1555 1556/1556/1556 1653/1653/1653
f 1653/1653/1653 1556/1556/1556 1654/1654/1654
f 1556/1556/1556 1557/1557/1557 1654/1654/1654
f 1654/1654/1654 1557/1557/1557 1655/1655/1655
f 1557/1557/1557 1558/1558/1558 1655/1655/1655
f 1655/1655/1655 1558/1558/1558 1656/1656/1656
f 1558/1558/1558 1559/1559/1559 1656/1656/1656
f 1656/1656/1656 1559/1559/1559 1657/1657/1657
f 1559/1559/1559 1560/1560/1560 1657/1657/1657
f 1657/1657/1657 1560/1560/1560 1658/1658/1658
f 1560/1560/1560 1561/1561/1561 1658/1658/1658
f 1658/1658/1658 1561/1561/1561 1659/1659/1659
f 1561/1561/1561 1562/1562/1562 1659/1659/1659
f 1659/1659/1659 1562/1562/1562 1660/1660/1660
f 1562/1562/1562 1563/1563/1563 1660/1660/1660
f 1660/1660/1660 1563/1563/1563 1661/1661/1661
f 1563/1563/1563 1564/1564/1564 1661/1661/1661
f 1661/1661/1661 1564/1564/1564 1662/1662/1662
f 1564/1564/1564 1565/1565/1565 1662/1662/1662
f 1662/1662/1662 1565/1565/1565 1663/1663/1663
f 1565/1565/1565 1566/1566/1566 1663/1663/1663
f 1663/1663/1663 1566/1566/1566 1664/1664/1664
f 1566/1566/1566 1567/1567/1567 1664/1664/1664
f 1664/1664/1664 1567/1567/1567 1665/1665/1665
f 1567/1567/1567 1568/1568/1568 1665/1665/1665
f 1665/1665/1665 1568/1568/1568 1666/1666/1666
f 1568/1568/1568 1569/1569/1569 1666/1666/1666
f 1666/1666/1666 1569/1569/1569 1667/1667/1667
f 1569/1569/1569 1570/1570/1570 1667/1667/1667
f 1667/1667/1667 1570/1570/1570 1668/1668/1668
f 1570/1570/1570 1571/1571/1571 1668/1668/1668
f 1668/1668/1668 1571/1571/1571 1669/1669/1669
f 1571/1571/1571 1572/1572/1572 1669/1669/1669
f 1669/1669/1669 1572/1572/1572 1670/1670/1670
f 1572/1572/1572 1573/1573/1573 1670/1670/1670
f 1670/1670/1670 1573/1573/1573 1671/1671/1671
f 1573/1573/1573 1574/1574/1574 1671/1671/1671
f 1671/1671/1671 1574/1574/1574 1672/1672/1672
f 1574/1574/1574 1575/1575/1575 1672/1672/1672
f 1672/1672/1672 1575/1575/1575 1673/1673/1673
f 1575/1575/1575 1576/1576/1576 1673/1673/1673
f 1673/1673/1673 1576/1576/1576 1674/1674/1674
f 1576/1576/1576 1577/1577/1577 1674/1674/1674
f 1674/1674/1674 1577/1577/1577 1675/1675/1675
f 1577/1577/1577 1578/1578/1578 1675/1675/1675
f 1675/1675/1675 1578/1578/1578 1676/1676/1676
f 1578/1578/1578 1579/1579/1579 1676/1676/1676
f 1676/1676/1676 1579/1579/1579 1677/1677/1677
f 1579/1579/1579 1580/1580/1580 1677/1677/1677
f 1677/1677/1677 1580/1580/1580 1678/1678/1678
f 1580/1580/1580 1581/1581/1581 1678/1678/1678
f 1678/1678/1678 1581/1581/1581 1679/1679/1679
f 1581/1581/1581 1582/1582/1582 1679/1679/1679
f 1679/1679/1679 1582/1582/1582 1680/1680/1680
f 1582/1582/1582 1583/1583/1583 1680/1680/1680
f 1680/1680/1680 1583/1583/1583 1681/1681/1681
f 1583/1583/1583 1584/1584/1584 1681/1681/1681
f 1681/1681/1681 1584/1584/1584 1682/1682/1682
f 1584/1584/1584 1585/1585/1585 1682/1682/1682
f 1682/1682/1682 1585/1585/1585 1683/1683/1683
f 1585/1585/1585 1586/1586/1586 1683/1683/1683
f 1683/1683/1683 1586/1586/1586 1684/1684/1684
f 1586/1586/1586 1587/1587/1587 1684/1684/1684
f 1684/1684/1684 1587/1587/1587 1685/1685/1685
f 1587/1587/1587 1588/1588/1588 1685/1685/1685
f 1685/1685/1685 1588/1588/1588 1686/1686/1686
f 1588/1588/1588 1589/1589/1589 1686/1686/1686
f 1686/1686/1686 1589/1589/1589 1687/1687/1687
f 1589/1589/1589 1590/1590/1590 1687/1687/1687
f 1687/1687/1687 1590/1590/1590 1688/1688/1688
f 1590/1590/1590 1591/1591/1591 1688/1688/1688
f 1688/1688/1688 1591/1591/1591 1689/1689/1689
f 1591/1591/1591 1592/1592/1592 1689/1689/1689
f 1689/1689/1689 1592/1592/1592 1690/1690/1690
f 1592/1592/1592 1593/1593/1593 1690/1690/1690
f 1690/1690/1690 1593/1593/1593 1691/1691/1691
f 1593/1593/1593 1594/1594/1594 1691/1691/1691
f 1691/1691/1691 1594/1594/1594 1692/1692/1692
f 1594/1594/1594 1595/1595/1595 1692/1692/1692
f 1692/1692/1692 1595/1595/1595 1693/1693/1693
f 1595/1595/1595 1596/1596/1596 1693/1693/1693
f 1693/1693/1693 1596/1596/1596 1694/1694/1694
f 1596/1596/1596 1597/1597/1597 1694/1694/1694
f 1694/1694/1694 1597/1597/1597 1695/1695/1695
f 1597/1597/1597 1598/1598/1598 1695/1695/1695
f 1695/1695/1695 1598/1598/1598 1696/1696/1696
f 1598/1598/1598 1599/1599/1599 1696/1696/1696
f 1696/1696/1696 1599/1599/1599 1697/1697/1697
f 1599/1599/1599 1600/1600/1600 1697/1697/1697
f 1697/1697/1697 1600/1600/1600 1698/1698/1698
f 1600/1600/1600 1601/1601/1601 1698/1698/1698
f 1698/1698/1698 1601/1601/1601 1699/1699/1699
f 1601/1601/1601 1602/1602/1602 1699/1699/1699
f 1699/1699/1699 1602/1602/1602 1700/1700/1700
f 1602/1602/1602 1603/1603/1603 1700/1700/1700
f 1700/1700/1700 1603/1603/1603 1701/1701/1701
f 1603/1603/1603 1604/1604/1604 1701/1701/1701
f 1701/1701/1701 1604/1604/1604 1702/1702/1702
f 1604/1604/1604 1605/1605/1605 1702/1702/1702
f 1702/1702/1702 1605/1605/1605 1703/1703/1703
f 1605/1605/1605 1606/1606/1606 1703/1703/1703
f 1703/1703/1703 1606/1606/1606 1704/1704/1704
f 1606/1606/1606 1607/1607/1607 1704/1704/1704
f 1704/1704/1704 1607/1607/1607 1705/1705/1705
f 1607/1607/1607 1608/1608/1608 1705/1705/1705
f 1705/1705/1705 1608/1608/1608 1706/1706/1706
f 1608/1608/1608 1609/1609/1609 1706/1706/1706
f 1706/1706/1706 1609/1609/1609 1707/1707/1707
f 1609/1609/1609 1610/1610/1610 1707/1707/1707
f 1707/1707/1707 1610/1610/1610 1708/1708/1708
f 1610/1610/1610 1611/1611/1611 1708/1708/1708
f 1708/1708/1708 1611/1611/1611 1709/1709/1709
f 1611/1611/1611 1612/1612/1612 1709/1709/1709
f 1709/1709/1709 1612/1612/1612 1710/1710/1710
f 1612/1612/1612 1613/1613/1613 1710/1710/1710
f 1710/1710/1710 1613/1613/1613 1711/1711/1711
f 1613/1613/1613 1614/1614/1614 1711/1711/1711
f 1711/1711/1711 1614/1614/1614 1712/1712/1712
f 1614/1614/1614 1615/1615/1615 1712/1712/1712
f 1712/1712/1712 1615/1615/1615 1713/1713/1713
f 1615/1615/1615 1616/1616/1616 1713/1713/1713
f 1713/1713/1713 1616/1616/1616 1714/1714/1714
f 1616/1616/1616 1617/1617/1617 1714/1714/1714
f 1714/1714/1714 1617/1617/1617 1715/1715/1715
f 1617/1617/1617 1618/1618/1618 1715/1715/1715
f 1715/1715/1715 1618/1618/1618 1716/1716/1716
f 1618/1618/1618 1619/1619/1619 1716/1716/1716
f 1716/1716/1716 1619/1619/1619 1717/1717/1717
f 1619/1619/1619 1620/1620/1620 1717/1717/1717
f 1717/1717/1717 1620/1620/1620 1718/1718/1718
f 1620/1620/1620 1621/1621/1621 1718/1718/1718
f 1718/1718/1718 1621/1621/1621 1719/1719/1719
f 1621/1621/1621 1622/1622/1622 1719/1719/1719
f 1719/1719/1719 1622/1622/1622 1720/1720/1720
f 1622/1622/1622 1623/1623/1623 1720/1720/1720
f 1720/1720/1720 1623/1623/1623 1721/1721/1721
f 1623/1623/1623 1624/1624/1624 1721/1721/1721
f 1721/1721/1721 1624/1624/1624 1722/1722/1722
f 1624/1624/1624 1625/1625/1625 1722/1722/1722
f 1722/1722/1722 1625/1625/1625 1723/1723/1723
f 1625/1625/1625 1626/1626/1626 1723/1723/1723
f 1723/1723/1723 1626/1626/1626 1724/1724/1724
f 1626/1626/1626 1627/1627/1627 1724/1724/1724
f 1724/1724/1724 1627/1627/1627 1725/1725/1725
f 1627/1627/1627 1628/1628/1628 1725/1725/1725
f 1725/1725/1725 1628/1628/1628 1726/1726/1726
f 1628/1628/1628 1629/1629/1629 1726/1726/1726
f 1726/1726/1726 1629/1629/1629 1727/1727/1727
f 1629/1629/1629 1630/1630/1630 1727/1727/1727
f 1727/1727/1727 1630/1630/1630 1728/1728/1728
f 1630/1630/1630 1631/1631/1631 1728/1728/1728
f 1728/1728/1728 1631/1631/1631 1729/1729/1729
f 1631/1631/1631 1632/1632/1632 1729/1729/1729
f 1729/1729/1729 1632/1632/1632 1730/1730/1730
f 1632/1632/1632 1633/1633/1633 1730/1730/1730
f 1730/1730/1730 1633/1633/1633 1731/1731/1731
f 1633/1633/1633 1634/1634/1634 1731/1731/1731
f 1731/1731/1731 1634/1634/1634 1732/1732/1732
f 1634/1634/1634 1635/1635/1635 1732/1732/1732
f 1732/1732/1732 1635/1635/1635 1733/1733/1733
f 1635/1635/1635 1636/1636/1636 1733/1733/1733
f 1733/1733/1733 1636/1636/1636 1734/1734/1734
f 1636/1636/1636 1637/1637/1637 1734/1734/1734
f 1734/1734/1734 1637/1637/1637 1735/1735/1735
f 1637/1637/1637 1638/1638/1638 1735/1735/1735
f 1735/1735/1735 1638/1638/1638 1736/1736/1736
f 1638/1638/1638 1639/1639/1639 1736/1736/1736
f 1736/1736/1736 1639/1639/1639 1737/1737/1737
f 1639/1639/1639 1640/1640/1640 1737/1737/1737
f 1737/1737/1737 1640/1640/1640 1738/1738/1738
f 1640/1640/1640 1641/1641/1641 1738/1738/1738
f 1738/1738/1738 1641/1641/1641 1739/1739/1739
f 1641/1641/1641 1642/1642/1642 1739/1739/1739
f 1739/1739/1739 1642/1642/1642 1740/1740/1740
f 1642/1642/1642 1643/1643/1643 1740/1740/1740
f 1740/1740/1740 1643/1643/1643 1741/1741/1741
f 1643/1643/1643 1644/1644/1644 1741/1741/1741
f 1741/1741/1741 1644/1644/1644 1742/1742/1742
f 1644/1644/1644 1645/1645/1645 1742/1742/1742
f 1742/1742/1742 1645/1645/1645 1743/1743/1743
f 1645/1645/1645 1646/1646/1646 1743/1743/1743
f 1743/1743/1743 1646/1646/1646 1744/1744/1744
f 1646/1646/1646 1647/1647/1647 1744/1744/1744
f 1744/1744/1744 1647/1647/1647 1745/1745/1745
f 1647/1647/1647 1648/1648/1648 1745/1745/1745
f 1745/1745/1745 1648/1648/1648 1746/1746/1746
f 1648/1648/1648 1649/1649/1649 1746/1746/1746
f 1747/1747/1747 1650/1650/1650 1748/1748/1748
f 1650/1650/1650 1651/1651/1651 1748/1748/1748
f 1748/1748/1748 1651/1651/1651 1749/1749/1749
f 1651/1651/1651 1652/1652/1652 1749/1749/1749
f 1749/1749/1749 1652/1652/1652 1750/1750/1750
f 1652/1652/1652 1653/1653/1653 1750/1750/1750
f 1750/1750/1750 1653/1653/1653 1751/1751/1751
f 1653/1653/1653 1654/1654/1654 1751/1751/1751
f 1751/1751/1751 1654/1654/1654 1752/1752/1752
f 1654/1654/1654 1655/1655/1655 1752/1752/1752
f 1752/1752/1752 1655/1655/1655 1753/1753/1753
f 1655/1655/1655 1656/1656/1656 1753/1753/1753
f 1753/1753/1753 1656/1656/1656 1754/1754/1754
f 1656/1656/1656 1657/1657/1657 1754/1754/1754
f 1754/1754/1754 1657/1657/1657 1755/1755/1755
f 1657/1657/1657 1658/1658/1658 1755/1755/1755
f 1755/1755/1755 1658/1658/1658 1756/1756/1756
f 1658/1658/1658 1659/1659/1659 1756/1756/1756
f 1756/1756/1756 1659/1659/1659 1757/1757/1757
f 1659/1659/1659 1660/1660/1660 1757/1757/1757
f 1757/1757/1757 1660/1660/1660 1758/1758/1758
f 1660/1660/1660 1661/1661/1661 1758/1758/1758
f 1758/1758/1758 1661/1661/1661 1759/1759/1759
f 1661/1661/1661 1662/1662/1662 1759/1759/1759
f 1759/1759/1759 1662/1662/1662 1760/1760/1760
f 1662/1662/1662 1663/1663/1663 1760/1760/1760
f 1760/1760/1760 1663/1663/1663 1761/1761/1761
f 1663/1663/1663 1664/1664/1664 1761/1761/1761
f 1761/1761/1761 1664/1664/1664 1762/1762/1762
f 1664/1664/1664 1665/1665/1665 1762/1762/1762
f 1762/1762/1762 1665/1665/1665 1763/1763/1763
f 1665/1665/1665 1666/1666/1666 1763/1763/1763
f 1763/1763/1763 1666/1666/1666 1764/1764/1764
f 1666/1666/1666 1667/1667/1667 1764/1764/1764
f 1764/1764/1764 1667/1667/1667 1765/1765/1765
f 1667/1667/1667 1668/1668/1668 1765/1765/1765
f 1765/1765/1765 1668/1668/1668 1766/1766/1766
f 1668/1668/1668 1669/1669/1669 1766/1766/1766
f 1766/1766/1766 1669/1669/1669 1767/1767/1767
f 1669/1669/1669 1670/1670/1670 1767/1767/1767
f 1767/1767/1767 1670/1670/1670 1768/1768/1768
f 1670/1670/1670 1671/1671/1671 1768/1768/1768
f 1768/1768/1768 1671/1671/1671 1769/1769/1769
f 1671/1671/1671 1672/1672/1672 1769/1769/1769
f 1769/1769/1769 1672/1672/1672 1770/1770/1770
f 1672/1672/1672 1673/1673/1673 1770/1770/1770
f 1770/1770/1770 1673/1673/1673 1771/1771/1771
f 1673/1673/1673 1674/1674/1674 1771/1771/1771
f 1771/1771/1771 1674/1674/1674 1772/1772/1772
f 1674/1674/1674 1675/1675/1675 1772/1772/1772
f 1772/1772/1772 1675/1675/1675 1773/1773/1773
f 1675/1675/1675 1676/1676/1676 1773/1773/1773
f 1773/1773/1773 1676/1676/1676 1774/1774/1774
f 1676/1676/1676 1677/1677/1677 1774/1774/1774
f 1774/1774/1774 1677/1677/1677 1775/1775/1775
f 1677/1677/1677 1678/1678/1678 1775/1775/1775
f 1775/1775/1775 1678/1678/1678 1776/1776/1776
f 1678/1678/1678 1679/1679/1679 1776/1776/1776
f 1776/1776/1776 1679/1679/1679 1777/1777/1777
f 1679/1679/1679 1680/1680/1680 1777/1777/1777
f 1777/1777/1777 1680/1680/1680 1778/1778/1778
f 1680/1680/1680 1681/1681/1681 1778/1778/1778
f 1778/1778/1778 1681/1681/1681 1779/1779/1779
f 1681/1681/1681 1682/1682/1682 1779/1779/1779
f 1779/1779/1779 1682/1682/1682 1780/1780/1780
f 1682/1682/1682 1683/1683/1683 1780/1780/1780
f 1780/1780/1780 1683/1683/1683 1781/1781/1781
f 1683/1683/1683 1684/1684/1684 1781/1781/1781
f 1781/1781/1781 1684/1684/1684 1782/1782/1782
f 1684/1684/1684 1685/1685/1685 1782/1782/1782
f 1782/1782/1782 1685/1685/1685 1783/1783/1783
f 1685/1685/1685 1686/1686/1686 1783/1783/1783
f 1783/1783/1783 1686/1686/1686 1784/1784/1784
f 1686/1686/1686 1687/1687/1687 1784/1784/1784
f 1784/1784/1784 1687/1687/1687 1785/1785/1785
f 1687/1687/1687 1688/1688/1688 1785/1785/1785
f 1785/1785/1785 1688/1688/1688 1786/1786/1786
f 1688/1688/1688 1689/1689/1689 1786/1786/1786
f 1786/1786/1786 1689/1689/1689 1787/1787/1787
f 1689/1689/1689 1690/1690/1690 1787/1787/1787
f 1787/1787/1787 1690/1690/1690 1788/1788/1788
f 1690/1690/1690 1691/1691/1691 1788/1788/1788
f 1788/1788/1788 1691/1691/1691 1789/1789/1789
f 1691/1691/1691 1692/1692/1692 1789/1789/1789
f 1789/1789/1789 1692/1692/1692 1790/1790/1790
f 1692/1692/1692 1693/1693/1693 1790/1790/1790
f 1790/1790/1790 1693/1693/1693 1791/1791/1791
f 1693/1693/1693 1694/1694/1694 1791/1791/1791
f 1791/1791/1791 1694/1694/1694 1792/1792/1792
f 1694/1694/1694 1695/1695/1695 1792/1792/1792
f 1792/1792/1792 1695/1695/1695 1793/1793/1793
f 1695/1695/1695 1696/1696/1696 1793/1793/1793
f 1793/1793/1793 1696/1696/1696 1794/1794/1794
f 1696/1696/1696 1697/1697/1697 1794/1794/1794
f 1794/1794/1794 1697/1697/1697 1795/1795/1795
f 1697/1697/1697 1698/1698/1698 1795/1795/1795
f 1795/1795/1795 1698/1698/1698 1796/1796/1796
f 1698/1698/1698 1699/1699/1699 1796/1796/1796
f 1796/1796/1796 1699/1699/1699 1797/1797/1797
f 1699/1699/1699 1700/1700/1700 1797/1797/1797
f 1797/1797/1797 1700/1700/1700 1798/1798/1798
f 1700/1700/1700 1701/1701/1701 1798/1798/1798
f 1798/1798/1798 1701/1701/1701 1799/1799/1799
f 1701/1701/1701 1702/1702/1702 1799/1799/1799
f 1799/1799/1799 1702/1702/1702 1800/1800/1800
f 1702/1702/1702 1703/1703/1703 1800/1800/1800
f 1800/1800/1800 1703/1703/1703 1801/1801/1801
f 1703/1703/1703 1704/1704/1704 1801/1801/1801
f 1801/1801/1801 1704/1704/1704 1802/1802/1802
f 1704/1704/1704 1705/1705/1705 1802/1802/1802
f 1802/1802/1802 1705/1705/1705 1803/1803/1803
f 1705/1705/1705 1706/1706/1706 1803/1803/1803
f 1803/1803/1803 1706/1706/1706 1804/1804/1804
f 1706/1706/1706 1707/1707/1707 1804/1804/1804
f 1804/1804/1804 1707/1707/1707 1805/1805/1805
f 1707/1707/1707 1708/1708/1708 1805/1805/1805
f 1805/1805/1805 1708/1708/1708 1806/1806/1806
f 1708/1708/1708 1709/1709/1709 1806/1806/1806
f 1806/1806/1806 1709/1709/1709 1807/1807/1807
f 1709/1709/1709 1710/1710/1710 1807/1807/1807
f 1807/1807/1807 1710/1710/1710 1808/1808/1808
f 1710/1710/1710 1711/1711/1711 1808/1808/1808
f 1808/1808/1808 1711/1711/1711 1809/1809/1809
f 1711/1711/1711 1712/1712/1712 1809/1809/1809
f 1809/1809/1809 1712/1712/1712 1810/1810/1810
f 1712/1712/1712 1713/1713/1713 1810/1810/1810
f 1810/1810/1810 1713/1713/1713 1811/1811/1811
f 1713/1713/1713 1714/1714/1714 1811/1811/1811
f 1811/1811/1811 1714/1714/1714 1812/1812/1812
f 1714/1714/1714 1715/1715/1715 1812/1812/1812
f 1812/1812/1812 1715/1715/1715 1813/1813/1813
f 1715/1715/1715 1716/1716/1716 1813/1813/1813
f 1813/1813/1813 1716/1716/1716 1814/1814/1814
f 1716/1716/1716 1717/1717/1717 1814/1814/1814
f 1814/1814/1814 1717/1717/1717 1815/1815/1815
f 1717/1717/1717 1718/1718/1718 1815/1815/1815
f 1815/1815/1815 1718/1718/1718 1816/1816/1816
f 1718/1718/1718 1719/1719/1719 1816/1816/1816
f 1816/1816/1816 1719/1719/1719 1817/1817/1817
f 1719/1719/1719 1720/1720/1720 1817/1817/1817
f 1817/1817/1817 1720/1720/1720 1818/1818/1818
f 1720/1720/1720 1721/1721/1721 1818/1818/1818
f 1818/1818/1818 1721/1721/1721 1819/1819/1819
f 1721/1721/1721 1722/1722/1722 1819/1819/1819
f 1819/1819/1819 1722/1722/1722 1820/1820/1820
f 1722/1722/1722 1723/1723/1723 1820/1820/1820
f 1820/1820/1820 1723/1723/1723 1821/1821/1821
f 1723/1723/1723 1724/1724/1724 1821/1821/1821
f 1821/1821/1821 1724/1724/1724 1822/1822/1822
f 1724/1724/1724 1725/1725/1725 1822/1822/1822
f 1822/1822/1822 1725/1725/1725 1823/1823/1823
f 1725/1725/1725 1726/1726/1726 1823/1823/1823
f 1823/1823/1823 1726/1726/1726 1824/1824/1824
f 1726/1726/1726 1727/1727/1727 1824/1824/1824
f 1824/1824/1824 1727/1727/1727 1825/1825/1825
f 1727/1727/1727 1728/1728/1728 1825/1825/1825
f 1825/1825/1825 1728/1728/1728 1826/1826/1826
f 1728/1728/1728 1729/1729/1729 1826/1826/1826
f 1826/1826/1826 1729/1729/1729 1827/1827/1827
f 1729/1729/1729 1730/1730/1730 1827/1827/1827
f 1827/1827/1827 1730/1730/1730 1828/1828/1828
f 1730/1730/1730 1731/1731/1731 1828/1828/1828
f 1828/1828/1828 1731/1731/1731 1829/1829/1829
f 1731/1731/1731 1732/1732/1732 1829/1829/1829
f 1829/1829/1829 1732/1732/1732 1830/1830/1830
f 1732/1732/1732 1733/1733/1733 1830/1830/1830
f 1830/1830/1830 1733/1733/1733 1831/1831/1831
f 1733/1733/1733 1734/1734/1734 1831/1831/1831
f 1831/1831/1831 1734/1734/1734 1832/1832/1832
f 1734/1734/1734 1735/1735/1735 1832/1832/1832
f 1832/1832/1832 1735/1735/1735 1833/1833/1833
f 1735/1735/1735 1736/1736/1736 1833/1833/1833
f 1833/1833/1833 1736/1736/1736 1834/1834/1834
f 1736/1736/1736 1737/1737/1737 1834/1834/1834
f 1834/1834/1834 1737/1737/1737 1835/1835/1835
f 1737/1737/1737 1738/1738/1738 1835/1835/1835
f 1835/1835/1835 1738/1738/1738 1836/1836/1836
f 1738/1738/1738 1739/1739/1739 1836/1836/1836
f 1836/1836/1836 1739/1739/1739 1837/1837/1837
f 1739/1739/1739 1740/1740/1740 1837/1837/1837
f 1837/1837/1837 1740/1740/1740 1838/1838/1838
f 1740/1740/1740 1741/1741/1741 1838/1838/1838
f 1838/1838/1838 1741/1741/1741 1839/1839/1839
f 1741/1741/1741 1742/1742/1742 1839/1839/1839
f 1839/1839/1839 1742/1742/1742 1840/1840/1840
f 1742/1742/1742 1743/1743/1743 1840/1840/1840
f 1840/1840/1840 1743/1743/1743 1841/1841/1841
f 1743/1743/1743 1744/1744/1744 1841/1841/1841
f 1841/1841/1841 1744/1744/1744 1842/1842/1842
f 1744/1744/1744 1745/1745/1745 1842/1842/1842
f 1842/1842/1842 1745/1745/1745 1843/1843/1843
f 1745/1745/1745 1746/1746/1746 1843/1843/1843
f 1844/1844/1844 1747/1747/1747 1845/1845/1845
f 1747/1747/1747 1748/1748/1748 1845/1845/1845
f 1845/1845/1845 1748/1748/1748 1846/1846/1846
f 1748/1748/1748 1749/1749/1749 1846/1846/1846
f 1846/1846/1846 1749/1749/1749 1847/1847/1847
f 1749/1749/1749 1750/1750/1750 1847/1847/1847
f 1847/1847/1847 1750/1750/1750 1848/1848/1848
f 1750/1750/1750 1751/1751/1751 1848/1848/1848
f 1848/1848/1848 1751/1751/1751 1849/1849/1849
f 1751/1751/1751 1752/1752/1752 1849/1849/1849
f 1849/1849/1849 1752/1752/1752 1850/1850/1850
f 1752/1752/1752 1753/1753/1753 1850/1850/1850
f 1850/1850/1850 1753/1753/1753 1851/1851/1851
f 1753/1753/1753 1754/1754/1754 1851/1851/1851
f 1851/1851/1851 1754/1754/1754 1852/1852/1852
f 1754/1754/1754 1755/1755/1755 1852/1852/1852
f 1852/1852/1852 1755/1755/1755 1853/1853/1853
f 1755/1755/1755 1756/1756/1756 1853/1853/1853
f 1853/1853/1853 1756/1756/1756 1854/1854/1854
f 1756/1756/1756 1757/1757/1757 1854/1854/1854
f 1854/1854/1854 1757/1757/1757 1855/1855/1855
f 1757/1757/1757 1758/1758/1758 1855/1855/1855
f 1855/1855/1855 1758/1758/1758 1856/1856/1856
f 1758/1758/1758 1759/1759/1759 1856/1856/1856
f 1856/1856/1856 1759/1759/1759 1857/1857/1857
f 1759/1759/1759 1760/1760/1760 1857/1857/1857
f 1857/1857/1857 1760/1760/1760 1858/1858/1858
f 1760/1760/1760 1761/1761/1761 1858/1858/1858
f 1858/1858/1858 1761/1761/1761 1859/1859/1859
f 1761/1761/1761 1762/1762/1762 1859/1859/1859
f 1859/1859/1859 1762/1762/1762 1860/1860/1860
f 1762/1762/1762 1763/1763/1763 1860/1860/1860
f 1860/1860/1860 1763/1763/1763 1861/1861/1861
f 1763/1763/1763 1764/1764/1764 1861/1861/1861
f 1861/1861/1861 1764/1764/1764 1862/1862/1862
f 1764/1764/1764 1765/1765/1765 1862/1862/1862
f 1862/1862/1862 1765/1765/1765 1863/1863/1863
f 1765/1765/1765 1766/1766/1766 1863/1863/1863
f 1863/1863/1863 1766/1766/1766 1864/1864/1864
f 1766/1766/1766 1767/1767/1767 1864/1864/1864
f 1864/1864/1864 1767/1767/1767 1865/1865/1865
f 1767/1767/1767 1768/1768/1768 1865/1865/1865
f 1865/1865/1865 1768/1768/1768 1866/1866/1866
f 1768/1768/1768 1769/1769/1769 1866/1866/1866
f 1866/1866/1866 1769/1769/1769 1867/1867/1867
f 1769/1769/1769 1770/1770/1770 1867/1867/1867
f 1867/1867/1867 1770/1770/1770 1868/1868/1868
f 1770/1770/1770 1771/1771/1771 1868/1868/1868
f 1868/1868/1868 1771/1771/1771 1869/1869/1869
f 1771/1771/1771 1772/1772/1772 1869/1869/1869
f 1869/1869/1869 1772/1772/1772 1870/1870/1870
f 1772/1772/1772 1773/1773/1773 1870/1870/1870
f 1870/1870/1870 1773/1773/1773 1871/1871/1871
f 1773/1773/1773 1774/1774/1774 1871/1871/1871
f 1871/1871/1871 1774/1774/1774 1872/1872/1872
f 1774/1774/1774 1775/1775/1775 1872/1872/1872
f 1872/1872/1872 1775/1775/1775 1873/1873/1873
f 1775/1775/1775 1776/1776/1776 1873/1873/1873
f 1873/1873/1873 1776/1776/1776 1874/1874/1874
f 1776/1776/1776 1777/1777/1777 1874/1874/1874
f 1874/1874/1874 1777/1777/1777 1875/1875/1875
f 1777/1777/1777 1778/1778/1778 1875/1875/1875
f 1875/1875/1875 1778/1778/1778 1876/1876/1876
f 1778/1778/1778 1779/1779/1779 1876/1876/1876
f 1876/1876/1876 1779/1779/1779 1877/1877/1877
f 1779/1779/1779 1780/1780/1780 1877/1877/1877
f 1877/1877/1877 1780/1780/1780 1878/1878/1878
f 1780/1780/1780 1781/1781/1781 1878/1878/1878
f 1878/1878/1878 1781/1781/1781 1879/1879/1879
f 1781/1781/1781 1782/1782/1782 1879/1879/1879
f 1879/1879/1879 1782/1782/1782 1880/1880/1880
f 1782/1782/1782 1783/1783/1783 1880/1880/1880
f 1880/1880/1880 1783/1783/1783 1881/1881/1881
f 1783/1783/1783 1784/1784/1784 1881/1881/1881
f 1881/1881/1881 1784/1784/1784 1882/1882/1882
f 1784/1784/1784 1785/1785/1785 1882/1882/1882
f 1882/1882/1882 1785/1785/1785 1883/1883/1883
f 1785/1785/1785 1786/1786/1786 1883/1883/1883
f 1883/1883/1883 1786/1786/1786 1884/1884/1884
f 1786/1786/1786 1787/1787/1787 1884/1884/1884
f 1884/1884/1884 1787/1787/1787 1885/1885/1885
f 1787/1787/1787 1788/1788/1788 1885/1885/1885
f 1885/1885/1885 1788/1788/1788 1886/1886/1886
f 1788/1788/1788 1789/1789/1789 1886/1886/1886
f 1886/1886/1886 1789/1789/1789 1887/1887/1887
f 1789/1789/1789 1790/1790/1790 1887/1887/1887
f 1887/1887/1887 1790/1790/1790 1888/1888/1888
f 1790/1790/1790 1791/1791/1791 1888/1888/1888
f 1888/1888/1888 1791/1791/1791 1889/1889/1889
f 1791/1791/1791 1792/1792/1792 1889/1889/1889
f 1889/1889/1889 1792/1792/1792 1890/1890/1890
f 1792/1792/1792 1793/1793/1793 1890/1890/1890
f 1890/1890/1890 1793/1793/1793 1891/1891/1891
f 1793/1793/1793 1794/1794/1794 1891/1891/1891
f 1891/1891/1891 1794/1794/1794 1892/1892/1892
f 1794/1794/1794 1795/1795/1795 1892/1892/1892
f 1892/1892/1892 1795/1795/1795 1893/1893/1893
f 1795/1795/1795 1796/1796/1796 1893/1893/1893
f 1893/1893/1893 1796/1796/1796 1894/1894/1894
f 1796/1796/1796 1797/1797/1797 1894/1894/1894
f 1894/1894/1894 1797/1797/1797 1895/1895/1895
f 1797/1797/1797 1798/1798/1798 1895/1895/1895
f 1895/1895/1895 1798/1798/1798 1896/1896/1896
f 1798/1798/1798 1799/1799/1799 1896/1896/1896
f 1896/1896/1896 1799/1799/1799 1897/1897/1897
f 1799/1799/1799 1800/1800/1800 1897/1897/1897
f 1897/1897/1897 1800/1800/1800 1898/1898/1898
f 1800/1800/1800 1801/1801/1801 1898/1898/1898
f 1898/1898/1898 1801/1801/1801 1899/1899/1899
f 1801/1801/1801 1802/1802/1802 1899/1899/1899
f 1899/1899/1899 1802/1802/1802 1900/1900/1900
f 1802/1802/1802 1803/1803/1803 1900/1900/1900
f 1900/1900/1900 1803/1803/1803 1901/1901/1901
f 1803/1803/1803 1804/1804/1804 1901/1901/1901
f 1901/1901/1901 1804/1804/1804 1902/1902/1902
f 1804/1804/1804 1805/1805/1805 1902/1902/1902
f 1902/1902/1902 1805/1805/1805 1903/1903/1903
f 1805/1805/1805 1806/1806/1806 1903/1903/1903
f 1903/1903/1903 1806/1806/1806 1904/1904/1904
f 1806/1806/1806 1807/1807/1807 1904/1904/1904
f 1904/1904/1904 1807/1807/1807 1905/1905/1905
f 1807/1807/1807 1808/1808/1808 1905/1905/1905
f 1905/1905/1905 1808/1808/1808 1906/1906/1906
f 1808/1808/1808 1809/1809/1809 1906/1906/1906
f 1906/1906/1906 1809/1809/1809 1907/1907/1907
f 1809/1809/1809 1810/1810/1810 1907/1907/1907
f 1907/1907/1907 1810/1810/1810 1908/1908/1908
f 1810/1810/1810 1811/1811/1811 1908/1908/1908
f 1908/1908/1908 1811/1811/1811 1909/1909/1909
f 1811/1811/1811 1812/1812/1812 1909/1909/1909
f 1909/1909/1909 1812/1812/1812 1910/1910/1910
f 1812/1812/1812 1813/1813/1813 1910/1910/1910
f 1910/1910/1910 1813/1813/1813 1911/1911/1911
f 1813/1813/1813 1814/1814/1814 1911/1911/1911
f 1911/1911/1911 1814/1814/1814 1912/1912/1912
f 1814/1814/1814 1815/1815/1815 1912/1912/1912
f 1912/1912/1912 1815/1815/1815 1913/1913/1913
f 1815/1815/1815 1816/1816/1816 1913/1913/1913
f 1913/1913/1913 1816/1816/1816 1914/1914/1914
f 1816/1816/1816 1817/1817/1817 1914/1914/1914
f 1914/1914/1914 1817/1817/1817 1915/1915/1915
f 1817/1817/1817 1818/1818/1818 1915/1915/1915
f 1915/1915/1915 1818/1818/1818 1916/1916/1916
f 1818/1818/1818 1819/1819/1819 1916/1916/1916
f 1916/1916/1916 1819/1819/1819 1917/1917/1917
f 1819/1819/1819 1820/1820/1820 1917/1917/1917
f 1917/1917/1917 1820/1820/1820 1918/1918/1918
f 1820/1820/1820 1821/1821/1821 1918/1918/1918
f 1918/1918/1918 1821/1821/1821 1919/1919/1919
f 1821/1821/1821 1822/1822/1822 1919/1919/1919
f 1919/1919/1919 1822/1822/1822 1920/1920/1920
f 1822/1822/1822 1823/1823/1823 1920/1920/1920
f 1920/1920/1920 1823/1823/1823 1921/1921/1921
f 1823/1823/1823 1824/1824/1824 1921/1921/1921
f 1921/1921/1921 1824/1824/1824 1922/1922/1922
f 1824/1824/1824 1825/1825/1825 1922/1922/1922
f 1922/1922/1922 1825/1825/1825 1923/1923/1923
f 1825/1825/1825 1826/1826/1826 1923/1923/1923
f 1923/1923/1923 1826/1826/1826 1924/1924/1924
f 1826/1826/1826 1827/1827/1827 1924/1924/1924
f 1924/1924/1924 1827/1827/1827 1925/1925/1925
f 1827/1827/1827 1828/1828/1828 1925/1925/1925
f 1925/1925/1925 1828/1828/1828 1926/1926/1926
f 1828/1828/1828 1829/1829/1829 1926/1926/1926
f 1926/1926/1926 1829/1829/1829 1927/1927/1927
f 1829/1829/1829 1830/1830/1830 1927/1927/1927
f 1927/1927/1927 1830/1830/1830 1928/1928/1928
f 1830/1830/1830 1831/1831/1831 1928/1928/1928
f 1928/1928/1928 1831/1831/1831 1929/1929/1929
f 1831/1831/1831 1832/1832/1832 1929/1929/1929
f 1929/1929/1929 1832/1832/1832 1930/1930/1930
f 1832/1832/1832 1833/1833/1833 1930/1930/1930
f 1930/1930/1930 1833/1833/1833 1931/1931/1931
f 1833/1833/1833 1834/1834/1834 1931/1931/1931
f 1931/1931/1931 1834/1834/1834 1932/1932/1932
f 1834/1834/1834 1835/1835/1835 1932/1932/1932
f 1932/1932/1932 1835/1835/1835 1933/1933/1933
f 1835/1835/1835 1836/1836/1836 1933/1933/1933
f 1933/1933/1933 1836/1836/1836 1934/1934/1934
f 1836/1836/1836 1837/1837/1837 1934/1934/1934
f 1934/1934/1934 1837/1837/1837 1935/1935/1935
f 1837/1837/1837 1838/1838/1838 1935/1935/1935
f 1935/1935/1935 1838/1838/1838 1936/1936/1936
f 1838/1838/1838 1839/1839/1839 1936/1936/1936
f 1936/1936/1936 1839/1839/1839 1937/1937/1937
f 1839/1839/1839 1840/1840/1840 1937/1937/1937
f 1937/1937/1937 1840/1840/1840 1938/1938/1938
f 1840/1840/1840 1841/1841/1841 1938/1938/1938
f 1938/1938/1938 1841/1841/1841 1939/1939/1939
f 1841/1841/1841 1842/1842/1842 1939/1939/1939
f 1939/1939/1939 1842/1842/1842 1940/1940/1940
f 1842/1842/1842 1843/1843/1843 1940/1940/1940
f 1941/1941/1941 1844/1844/1844 1942/1942/1942
f 1844/1844/1844 1845/1845/1845 1942/1942/1942
f 1942/1942/1942 1845/1845/1845 1943/1943/1943
f 1845/1845/1845 1846/1846/1846 1943/1943/1943
f 1943/1943/1943 1846/1846/1846 1944/1944/1944
f 1846/1846/1846 1847/1847/1847 1944/1944/1944
f 1944/1944/1944 1847/1847/1847 1945/1945/1945
f 1847/1847/1847 1848/1848/1848 1945/1945/1945
f 1945/1945/1945 1848/1848/1848 1946/1946/1946
f 1848/1848/1848 1849/1849/1849 1946/1946/1946
f 1946/1946/1946 1849/1849/1849 1947/1947/1947
f 1849/1849/1849 1850/1850/1850 1947/1947/1947
f 1947/1947/1947 1850/1850/1850 1948/1948/1948
f 1850/1850/1850 1851/1851/1851 1948/1948/1948
f 1948/1948/1948 1851/1851/1851 1949/1949/1949
f 1851/1851/1851 1852/1852/1852 1949/1949/1949
f 1949/1949/1949 1852/1852/1852 1950/1950/1950
f 1852/1852/1852 1853/1853/1853 1950/1950/1950
f 1950/1950/1950 1853/1853/1853 1951/1951/1951
f 1853/1853/1853 1854/1854/1854 1951/1951/1951
f 1951/1951/1951 1854/1854/1854 1952/1952/1952
f 1854/1854/1854 1855/1855/1855 1952/1952/1952
f 1952/1952/1952 1855/1855/1855 1953/1953/1953
f 1855/1855/1855 1856/1856/1856 1953/1953/1953
f 1953/1953/1953 1856/1856/1856 1954/1954/1954
f 1856/1856/1856 1857/1857/1857 1954/1954/1954
f 1954/1954/1954 1857/1857/1857 1955/1955/1955
f 1857/1857/1857 1858/1858/1858 1955/1955/1955
f 1955/1955/1955 1858/1858/1858 1956/1956/1956
f 1858/1858/1858 1859/1859/1859 1956/1956/1956
f 1956/1956/1956 1859/1859/1859 1957/1957/1957
f 1859/1859/1859 1860/1860/1860 1957/1957/1957
f 1957/1957/1957 1860/1860/1860 1958/1958/1958
f 1860/1860/1860 1861/1861/1861 1958/1958/1958
f 1958/1958/1958 1861/1861/1861 1959/1959/1959
f 1861/1861/1861 1862/1862/1862 1959/1959/1959
f 1959/1959/1959 1862/1862/1862 1960/1960/1960
f 1862/1862/1862 1863/1863/1863 1960/1960/1960
f 1960/1960/1960 1863/1863/1863 1961/1961/1961
f 1863/1863/1863 1864/1864/1864 1961/1961/1961
f 1961/1961/1961 1864/1864/1864 1962/1962/1962
f 1864/1864/1864 1865/1865/1865 1962/1962/1962
f 1962/1962/1962 1865/1865/1865 1963/1963/1963
f 1865/1865/1865 1866/1866/1866 1963/1963/1963
f 1963/1963/1963 1866/1866/1866 1964/1964/1964
f 1866/1866/1866 1867/1867/1867 1964/1964/1964
f 1964/1964/1964 1867/1867/1867 1965/1965/1965
f 1867/1867/1867 1868/1868/1868 1965/1965/1965
f 1965/1965/1965 1868/1868/1868 1966/1966/1966
f 1868/1868/1868 1869/1869/1869 1966/1966/1966
f 1966/1966/1966 1869/1869/1869 1967/1967/1967
f 1869/1869/1869 1870/1870/1870 1967/1967/1967
f 1967/1967/1967 1870/1870/1870 1968/1968/1968
f 1870/1870/1870 1871/1871/1871 1968/1968/1968
f 1968/1968/1968 1871/1871/1871 1969/1969/1969
f 1871/1871/1871 1872/1872/1872 1969/1969/1969
f 1969/1969/1969 1872/1872/1872 1970/1970/1970
f 1872/1872/1872 1873/1873/1873 1970/1970/1970
f 1970/1970/1970 1873/1873/1873 1971/1971/1971
f 1873/1873/1873 1874/1874/1874 1971/1971/1971
f 1971/1971/1971 1874/1874/1874 1972/1972/1972
f 1874/1874/1874 1875/1875/1875 1972/1972/1972
f 1972/1972/1972 1875/1875/1875 1973/1973/1973
f 1875/1875/1875 1876/1876/1876 1973/1973/1973
f 1973/1973/1973 1876/1876/1876 1974/1974/1974
f 1876/1876/1876 1877/1877/1877 1974/1974/1974
f 1974/1974/1974 1877/1877/1877 1975/1975/1975
f 1877/1877/1877 1878/1878/1878 1975/1975/1975
f 1975/1975/1975 1878/1878/1878 1976/1976/1976
f 1878/1878/1878 1879/1879/1879 1976/1976/1976
f 1976/1976/1976 1879/1879/1879 1977/1977/1977
f 1879/1879/1879 1880/1880/1880 1977/1977/1977
f 1977/1977/1977 1880/1880/1880 1978/1978/1978
f 1880/1880/1880 1881/1881/1881 1978/1978/1978
f 1978/1978/1978 1881/1881/1881 1979/1979/1979
f 1881/1881/1881 1882/1882/1882 1979/1979/1979
f 1979/1979/1979 1882/1882/1882 1980/1980/1980
f 1882/1882/1882 1883/1883/1883 1980/1980/1980
f 1980/1980/1980 1883/1883/1883 1981/1981/1981
f 1883/1883/1883 1884/1884/1884 1981/1981/1981
f 1981/1981/1981 1884/1884/1884 1982/1982/1982
f 1884/1884/1884 1885/1885/1885 1982/1982/1982
f 1982/1982/1982 1885/1885/1885 1983/1983/1983
f 1885/1885/1885 1886/1886/1886 1983/1983/1983
f 1983/1983/1983 1886/1886/1886 1984/1984/1984
f 1886/1886/1886 1887/1887/1887 1984/1984/1984
f 1984/1984/1984 1887/1887/1887 1985/1985/1985
f 1887/1887/1887 1888/1888/1888 1985/1985/1985
f 1985/1985/1985 1888/1888/1888 1986/1986/1986
f 1888/1888/1888 1889/1889/1889 1986/1986/1986
f 1986/1986/1986 1889/1889/1889 1987/1987/1987
f 1889/1889/1889 1890/1890/1890 1987/1987/1987
f 1987/1987/1987 1890/1890/1890 1988/1988/1988
f 1890/1890/1890 1891/1891/1891 1988/1988/1988
f 1988/1988/1988 1891/1891/1891 1989/1989/1989
f 1891/1891/1891 1892/1892/1892 1989/1989/1989
f 1989/1989/1989 1892/1892/1892 1990/1990/1990
f 1892/1892/1892 1893/1893/1893 1990/1990/1990
f 1990/1990/1990 1893/1893/1893 1991/1991/1991
f 1893/1893/1893 1894/1894/1894 1991/1991/1991
f 1991/1991/1991 1894/1894/1894 1992/1992/1992
f 1894/1894/1894 1895/1895/1895 1992/1992/1992
f 1992/1992/1992 1895/1895/1895 1993/1993/1993
f 1895/1895/1895 1896/1896/1896 1993/1993/1993
f 1993/1993/1993 1896/1896/1896 1994/1994/1994
f 1896/1896/1896 1897/1897/1897 1994/1994/1994
f 1994/1994/1994 1897/1897/1897 1995/1995/1995
f 1897/1897/1897 1898/1898/1898 1995/1995/1995
f 1995/1995/1995 1898/1898/1898 1996/1996/1996
f 1898/1898/1898 1899/1899/1899 1996/1996/1996
f 1996/1996/1996 1899/1899/1899 1997/1997/1997
f 1899/1899/1899 1900/1900/1900 1997/1997/1997
f 1997/1997/1997 1900/1900/1900 1998/1998/1998
f 1900/1900/1900 1901/1901/1901 1998/1998/1998
f 1998/1998/1998 1901/1901/1901 1999/1999/1999
f 1901/1901/1901 1902/1902/1902 1999/1999/1999
f 1999/1999/1999 1902/1902/1902 2000/2000/2000
f 1902/1902/1902 1903/1903/1903 2000/2000/2000
f 2000/2000/2000 1903/1903/1903 2001/2001/2001
f 1903/1903/1903 1904/1904/1904 2001/2001/2001
f 2001/2001/2001 1904/1904/1904 2002/2002/2002
f 1904/1904/1904 1905/1905/1905 2002/2002/2002
f 2002/2002/2002 1905/1905/1905 2003/2003/2003
f 1905/1905/1905 1906/1906/1906 2003/2003/2003
f 2003/2003/2003 1906/1906/1906 2004/2004/2004
f 1906/1906/1906 1907/1907/1907 2004/2004/2004
f 2004/2004/2004 1907/1907/1907 2005/2005/2005
f 1907/1907/1907 1908/1908/1908 2005/2005/2005
f 2005/2005/2005 1908/1908/1908 2006/2006/2006
f 1908/1908/1908 1909/1909/1909 2006/2006/2006
f 2006/2006/2006 1909/1909/1909 2007/2007/2007
f 1909/1909/1909 1910/1910/1910 2007/2007/2007
f 2007/2007/2007 1910/1910/1910 2008/2008/2008
f 1910/1910/1910 1911/1911/1911 2008/2008/2008
f 2008/2008/2008 1911/1911/1911 2009/2009/2009
f 1911/1911/1911 1912/1912/1912 2009/2009/2009
f 2009/2009/2009 1912/1912/1912 2010/2010/2010
f 1912/1912/1912 1913/1913/1913 2010/2010/2010
f 2010/2010/2010 1913/1913/1913 2011/2011/2011
f 1913/1913/1913 1914/1914/1914 2011/2011/2011
f 2011/2011/2011 1914/1914/1914 2012/2012/2012
f 1914/1914/1914 1915/1915/1915 2012/2012/2012
f 2012/2012/2012 1915/1915/1915 2013/2013/2013
f 1915/1915/1915 1916/1916/1916 2013/2013/2013
f 2013/2013/2013 1916/1916/1916 2014/2014/2014
f 1916/1916/1916 1917/1917/1917 2014/2014/2014
f 2014/2014/2014 1917/1917/1917 2015/2015/2015
f 1917/1917/1917 1918/1918/1918 2015/2015/2015
f 2015/2015/2015 1918/1918/1918 2016/2016/2016
f 1918/1918/1918 1919/1919/1919 2016/2016/2016
f 2016/2016/2016 1919/1919/1919 2017/2017/2017
f 1919/1919/1919 1920/1920/1920 2017/2017/2017
f 2017/2017/2017 1920/1920/1920 2018/2018/2018
f 1920/1920/1920 1921/1921/1921 2018/2018/2018
f 2018/2018/2018 1921/1921/1921 2019/2019/2019
f 1921/1921/1921 1922/1922/1922 2019/2019/2019
f 2019/2019/2019 1922/1922/1922 2020/2020/2020
f 1922/1922/1922 1923/1923/1923 2020/2020/2020
f 2020/2020/2020 1923/1923/1923 2021/2021/2021
f 1923/1923/1923 1924/1924/1924 2021/2021/2021
f 2021/2021/2021 1924/1924/1924 2022/2022/2022
f 1924/1924/1924 1925/1925/1925 2022/2022/2022
f 2022/2022/2022 1925/1925/1925 2023/2023/2023
f 1925/1925/1925 1926/1926/1926 2023/2023/2023
f 2023/2023/2023 1926/1926/1926 2024/2024/2024
f 1926/1926/1926 1927/1927/1927 2024/2024/2024
f 2024/2024/2024 1927/1927/1927 2025/2025/2025
f 1927/1927/1927 1928/1928/1928 2025/2025/2025
f 2025/2025/2025 1928/1928/1928 2026/2026/2026
f 1928/1928/1928 1929/1929/1929 2026/2026/2026
f 2026/2026/2026 1929/1929/1929 2027/2027/2027
f 1929/1929/1929 1930/1930/1930 2027/2027/2027
f 2027/2027/2027 1930/1930/1930 2028/2028/2028
f 1930/1930/1930 1931/1931/1931 2028/2028/2028
f 2028/2028/2028 1931/1931/1931 2029/2029/2029
f 1931/1931/1931 1932/1932/1932 2029/2029/2029
f 2029/2029/2029 1932/1932/1932 2030/2030/2030
f 1932/1932/1932 1933/1933/1933 2030/2030/2030
f 2030/2030/2030 1933/1933/1933 2031/2031/2031
f 1933/1933/1933 1934/1934/1934 2031/2031/2031
f 2031/2031/2031 1934/1934/1934 2032/2032/2032
f 1934/1934/1934 1935/1935/1935 2032/2032/2032
f 2032/2032/2032 1935/1935/1935 2033/2033/2033
f 1935/1935/1935 1936/1936/1936 2033/2033/2033
f 2033/2033/2033 1936/1936/1936 2034/2034/2034
f 1936/1936/1936 1937/1937/1937 2034/2034/2034
f 2034/2034/2034 1937/1937/1937 2035/2035/2035
f 1937/1937/1937 1938/1938/1938 2035/2035/2035
f 2035/2035/2035 1938/1938/1938 2036/2036/2036
f 1938/1938/1938 1939/1939/1939 2036/2036/2036
f 2036/2036/2036 1939/1939/1939 2037/2037/2037
f 1939/1939/1939 1940/1940/1940 2037/2037/2037
o bottom
usemtl paperWhite
v 0 0.001 0
v 0.028999999165534973 0.001 0
v 0.02886035665869713 0.0010000000000000002 -0.002842497080564499
v 0.02844277396798134 0.0010000000000000005 -0.005657619331032038
v 0.027751268818974495 0.0010000000000000005 -0.008418255485594273
v 0.026792505756020546 0.0010000000000000007 -0.011097819544374943
v 0.02557571604847908 0.0010000000000000009 -0.01367050502449274
v 0.02411261945962906 0.001000000000000001 -0.01611153595149517
v 0.022417303174734116 0.001000000000000001 -0.018397405743598938
v 0.02050609700381756 0.0010000000000000013 -0.02050609700381756
v 0.018397405743598938 0.0010000000000000013 -0.022417303174734116
v 0.01611153595149517 0.0010000000000000015 -0.02411261945962906
v 0.01367050502449274 0.0010000000000000015 -0.02557571604847908
v 0.011097819544374943 0.0010000000000000018 -0.026792505756020546
v 0.008418255485594273 0.0010000000000000018 -0.027751268818974495
v 0.005657619331032038 0.0010000000000000018 -0.02844277396798134
v 0.002842497080564499 0.0010000000000000018 -0.02886035665869713
v 1.775737779084177e-18 0.0010000000000000018 -0.028999999165534973
v -0.002842497080564499 0.0010000000000000018 -0.02886035665869713
v -0.005657619331032038 0.0010000000000000018 -0.02844277396798134
v -0.008418255485594273 0.0010000000000000018 -0.027751268818974495
v -0.011097819544374943 0.0010000000000000018 -0.026792505756020546
v -0.01367050502449274 0.0010000000000000015 -0.02557571604847908
v -0.01611153595149517 0.0010000000000000015 -0.02411261945962906
v -0.018397405743598938 0.0010000000000000013 -0.022417303174734116
v -0.02050609700381756 0.0010000000000000013 -0.02050609700381756
v -0.022417303174734116 0.001000000000000001 -0.018397405743598938
v -0.02411261945962906 0.001000000000000001 -0.01611153595149517
v -0.02557571604847908 0.0010000000000000009 -0.01367050502449274
v -0.026792505756020546 0.0010000000000000007 -0.011097819544374943
v -0.027751268818974495 0.0010000000000000005 -0.008418255485594273
v -0.02844277396798134 0.0010000000000000005 -0.005657619331032038
v -0.02886035665869713 0.0010000000000000002 -0.002842497080564499
v -0.028999999165534973 0.001 -3.551475558168354e-18
v -0.02886035665869713 0.0009999999999999998 0.002842497080564499
v -0.02844277396798134 0.0009999999999999996 0.005657619331032038
v -0.027751268818974495 0.0009999999999999996 0.008418255485594273
v -0.026792505756020546 0.0009999999999999994 0.011097819544374943
v -0.02557571604847908 0.0009999999999999992 0.01367050502449274
v -0.02411261945962906 0.000999999999999999 0.01611153595149517
v -0.022417303174734116 0.000999999999999999 0.018397405743598938
v -0.02050609700381756 0.0009999999999999987 0.02050609700381756
v -0.018397405743598938 0.0009999999999999987 0.022417303174734116
v -0.01611153595149517 0.0009999999999999985 0.02411261945962906
v -0.01367050502449274 0.0009999999999999985 0.02557571604847908
v -0.011097819544374943 0.0009999999999999983 0.026792505756020546
v -0.008418255485594273 0.0009999999999999983 0.027751268818974495
v -0.005657619331032038 0.0009999999999999983 0.02844277396798134
v -0.002842497080564499 0.0009999999999999983 0.02886035665869713
v -5.327213544047684e-18 0.0009999999999999983 0.028999999165534973
v 0.002842497080564499 0.0009999999999999983 0.02886035665869713
v 0.005657619331032038 0.0009999999999999983 0.02844277396798134
v 0.008418255485594273 0.0009999999999999983 0.027751268818974495
v 0.011097819544374943 0.0009999999999999983 0.026792505756020546
v 0.01367050502449274 0.0009999999999999985 0.02557571604847908
v 0.01611153595149517 0.0009999999999999985 0.02411261945962906
v 0.018397405743598938 0.0009999999999999987 0.022417303174734116
v 0.02050609700381756 0.0009999999999999987 0.02050609700381756
v 0.022417303174734116 0.000999999999999999 0.018397405743598938
v 0.02411261945962906 0.000999999999999999 0.01611153595149517
v 0.02557571604847908 0.0009999999999999992 0.01367050502449274
v 0.026792505756020546 0.0009999999999999994 0.011097819544374943
v 0.027751268818974495 0.0009999999999999996 0.008418255485594273
v 0.02844277396798134 0.0009999999999999996 0.005657619331032038
v 0.02886035665869713 0.0009999999999999998 0.002842497080564499
v 0.028999999165534973 0.001 7.102951116336708e-18
vt 0.5 0.5
vt 1 0.5
vt 0.9975923895835876 0.5490085482597351
vt 0.9903926253318787 0.5975451469421387
vt 0.9784701466560364 0.6451423168182373
vt 0.9619397521018982 0.6913416981697083
vt 0.9409606456756592 0.7356983423233032
vt 0.9157348275184631 0.7777851223945618
vt 0.8865052461624146 0.8171966671943665
vt 0.8535534143447876 0.8535534143447876
vt 0.8171966671943665 0.8865052461624146
vt 0.7777851223945618 0.9157348275184631
vt 0.7356983423233032 0.9409606456756592
vt 0.6913416981697083 0.9619397521018982
vt 0.6451423168182373 0.9784701466560364
vt 0.5975451469421387 0.9903926253318787
vt 0.5490085482597351 0.9975923895835876
vt 0.5 1
vt 0.4509914219379425 0.9975923895835876
vt 0.40245485305786133 0.9903926253318787
vt 0.3548576533794403 0.9784701466560364
vt 0.30865827202796936 0.9619397521018982
vt 0.2643016278743744 0.9409606456756592
vt 0.22221487760543823 0.9157348275184631
vt 0.18280336260795593 0.8865052461624146
vt 0.1464466154575348 0.8535534143447876
vt 0.11349477618932724 0.8171966671943665
vt 0.08426519483327866 0.7777851223945618
vt 0.059039369225502014 0.7356983423233032
vt 0.03806023299694061 0.6913416981697083
vt 0.02152983285486698 0.6451423168182373
vt 0.009607359766960144 0.5975451469421387
vt 0.0024076367262750864 0.5490085482597351
vt 0 0.5
vt 0.0024076367262750864 0.4509914219379425
vt 0.009607359766960144 0.40245485305786133
vt 0.02152983285486698 0.3548576533794403
vt 0.03806023299694061 0.30865827202796936
vt 0.059039369225502014 0.2643016278743744
vt 0.08426519483327866 0.22221487760543823
vt 0.11349477618932724 0.18280336260795593
vt 0.1464466154575348 0.1464466154575348
vt 0.18280336260795593 0.11349477618932724
vt 0.22221487760543823 0.08426519483327866
vt 0.2643016278743744 0.059039369225502014
vt 0.30865827202796936 0.03806023299694061
vt 0.3548576533794403 0.02152983285486698
vt 0.40245485305786133 0.009607359766960144
vt 0.4509914219379425 0.0024076367262750864
vt 0.5 0
vt 0.5490085482597351 0.0024076367262750864
vt 0.5975451469421387 0.009607359766960144
vt 0.6451423168182373 0.02152983285486698
vt 0.6913416981697083 0.03806023299694061
vt 0.7356983423233032 0.059039369225502014
vt 0.7777851223945618 0.08426519483327866
vt 0.8171966671943665 0.11349477618932724
vt 0.8535534143447876 0.1464466154575348
vt 0.8865052461624146 0.18280336260795593
vt 0.9157348275184631 0.22221487760543823
vt 0.9409606456756592 0.2643016278743744
vt 0.9619397521018982 0.30865827202796936
vt 0.9784701466560364 0.3548576533794403
vt 0.9903926253318787 0.40245485305786133
vt 0.9975923895835876 0.4509914219379425
vt 1 0.5
vn 0 1 6.123234262925839e-17
vn 0 1 6.123234262925839e-17
vn 0 1 6.123234262925839e-17
vn 0 1 6.123234262925839e-17
vn 0 1 6.123234262925839e-17
vn 0 1 6.123234262925839e-17
vn 0 1 6.123234262925839e-17
vn 0 1 6.123234262925839e-17
vn 0 1 6.123234262925839e-17
vn 0 1 6.123234262925839e-17
vn 0 1 6.123234262925839e-17
vn 0 1 6.123234262925839e-17
vn 0 1 6.123234262925839e-17
vn 0 1 6.123234262925839e-17
vn 0 1 6.123234262925839e-17
vn 0 1 6.123234262925839e-17
vn 0 1 6.123234262925839e-17
vn 0 1 6.123234262925839e-17
vn 0 1 6.123234262925839e-17
vn 0 1 6.123234262925839e-17
vn 0 1 6.123234262925839e-17
vn 0 1 6.123234262925839e-17
vn 0 1 6.123234262925839e-17
vn 0 1 6.123234262925839e-17
vn 0 1 6.123234262925839e-17
vn 0 1 6.123234262925839e-17
vn 0 1 6.123234262925839e-17
vn 0 1 6.123234262925839e-17
vn 0 1 6.123234262925839e-17
vn 0 1 6.123234262925839e-17
vn 0 1 6.123234262925839e-17
vn 0 1 6.123234262925839e-17
vn 0 1 6.123234262925839e-17
vn 0 1 6.123234262925839e-17
vn 0 1 6.123234262925839e-17
vn 0 1 6.123234262925839e-17
vn 0 1 6.123234262925839e-17
vn 0 1 6.123234262925839e-17
vn 0 1 6.123234262925839e-17
vn 0 1 6.123234262925839e-17
vn 0 1 6.123234262925839e-17
vn 0 1 6.123234262925839e-17
vn 0 1 6.123234262925839e-17
vn 0 1 6.123234262925839e-17
vn 0 1 6.123234262925839e-17
vn 0 1 6.123234262925839e-17
vn 0 1 6.123234262925839e-17
vn 0 1 6.123234262925839e-17
vn 0 1 6.123234262925839e-17
vn 0 1 6.123234262925839e-17
vn 0 1 6.123234262925839e-17
vn 0 1 6.123234262925839e-17
vn 0 1 6.123234262925839e-17
vn 0 1 6.123234262925839e-17
vn 0 1 6.123234262925839e-17
vn 0 1 6.123234262925839e-17
vn 0 1 6.123234262925839e-17
vn 0 1 6.123234262925839e-17
vn 0 1 6.123234262925839e-17
vn 0 1 6.123234262925839e-17
vn 0 1 6.123234262925839e-17
vn 0 1 6.123234262925839e-17
vn 0 1 6.123234262925839e-17
vn 0 1 6.123234262925839e-17
vn 0 1 6.123234262925839e-17
vn 0 1 6.123234262925839e-17
f 2039/2039/2039 2040/2040/2040 2038/2038/2038
f 2040/2040/2040 2041/2041/2041 2038/2038/2038
f 2041/2041/2041 2042/2042/2042 2038/2038/2038
f 2042/2042/2042 2043/2043/2043 2038/2038/2038
f 2043/2043/2043 2044/2044/2044 2038/2038/2038
f 2044/2044/2044 2045/2045/2045 2038/2038/2038
f 2045/2045/2045 2046/2046/2046 2038/2038/2038
f 2046/2046/2046 2047/2047/2047 2038/2038/2038
f 2047/2047/2047 2048/2048/2048 2038/2038/2038
f 2048/2048/2048 2049/2049/2049 2038/2038/2038
f 2049/2049/2049 2050/2050/2050 2038/2038/2038
f 2050/2050/2050 2051/2051/2051 2038/2038/2038
f 2051/2051/2051 2052/2052/2052 2038/2038/2038
f 2052/2052/2052 2053/2053/2053 2038/2038/2038
f 2053/2053/2053 2054/2054/2054 2038/2038/2038
f 2054/2054/2054 2055/2055/2055 2038/2038/2038
f 2055/2055/2055 2056/2056/2056 2038/2038/2038
f 2056/2056/2056 2057/2057/2057 2038/2038/2038
f 2057/2057/2057 2058/2058/2058 2038/2038/2038
f 2058/2058/2058 2059/2059/2059 2038/2038/2038
f 2059/2059/2059 2060/2060/2060 2038/2038/2038
f 2060/2060/2060 2061/2061/2061 2038/2038/2038
f 2061/2061/2061 2062/2062/2062 2038/2038/2038
f 2062/2062/2062 2063/2063/2063 2038/2038/2038
f 2063/2063/2063 2064/2064/2064 2038/2038/2038
f 2064/2064/2064 2065/2065/2065 2038/2038/2038
f 2065/2065/2065 2066/2066/2066 2038/2038/2038
f 2066/2066/2066 2067/2067/2067 2038/2038/2038
f 2067/2067/2067 2068/2068/2068 2038/2038/2038
f 2068/2068/2068 2069/2069/2069 2038/2038/2038
f 2069/2069/2069 2070/2070/2070 2038/2038/2038
f 2070/2070/2070 2071/2071/2071 2038/2038/2038
f 2071/2071/2071 2072/2072/2072 2038/2038/2038
f 2072/2072/2072 2073/2073/2073 2038/2038/2038
f 2073/2073/2073 2074/2074/2074 2038/2038/2038
f 2074/2074/2074 2075/2075/2075 2038/2038/2038
f 2075/2075/2075 2076/2076/2076 2038/2038/2038
f 2076/2076/2076 2077/2077/2077 2038/2038/2038
f 2077/2077/2077 2078/2078/2078 2038/2038/2038
f 2078/2078/2078 2079/2079/2079 2038/2038/2038
f 2079/2079/2079 2080/2080/2080 2038/2038/2038
f 2080/2080/2080 2081/2081/2081 2038/2038/2038
f 2081/2081/2081 2082/2082/2082 2038/2038/2038
f 2082/2082/2082 2083/2083/2083 2038/2038/2038
f 2083/2083/2083 2084/2084/2084 2038/2038/2038
f 2084/2084/2084 2085/2085/2085 2038/2038/2038
f 2085/2085/2085 2086/2086/2086 2038/2038/2038
f 2086/2086/2086 2087/2087/2087 2038/2038/2038
f 2087/2087/2087 2088/2088/2088 2038/2038/2038
f 2088/2088/2088 2089/2089/2089 2038/2038/2038
f 2089/2089/2089 2090/2090/2090 2038/2038/2038
f 2090/2090/2090 2091/2091/2091 2038/2038/2038
f 2091/2091/2091 2092/2092/2092 2038/2038/2038
f 2092/2092/2092 2093/2093/2093 2038/2038/2038
f 2093/2093/2093 2094/2094/2094 2038/2038/2038
f 2094/2094/2094 2095/2095/2095 2038/2038/2038
f 2095/2095/2095 2096/2096/2096 2038/2038/2038
f 2096/2096/2096 2097/2097/2097 2038/2038/2038
f 2097/2097/2097 2098/2098/2098 2038/2038/2038
f 2098/2098/2098 2099/2099/2099 2038/2038/2038
f 2099/2099/2099 2100/2100/2100 2038/2038/2038
f 2100/2100/2100 2101/2101/2101 2038/2038/2038
f 2101/2101/2101 2102/2102/2102 2038/2038/2038
f 2102/2102/2102 2103/2103/2103 2038/2038/2038
o coffee
usemtl coffee
v 0 0.10400000000000001 0
v 0.039000000804662704 0.10400000000000001 0
v 0.03881220519542694 0.10400000000000001 -0.003822668455541134
v 0.038250625133514404 0.10400000000000001 -0.0076085226610302925
v 0.03732067346572876 0.10400000000000001 -0.011321102268993855
v 0.03603130206465721 0.10400000000000001 -0.014924653805792332
v 0.03439493104815483 0.10400000000000001 -0.018384473398327827
v 0.032427314668893814 0.10400000000000001 -0.0216672383248806
v 0.030147407203912735 0.10400000000000001 -0.024741338565945625
v 0.02757716365158558 0.10400000000000001 -0.02757716365158558
v 0.024741338565945625 0.10400000000000001 -0.030147407203912735
v 0.0216672383248806 0.10400000000000001 -0.032427314668893814
v 0.018384473398327827 0.10400000000000001 -0.03439493104815483
v 0.014924653805792332 0.10400000000000001 -0.03603130206465721
v 0.011321102268993855 0.10400000000000001 -0.03732067346572876
v 0.0076085226610302925 0.10400000000000001 -0.038250625133514404
v 0.003822668455541134 0.10400000000000001 -0.03881220519542694
v 2.388061329453853e-18 0.10400000000000001 -0.039000000804662704
v -0.003822668455541134 0.10400000000000001 -0.03881220519542694
v -0.0076085226610302925 0.10400000000000001 -0.038250625133514404
v -0.011321102268993855 0.10400000000000001 -0.03732067346572876
v -0.014924653805792332 0.10400000000000001 -0.03603130206465721
v -0.018384473398327827 0.10400000000000001 -0.03439493104815483
v -0.0216672383248806 0.10400000000000001 -0.032427314668893814
v -0.024741338565945625 0.10400000000000001 -0.030147407203912735
v -0.02757716365158558 0.10400000000000001 -0.02757716365158558
v -0.030147407203912735 0.10400000000000001 -0.024741338565945625
v -0.032427314668893814 0.10400000000000001 -0.0216672383248806
v -0.03439493104815483 0.10400000000000001 -0.018384473398327827
v -0.03603130206465721 0.10400000000000001 -0.014924653805792332
v -0.03732067346572876 0.10400000000000001 -0.011321102268993855
v -0.038250625133514404 0.10400000000000001 -0.0076085226610302925
v -0.03881220519542694 0.10400000000000001 -0.003822668455541134
v -0.039000000804662704 0.10400000000000001 -4.776122658907706e-18
v -0.03881220519542694 0.10400000000000001 0.003822668455541134
v -0.038250625133514404 0.10400000000000001 0.0076085226610302925
v -0.03732067346572876 0.10400000000000001 0.011321102268993855
v -0.03603130206465721 0.10400000000000001 0.014924653805792332
v -0.03439493104815483 0.10400000000000001 0.018384473398327827
v -0.032427314668893814 0.10400000000000001 0.0216672383248806
v -0.030147407203912735 0.10400000000000001 0.024741338565945625
v -0.02757716365158558 0.10400000000000001 0.02757716365158558
v -0.024741338565945625 0.10400000000000001 0.030147407203912735
v -0.0216672383248806 0.10400000000000001 0.032427314668893814
v -0.018384473398327827 0.10400000000000001 0.03439493104815483
v -0.014924653805792332 0.10400000000000001 0.03603130206465721
v -0.011321102268993855 0.10400000000000001 0.03732067346572876
v -0.0076085226610302925 0.10400000000000001 0.038250625133514404
v -0.003822668455541134 0.10400000000000001 0.03881220519542694
v -7.164183988361558e-18 0.10400000000000001 0.039000000804662704
v 0.003822668455541134 0.10400000000000001 0.03881220519542694
v 0.0076085226610302925 0.10400000000000001 0.038250625133514404
v 0.011321102268993855 0.10400000000000001 0.03732067346572876
v 0.014924653805792332 0.10400000000000001 0.03603130206465721
v 0.018384473398327827 0.10400000000000001 0.03439493104815483
v 0.0216672383248806 0.10400000000000001 0.032427314668893814
v 0.024741338565945625 0.10400000000000001 0.030147407203912735
v 0.02757716365158558 0.10400000000000001 0.02757716365158558
v 0.030147407203912735 0.10400000000000001 0.024741338565945625
v 0.032427314668893814 0.10400000000000001 0.0216672383248806
v 0.03439493104815483 0.10400000000000001 0.018384473398327827
v 0.03603130206465721 0.10400000000000001 0.014924653805792332
v 0.03732067346572876 0.10400000000000001 0.011321102268993855
v 0.038250625133514404 0.10400000000000001 0.0076085226610302925
v 0.03881220519542694 0.10400000000000001 0.003822668455541134
v 0.039000000804662704 0.10400000000000001 9.552245317815411e-18
vt 0.5 0.5
vt 1 0.5
vt 0.9975923895835876 0.5490085482597351
vt 0.9903926253318787 0.5975451469421387
vt 0.9784701466560364 0.6451423168182373
vt 0.9619397521018982 0.6913416981697083
vt 0.9409606456756592 0.7356983423233032
vt 0.9157348275184631 0.7777851223945618
vt 0.8865052461624146 0.8171966671943665
vt 0.8535534143447876 0.8535534143447876
vt 0.8171966671943665 0.8865052461624146
vt 0.7777851223945618 0.9157348275184631
vt 0.7356983423233032 0.9409606456756592
vt 0.6913416981697083 0.9619397521018982
vt 0.6451423168182373 0.9784701466560364
vt 0.5975451469421387 0.9903926253318787
vt 0.5490085482597351 0.9975923895835876
vt 0.5 1
vt 0.4509914219379425 0.9975923895835876
vt 0.40245485305786133 0.9903926253318787
vt 0.3548576533794403 0.9784701466560364
vt 0.30865827202796936 0.9619397521018982
vt 0.2643016278743744 0.9409606456756592
vt 0.22221487760543823 0.9157348275184631
vt 0.18280336260795593 0.8865052461624146
vt 0.1464466154575348 0.8535534143447876
vt 0.11349477618932724 0.8171966671943665
vt 0.08426519483327866 0.7777851223945618
vt 0.059039369225502014 0.7356983423233032
vt 0.03806023299694061 0.6913416981697083
vt 0.02152983285486698 0.6451423168182373
vt 0.009607359766960144 0.5975451469421387
vt 0.0024076367262750864 0.5490085482597351
vt 0 0.5
vt 0.0024076367262750864 0.4509914219379425
vt 0.009607359766960144 0.40245485305786133
vt 0.02152983285486698 0.3548576533794403
vt 0.03806023299694061 0.30865827202796936
vt 0.059039369225502014 0.2643016278743744
vt 0.08426519483327866 0.22221487760543823
vt 0.11349477618932724 0.18280336260795593
vt 0.1464466154575348 0.1464466154575348
vt 0.18280336260795593 0.11349477618932724
vt 0.22221487760543823 0.08426519483327866
vt 0.2643016278743744 0.059039369225502014
vt 0.30865827202796936 0.03806023299694061
vt 0.3548576533794403 0.02152983285486698
vt 0.40245485305786133 0.009607359766960144
vt 0.4509914219379425 0.0024076367262750864
vt 0.5 0
vt 0.5490085482597351 0.0024076367262750864
vt 0.5975451469421387 0.009607359766960144
vt 0.6451423168182373 0.02152983285486698
vt 0.6913416981697083 0.03806023299694061
vt 0.7356983423233032 0.059039369225502014
vt 0.7777851223945618 0.08426519483327866
vt 0.8171966671943665 0.11349477618932724
vt 0.8535534143447876 0.1464466154575348
vt 0.8865052461624146 0.18280336260795593
vt 0.9157348275184631 0.22221487760543823
vt 0.9409606456756592 0.2643016278743744
vt 0.9619397521018982 0.30865827202796936
vt 0.9784701466560364 0.3548576533794403
vt 0.9903926253318787 0.40245485305786133
vt 0.9975923895835876 0.4509914219379425
vt 1 0.5
vn 0 1 6.123234262925839e-17
vn 0 1 6.123234262925839e-17
vn 0 1 6.123234262925839e-17
vn 0 1 6.123234262925839e-17
vn 0 1 6.123234262925839e-17
vn 0 1 6.123234262925839e-17
vn 0 1 6.123234262925839e-17
vn 0 1 6.123234262925839e-17
vn 0 1 6.123234262925839e-17
vn 0 1 6.123234262925839e-17
vn 0 1 6.123234262925839e-17
vn 0 1 6.123234262925839e-17
vn 0 1 6.123234262925839e-17
vn 0 1 6.123234262925839e-17
vn 0 1 6.123234262925839e-17
vn 0 1 6.123234262925839e-17
vn 0 1 6.123234262925839e-17
vn 0 1 6.123234262925839e-17
vn 0 1 6.123234262925839e-17
vn 0 1 6.123234262925839e-17
vn 0 1 6.123234262925839e-17
vn 0 1 6.123234262925839e-17
vn 0 1 6.123234262925839e-17
vn 0 1 6.123234262925839e-17
vn 0 1 6.123234262925839e-17
vn 0 1 6.123234262925839e-17
vn 0 1 6.123234262925839e-17
vn 0 1 6.123234262925839e-17
vn 0 1 6.123234262925839e-17
vn 0 1 6.123234262925839e-17
vn 0 1 6.123234262925839e-17
vn 0 1 6.123234262925839e-17
vn 0 1 6.123234262925839e-17
vn 0 1 6.123234262925839e-17
vn 0 1 6.123234262925839e-17
vn 0 1 6.123234262925839e-17
vn 0 1 6.123234262925839e-17
vn 0 1 6.123234262925839e-17
vn 0 1 6.123234262925839e-17
vn 0 1 6.123234262925839e-17
vn 0 1 6.123234262925839e-17
vn 0 1 6.123234262925839e-17
vn 0 1 6.123234262925839e-17
vn 0 1 6.123234262925839e-17
vn 0 1 6.123234262925839e-17
vn 0 1 6.123234262925839e-17
vn 0 1 6.123234262925839e-17
vn 0 1 6.123234262925839e-17
vn 0 1 6.123234262925839e-17
vn 0 1 6.123234262925839e-17
vn 0 1 6.123234262925839e-17
vn 0 1 6.123234262925839e-17
vn 0 1 6.123234262925839e-17
vn 0 1 6.123234262925839e-17
vn 0 1 6.123234262925839e-17
vn 0 1 6.123234262925839e-17
vn 0 1 6.123234262925839e-17
vn 0 1 6.123234262925839e-17
vn 0 1 6.123234262925839e-17
vn 0 1 6.123234262925839e-17
vn 0 1 6.123234262925839e-17
vn 0 1 6.123234262925839e-17
vn 0 1 6.123234262925839e-17
vn 0 1 6.123234262925839e-17
vn 0 1 6.123234262925839e-17
vn 0 1 6.123234262925839e-17
f 2105/2105/2105 2106/2106/2106 2104/2104/2104
f 2106/2106/2106 2107/2107/2107 2104/2104/2104
f 2107/2107/2107 2108/2108/2108 2104/2104/2104
f 2108/2108/2108 2109/2109/2109 2104/2104/2104
f 2109/2109/2109 2110/2110/2110 2104/2104/2104
f 2110/2110/2110 2111/2111/2111 2104/2104/2104
f 2111/2111/2111 2112/2112/2112 2104/2104/2104
f 2112/2112/2112 2113/2113/2113 2104/2104/2104
f 2113/2113/2113 2114/2114/2114 2104/2104/2104
f 2114/2114/2114 2115/2115/2115 2104/2104/2104
f 2115/2115/2115 2116/2116/2116 2104/2104/2104
f 2116/2116/2116 2117/2117/2117 2104/2104/2104
f 2117/2117/2117 2118/2118/2118 2104/2104/2104
f 2118/2118/2118 2119/2119/2119 2104/2104/2104
f 2119/2119/2119 2120/2120/2120 2104/2104/2104
f 2120/2120/2120 2121/2121/2121 2104/2104/2104
f 2121/2121/2121 2122/2122/2122 2104/2104/2104
f 2122/2122/2122 2123/2123/2123 2104/2104/2104
f 2123/2123/2123 2124/2124/2124 2104/2104/2104
f 2124/2124/2124 2125/2125/2125 2104/2104/2104
f 2125/2125/2125 2126/2126/2126 2104/2104/2104
f 2126/2126/2126 2127/2127/2127 2104/2104/2104
f 2127/2127/2127 2128/2128/2128 2104/2104/2104
f 2128/2128/2128 2129/2129/2129 2104/2104/2104
f 2129/2129/2129 2130/2130/2130 2104/2104/2104
f 2130/2130/2130 2131/2131/2131 2104/2104/2104
f 2131/2131/2131 2132/2132/2132 2104/2104/2104
f 2132/2132/2132 2133/2133/2133 2104/2104/2104
f 2133/2133/2133 2134/2134/2134 2104/2104/2104
f 2134/2134/2134 2135/2135/2135 2104/2104/2104
f 2135/2135/2135 2136/2136/2136 2104/2104/2104
f 2136/2136/2136 2137/2137/2137 2104/2104/2104
f 2137/2137/2137 2138/2138/2138 2104/2104/2104
f 2138/2138/2138 2139/2139/2139 2104/2104/2104
f 2139/2139/2139 2140/2140/2140 2104/2104/2104
f 2140/2140/2140 2141/2141/2141 2104/2104/2104
f 2141/2141/2141 2142/2142/2142 2104/2104/2104
f 2142/2142/2142 2143/2143/2143 2104/2104/2104
f 2143/2143/2143 2144/2144/2144 2104/2104/2104
f 2144/2144/2144 2145/2145/2145 2104/2104/2104
f 2145/2145/2145 2146/2146/2146 2104/2104/2104
f 2146/2146/2146 2147/2147/2147 2104/2104/2104
f 2147/2147/2147 2148/2148/2148 2104/2104/2104
f 2148/2148/2148 2149/2149/2149 2104/2104/2104
f 2149/2149/2149 2150/2150/2150 2104/2104/2104
f 2150/2150/2150 2151/2151/2151 2104/2104/2104
f 2151/2151/2151 2152/2152/2152 2104/2104/2104
f 2152/2152/2152 2153/2153/2153 2104/2104/2104
f 2153/2153/2153 2154/2154/2154 2104/2104/2104
f 2154/2154/2154 2155/2155/2155 2104/2104/2104
f 2155/2155/2155 2156/2156/2156 2104/2104/2104
f 2156/2156/2156 2157/2157/2157 2104/2104/2104
f 2157/2157/2157 2158/2158/2158 2104/2104/2104
f 2158/2158/2158 2159/2159/2159 2104/2104/2104
f 2159/2159/2159 2160/2160/2160 2104/2104/2104
f 2160/2160/2160 2161/2161/2161 2104/2104/2104
f 2161/2161/2161 2162/2162/2162 2104/2104/2104
f 2162/2162/2162 2163/2163/2163 2104/2104/2104
f 2163/2163/2163 2164/2164/2164 2104/2104/2104
f 2164/2164/2164 2165/2165/2165 2104/2104/2104
f 2165/2165/2165 2166/2166/2166 2104/2104/2104
f 2166/2166/2166 2167/2167/2167 2104/2104/2104
f 2167/2167/2167 2168/2168/2168 2104/2104/2104
f 2168/2168/2168 2169/2169/2169 2104/2104/2104
